10 hikes~fides_delim~https://www.10adventures.com/~fides_delim~10Adventures: Find Your Next Adventure~fides_delim~Plan your trip using <em>10Adventures</em>. Whether you're <em>hiking</em>, <em>backpacking</em>, mountain biking, or snowshoeing, use our free route guides with GPS tracks to plan your ...~fides_delim~totalcount
10 hikes~fides_delim~https://www.earthtrekkers.com/best-day-hikes-in-the-world/~fides_delim~20 Best Day Hikes in the World - Earth Trekkers~fides_delim~20 <em>Best</em> Day <em>Hikes</em> in the World · 1. The Zion Narrows · 2. Trolltunga · 3. Angels Landing · 4. Inca Trail, Machu Picchu · 5. Puez-Odle Altopiano, ...~fides_delim~totalcount
10 hikes~fides_delim~https://www.alltrails.com/us/arizona/sedona~fides_delim~Best 10 Trails and Hikes in Sedona | AllTrails~fides_delim~Whether you're getting ready to <em>hike</em>, bike, trail run, or explore other outdoor activities, AllTrails has 252 scenic trails in the Sedona ...~fides_delim~totalcount
10 hikes~fides_delim~https://www.alltrails.com/hawaii/oahu~fides_delim~2023 Best 10 Trails and Hikes in Oahu | AllTrails~fides_delim~AllTrails has 252 <em>hiking</em> trails, mountain biking routes, <em>backpacking</em> trips and more. Discover hand-curated trail maps, along with reviews ...~fides_delim~totalcount
10 hikes~fides_delim~https://www.sunset.com/travel/outdoor-adventure/best-hikes-west~fides_delim~The 10 Hikes to Do Before You Die - Sunset Magazine~fides_delim~The <em>10 Hikes</em> You Need to Do Before You Die · Na Pali Coast, Hawaii · Angels Landing, Utah · Delta Lake, Wyoming · Antelope Canyon, Arizona · Grinnell ...~fides_delim~totalcount
10 hikes~fides_delim~https://theplanetd.com/best-hikes-in-the-united-states/~fides_delim~24 Best Hikes in the USA to Add to Your Bucket List~fides_delim~24 <em>Best Hikes</em> in the USA to Add to Your Bucket list · 1. Tongass National Forest – Alaska · 2. Yosemite National Park – California · 3. Mount ...~fides_delim~totalcount
10 hikes~fides_delim~https://www.njhiking.com/top-10-hikes-nj/~fides_delim~Top 10 Hikes in NJ | njHiking.com~fides_delim~The top <em>10</em> most popular <em>hikes</em> in New Jersey, ranked by visitor traffic ... <em>Hike</em> through some of the prettiest sections of New Jersey's Pine ...~fides_delim~totalcount
10 hikes~fides_delim~https://www.travelandleisure.com/trip-ideas/adventure-travel/best-hikes-in-america~fides_delim~18 Best Hikes in the U.S. - Travel + Leisure~fides_delim~Nugget Falls Trail, Tongass National Forest · Appalachian Trail, Shenandoah National Park · Burroughs Mountain <em>Hike</em>, Mount Rainier National Park.~fides_delim~totalcount
10 hikes~fides_delim~https://www.sfchronicle.com/projects/guide/best-bay-area-hikes-alltrails/~fides_delim~10 best Bay Area hikes, according to 600,000 AllTrails reviews~fides_delim~The 10 <em>best hiking</em> trails in the Bay Area, according to 600,000 reviews · Dipsea Trail to Steep Ravine Trail Loop from Stinson · Pomo Canyon Trail ...~fides_delim~totalcount
10 hikes~fides_delim~https://www.visitmt.com/places-to-go/glacier-national-park/top-10-hikes-in-glacier~fides_delim~Top Ten Hikes in Glacier - Visit Montana~fides_delim~TOP <em>10 HIKES</em> IN GLACIER. Jake Bramante. In 2011, Jake Bramante became the first person to hike all 734 miles of trail in Glacier National Park in one summer ...~fides_delim~totalcount
10 hikes~fides_delim~https://www.visitmt.com/places-to-go/yellowstone-national-park/top-10-hikes-in-yellowstone~fides_delim~Top 10 Hikes in Yellowstone National Park - Visit Montana~fides_delim~Top <em>10 Hikes</em> in Yellowstone. Jake Bramante. In 2011, Jake Bramante became the first person to hike all 734 miles of trail in Glacier National Park in one ...~fides_delim~totalcount
10 hikes~fides_delim~https://uprootedtraveler.com/best-hikes-in-maui/~fides_delim~Best Hikes in Maui: 8 Trails to Add to Your Hawaii Bucket List~fides_delim~woman hiking towards a volcano crater on maui hawaii ... Pa Ka'oao is one of the <em>best hikes</em> in Maui for families or beginner hikers, ...~fides_delim~totalcount
10 hikes~fides_delim~https://www.atlantatrails.com/hiking-trails/atlantas-best-hiking-trails-our-top-10-favorite-hikes/~fides_delim~Atlanta&#39;s Best Hiking Trails - our top 10 favorite hikes~fides_delim~<em>Hike</em> our top <em>10</em> favorite Atlanta <em>hiking</em> trails, all within 40 miles of the city. Explore gorgeous forest, rolling terrain, and scenic rivers near Atlanta.~fides_delim~totalcount
10 hikes~fides_delim~https://www.hikinginglacier.com/glacier-top-ten-hikes.htm~fides_delim~Best Hikes in Glacier National Park~fides_delim~Based on many years of hiking throughout the park we've developed a list of our personal favorite top <em>ten hikes</em> in Glacier National Park. Veteran and new ...~fides_delim~totalcount
10 hikes~fides_delim~https://blog.virginia.org/2020/06/must-do-hikes/~fides_delim~10 Must Do Hikes in Shenandoah National Park~fides_delim~<em>10</em> Must Do <em>Hikes</em> in Shenandoah National Park. Appalachian Trail, <em>Hiking</em>, Outdoors, Shenandoah Valley, Travel Ideas / June 7, 2020 by Johnny Molloy ...~fides_delim~totalcount
10 hikes~fides_delim~https://www.visitphoenix.com/sonoran-desert/hiking/best-hikes-in-phoenix/~fides_delim~Best Hikes In and Around Phoenix | VisitPhoenix.com~fides_delim~Want to go <em>hiking</em> In Phoenix? Find <em>hikes</em> for all skill levels, including the Double Butte Loop and the Pinnacle Peak Trail. See our listings to plan your ...~fides_delim~totalcount
10 hikes~fides_delim~https://www.anchorage.net/blog/post/top-10-anchorage-hiking-trails/~fides_delim~Top 10 Anchorage Hiking Trails~fides_delim~<em>Hiking</em> in Alaska can mean a short walk, a multiday trek, or anything in between. Which one is the <em>best</em> fit? Consider these Anchorage <em>hikes</em> as you plan your ...~fides_delim~totalcount
10 hikes~fides_delim~https://hikinginthesmokys.com/best-smoky-mountain-hiking-trails/~fides_delim~Top 10 Hikes in the Great Smoky Mountains~fides_delim~The <em>Best Hikes</em> in the Smokies. Our list of the best Smoky Mountain hikes was developed from our many years of hiking in the park.~fides_delim~totalcount
10 hikes~fides_delim~https://approachableoutdoors.com/kylie-bearse/10-best-hikes-for-colorado-visitors/~fides_delim~10 Best Hikes for Colorado Visitors - Approachable Outdoors~fides_delim~Hiking at elevation can be challenging, even for those who live in Colorado. Here are my Top <em>10 Hikes</em> for friends and family visiting from out of state who ...~fides_delim~totalcount
10 hikes~fides_delim~http://www.rockymountainhikingtrails.com/rocky-mountain-top-10-hikes.htm~fides_delim~Best Hikes in Rocky Mountain National Park | Top 10 ...~fides_delim~<em>Best Hikes</em> in Rocky Mountain National Park. Our list of The Top <em>10 Hikes</em> in Rocky Mountain National Park was developed from many years of hiking in the ...~fides_delim~totalcount
10 hikes~fides_delim~https://www.phillymag.com/be-well-philly/waterfall-hikes/~fides_delim~10 Hikes Near Philly With Waterfalls and Gorgeous Views~fides_delim~Find <em>hiking</em> near Philadelphia and strut your stuff straight from the city, right into nature with these <em>10</em> gorgeous <em>hikes</em> near Philly.~fides_delim~totalcount
10 hikes~fides_delim~https://www.lonelyplanet.com/articles/best-hikes-in-maine~fides_delim~10 of the best hikes in Maine - Lonely Planet~fides_delim~Maine has a superb network of <em>hiking</em> trails. From short family-friendly walks to multi-day mountain adventures, find the <em>best</em> route for you with our guide.~fides_delim~totalcount
10 hikes~fides_delim~https://www.visitthecatskills.com/hiking~fides_delim~The Catskills Are Home to the Best Hikes In New York~fides_delim~The Catskills are a <em>hiking</em> mecca and offer various opportunities for <em>hikers</em> of all levels. Visit the official NY state site for the Catskills.~fides_delim~totalcount
10 hikes~fides_delim~https://americanhiking.org/rootsrated/10-best-hikes-in-ohio/~fides_delim~10 Best Hikes in Ohio - American Hiking Society~fides_delim~A <em>hike</em> enjoyed in one of Ohio's many state parks or nature preserves is sure to awaken the senses and leave you begging for more. Here is a list of <em>10</em> of the ...~fides_delim~totalcount
10 hikes~fides_delim~https://ashevilletrails.com/asheville-hiking-favorite-top-ten-trails/~fides_delim~Asheville hiking - our top 10 favorite trails~fides_delim~Explore lush forests, view-packed mountain summits, and tumbling waterfalls on our top <em>ten</em> favorite <em>hikes</em> within 40 miles of downtown Asheville.~fides_delim~totalcount
10 hikes~fides_delim~https://www.journeyera.com/best-hikes-kauai-hawaii/~fides_delim~15 BEST HIKES ON KAUAI, HAWAII - Journey Era~fides_delim~The 15 <em>best hikes</em> on Kauai. From epic waterfall hikes to unbelievable ridges of the Na Pali Coast, this is your Kauai Hiking Guide.~fides_delim~totalcount
10 hikes~fides_delim~https://www.wellplannedjourney.com/best-hikes-in-yellowstone/~fides_delim~15 Best Hikes in Yellowstone National Park~fides_delim~Discover the <em>best hikes</em> in Yellowstone National Park! This guide covers popular and off-the-beaten-path trails, plus exclusive hiking tips!~fides_delim~totalcount
10 hikes~fides_delim~https://www.roadaffair.com/best-hikes-in-the-world/~fides_delim~50 Best Hikes in the World to Put on Your Bucket List~fides_delim~50 <em>Best Hikes</em> in the World to Put on Your Bucket List · 1. Torres del Paine W Circuit · 2. Inca Trail · 3. Grand Canyon Rim-to-Rim Hike · 4. Everest ...~fides_delim~totalcount
10 hikes~fides_delim~https://www.tetonhikingtrails.com/grand-teton-top-10-hikes.htm~fides_delim~Top 10 Hikes in Grand Teton National Park~fides_delim~<em>Best Hikes</em> in Grand Teton National Park. Our list of The Top <em>10 Hikes</em> in Grand Teton National Park was derived from our many years of hiking in the park.~fides_delim~totalcount
10 hikes~fides_delim~https://bigislandhikes.com/best-hikes-big-island~fides_delim~Best Hikes - Big Island Hikes~fides_delim~<em>Best Hikes</em>: Big Island of Hawai'i. This list of <em>best hikes</em> is geared toward a first-time visitor to the Big Island. Pololū Valley - Kohala - A short hike to ...~fides_delim~totalcount
10 hikes~fides_delim~https://www.theoutbound.com/katie-y-2/the-10-best-hikes-near-nashville-tn~fides_delim~The 10 Best Hikes near Nashville, TN - The Outbound~fides_delim~The 10 <em>Best Hikes</em> near Nashville, TN. Want to see a little bit of what Tennessee has to offer for some outdoor fun? Here are some great hiking and swimming ...~fides_delim~totalcount
10 hikes~fides_delim~https://www.ctvisit.com/articles/connecticuts-top-10-hiking-trails~fides_delim~Connecticut&#39;s Top 10 Hiking Trails | Visit CT~fides_delim~Connecticut today is crisscrossed by hundreds of miles of hiking trails. These <em>10 hikes</em> run through high land and low, across difficult and easy terrain, ...~fides_delim~totalcount
10 hikes~fides_delim~https://www.timeout.com/austin/things-to-do/best-hikes-in-austin~fides_delim~10 Best Places for Hiking in Austin - Time Out~fides_delim~The <em>best</em> places to <em>hike</em> in Austin. Pack your <em>hiking</em> shoes: here are the <em>best</em> trails and outdoor spaces to enjoy Austin's great outdoors. Written ...~fides_delim~totalcount
10 hikes~fides_delim~https://www.prideofmaui.com/blog/activities/top-10-hikes-in-maui~fides_delim~Top 10 Hikes in Maui | Maui Hiking and Trail Guide~fides_delim~<em>Best</em> places to <em>hike</em> on Maui · 'Iao Valley State Park Central Maui, 1/2-1.8 miles · Haleakala - Sliding Sands Trail Haleakala Crater, <em>10</em> miles · Pipiwai Trail-Oheo ...~fides_delim~totalcount
10 hikes~fides_delim~https://www.thebrokebackpacker.com/best-hikes-in-the-usa/~fides_delim~The Best Hikes in the USA (25 EPIC Treks for 2022)~fides_delim~<em>Best Hiking</em> Trails in the USA: Find Your Adventure in 2020. 1. Lost Coast Trail, California. Length: 24.6 miles (39.6km); Days: 3-4.~fides_delim~totalcount
10 hikes~fides_delim~https://www.wilderness.org/articles/article/10-best-hikes-pacific-northwest-wilderness~fides_delim~10 best hikes in Pacific Northwest Wilderness~fides_delim~10 <em>best hikes</em> in Pacific Northwest Wilderness ... Even though the Granite Mountain Trail is a more strenuous hike, with a 3,800 foot climb over 4.3 miles, ...~fides_delim~totalcount
10 hikes~fides_delim~https://dayhikesneardenver.com/10-best-hikes-visiting-colorado/~fides_delim~10 Best Hikes When Visiting Colorado~fides_delim~Where to <em>hike</em> on vacation in Colorado? Here's a top <em>10</em> of list <em>hikes</em> when visiting Colorado. These trails include waterfalls, lakes, and mountain views.~fides_delim~totalcount
10 hikes~fides_delim~https://thewholeu.uw.edu/2022/07/20/top-10-hikes-in-washington/~fides_delim~Top 10 Hikes in Washington State | The Whole U~fides_delim~Twin FallsRattlesnake LedgeLime Kiln TrailPoo Poo PointBandera MountainWallace FallsMailbox PeakLoowit Falls~fides_delim~totalcount
10 hikes~fides_delim~https://www.newinlynchburg.com/blogs/top-10-hikes-near-lynchburg-va~fides_delim~Top 10 best Hikes Near Lynchburg, VA~fides_delim~Here's a list of the 10 <em>best hikes</em> in Lynchburg, VA. The Lynchburg area has some of the <em>best hiking</em> in the country. With hikes along the Appalachian Trail ...~fides_delim~totalcount
10 hikes~fides_delim~https://bearfoottheory.com/best-hikes-in-utah/~fides_delim~Best Hikes in Utah: 20 Epic Trails - MAPPED! - Bearfoot Theory~fides_delim~Map of the <em>Best</em> Utah <em>Hikes</em>. Our favorite Utah <em>hiking</em> trails detailed below are all marked on this map. Click the icons on the map to get more ...~fides_delim~totalcount
10 hikes~fides_delim~https://www.thetravel.com/most-beautiful-hiking-trails-in-the-world/~fides_delim~10 Of The Most Beautiful Hiking Trails In The World As Of 2023~fides_delim~<em>10</em> Of The Most Beautiful <em>Hiking</em> Trails In The World As Of 2023 · <em>10</em> The Inca Trail, Peru · 9 Kalalau Trail, Hawaii, United States · 8 Milford Track ...~fides_delim~totalcount
10 hikes~fides_delim~https://www.hawaii-guide.com/kauai/hiking-trails~fides_delim~Kauai Hiking Trails Guide~fides_delim~Best Places to Hike on Kauai. The island of Kauai is home to some of the <em>best hiking</em> trails in the entire state of Hawaii, if not the world. If you like ...~fides_delim~totalcount
10 hikes~fides_delim~https://www.healthyklamath.org/10-Best-Hikes-In-And-Near-Klamath-Falls~fides_delim~10 Best Hikes In and Near Klamath Falls~fides_delim~The <em>Best Hikes</em> In and Near Klamath Falls · 1) Lower Klamath Basin Trail · 2) Mountain Lakes Loop Trail · 3) Brown Mountain Trail · 4) Mount McLoughlin Trail · 5) ...~fides_delim~totalcount
10 hikes~fides_delim~https://www.themanual.com/outdoors/best-hikes/~fides_delim~10 Best Hikes in the United States in 2022 - The Manual~fides_delim~<em>Best</em> Slot Canyon <em>Hike</em>. The Narrows (Zion National Park, Utah). <em>Hiking</em> The Narrows in Zion National Park, Utah. Zion National Park is one ...~fides_delim~totalcount
10 hikes~fides_delim~https://www.switchbacktravel.com/el-chalten-hikes~fides_delim~Best Hikes in El Chaltén, Argentina | Switchback Travel~fides_delim~See our guide to the <em>best hikes</em> in El Chaltén, Argentina, including day hikes from easy to challenging, backpacking trips, and important logistics.~fides_delim~totalcount
10 hikes~fides_delim~https://www.femalehiker.com/hikes/10-best-hikes-in-phoenix/~fides_delim~10 Best Hikes in Phoenix - The Modern Female Hiker~fides_delim~Why <em>Hike</em> in Phoenix. Arizona is home to some of the most famous <em>hiking</em> destinations in the U.S. Places like the Grand Canyon and Sedona usually steal the ...~fides_delim~totalcount
10 hikes~fides_delim~https://modernhiker.com/best-hikes-in-los-angeles/~fides_delim~Best Hikes in Los Angeles - Modern Hiker~fides_delim~Be sure to investigate <em>Best Hike</em> drop-down menu for lists like the 5 Best L.A. Hikes for Beginners, and check out the Trail Map for Los Angeles County for a ...~fides_delim~totalcount
10 hikes~fides_delim~https://toredrivergorge.com/top-10/top-10-hikes-in-red-river-gorge/~fides_delim~Top 10 Hikes in Red River Gorge~fides_delim~These are what we consider the "<em>best hikes</em> in Red River Gorge." Please note, several of these hikes are a combination of 2 or more smaller hikes or walks ...~fides_delim~totalcount
10 hikes~fides_delim~https://www.visittucson.org/blog/post/10-great-hikes/~fides_delim~10 Great Hikes In Tucson, AZ | The Window &amp; Tumamoc Hill~fides_delim~Explore <em>ten</em> great <em>hikes</em> around Tucson, AZ and discover unforgettable desert trails at The Window, Tumamoc Hill, Tanque Verde Falls and Mount ...~fides_delim~totalcount
10 hikes~fides_delim~https://www.santacruz.org/blog/put-your-best-foot-forward-santa-cruz-countys-top-5-hikes-2/~fides_delim~SANTA CRUZ COUNTY&#39;S TOP 5 HIKES~fides_delim~PUT YOUR <em>BEST</em> FOOT FORWARD: SANTA CRUZ COUNTY'S TOP 5 <em>HIKES</em>. Santa Cruz County is home to rugged coastline, majestic redwoods, and trails to secret beaches ...~fides_delim~totalcount
10 hikes~fides_delim~https://new.sewanee.edu/campus-life/sewanee-outing-program/our-10-favorite-hikes/~fides_delim~Our 10 favorite hikes | The University of the South - Sewanee~fides_delim~The Domain is home to more than 50 miles of <em>hiking</em> trails. The signature Perimeter Trail, is a 19-mile loop that circles much of ... Our <em>10</em> favorite <em>hikes</em>.~fides_delim~totalcount
10 hikes~fides_delim~https://theworldtravelguy.com/best-hikes-on-oahu-hawaii-top-oahu-hikes-and-hiking-trails/~fides_delim~26 Best Hikes In Oahu Hawaii: Top Oahu Hikes &amp; Hiking Trails~fides_delim~Oahu may be the busiest Hawaiian island, but there are still some great Oahu hikes &amp; hiking trails. Here are the <em>best hikes</em> in Oahu Hawaii!~fides_delim~totalcount
10 hikes~fides_delim~https://www.sonomamag.com/best-hikes-in-sonoma-county/~fides_delim~Top 10 Hikes in Sonoma County~fides_delim~Sonoma County's <em>best hikes</em>, with hallmark views of vineyards, oak woodlands and stunning coastal bluffs.~fides_delim~totalcount
10 hikes~fides_delim~https://www.savebuzzardsbay.org/news/10-hikes-over-5-miles-to-explore-in-southeastern-massachusetts-this-fall/~fides_delim~10 hikes over 5 miles to explore in southeastern ...~fides_delim~Here are <em>10</em> places close to home where you can take a five-mile <em>hike</em> or longer. 1. Southeastern Massachusetts Bioreserve (Fall River/Freetown).~fides_delim~totalcount
10 hikes~fides_delim~https://www.travelsouthdakota.com/trip-ideas/story/10-black-hills-hiking-trails~fides_delim~10 Black Hills Hiking Trails | Travel South Dakota~fides_delim~Picking the <em>best</em> trail to <em>hike</em> in the Black Hills is hard, really hard. Yet no matter where you <em>hike</em>, you're sure to find jaw-dropping views and little bit ...~fides_delim~totalcount
10 hikes~fides_delim~https://wildlandtrekking.com/zion-visitor-guide/best-zion-hikes/~fides_delim~10 Best Hikes in Zion National Park | Wildland Trekking~fides_delim~Learn about the 10 <em>best hikes</em> in Zion National Park from The Wildland ... You can read our all-time favorite Zion day hiking and backpacking trails here.~fides_delim~totalcount
10 hikes~fides_delim~https://destinations.rei.com/local-tips/best-hikes-in-yosemite-national-park~fides_delim~9 Best Hikes in Yosemite National Park~fides_delim~What if I skip the <em>best hike</em> in Yosemite? ... or just want to ease into the grandeur of this intimidating park, these are the best easy hikes we recommend.~fides_delim~totalcount
10 hikes~fides_delim~https://newenglandwaterfalls.com/top10hikeswhitemountains.php~fides_delim~The Top 10 Hikes in the White Mountains~fides_delim~I am proud to present what I believe to be the top <em>ten</em> day <em>hikes</em> in the White Mountains region of New Hampshire! This list is based upon a mix of personal ...~fides_delim~totalcount
10 hikes~fides_delim~https://www.territorysupply.com/anchorage-hikes~fides_delim~10 Best Hikes Near Anchorage, Alaska for an Epic Day in Nature~fides_delim~Anchorage, Alaska, is loaded with excellent <em>hikes</em> to natural wonders like glaciers, mountains, and stunning vistas.~fides_delim~totalcount
10 hikes~fides_delim~https://www.bouldercoloradousa.com/outdoors/hiking/hikes-with-great-views/~fides_delim~Best Hikes with Great Views in Boulder, Colorado~fides_delim~Find the <em>best</em> Boulder <em>hiking</em> trails perfect for taking in some of the most amazing views of the area, complete with <em>hiking</em> safety guidelines and trail ...~fides_delim~totalcount
10 hikes~fides_delim~https://visitabingdonvirginia.com/highlights/10-best-hikes-in-southwest-virginia~fides_delim~10 Best Hikes in Southwest Virginia - Abingdon, VA~fides_delim~10 <em>Best Hikes</em> in Southwest Virginia ... help you discover what the area has to offer, here are 10 of the <em>best hiking</em> trails in Southwest Virginia (though, ...~fides_delim~totalcount
10 hikes~fides_delim~https://www.cntraveler.com/story/best-hikes-in-san-francisco-bay-area~fides_delim~9 Best Hikes in the San Francisco Bay Area~fides_delim~It's also home to Tomales Point Trail, one of the most spectacular coastal <em>hikes</em> in a state rich with them. The nearly <em>10</em>-mile round-trip <em>hike</em>, ...~fides_delim~totalcount
10 hikes~fides_delim~https://57hours.com/best-of/day-hikes-yellowstone/~fides_delim~11 of the Best (And Most Photo-Worthy) Day Hikes ... - 57Hours~fides_delim~From short, family-friendly jaunts to all-day peak bagging, here's eleven of the <em>best</em> spots for day <em>hiking</em> in Yellowstone National Park.~fides_delim~totalcount
10 hikes~fides_delim~https://www.bnrc.org/trails-and-maps/top-berkshire-trails/~fides_delim~Top Berkshire Trails~fides_delim~For more <em>hikes</em> and adventures, pick up BNRC's Go Wild or ¡Disfrute BNRC! at any local brochure rack, ... <em>10</em>. THE BOULDERS, Pittsfield/Dalton/Lanesborough~fides_delim~totalcount
10 hikes~fides_delim~https://olympicpeninsula.org/road-trips/10-great-day-hikes/~fides_delim~10 Great Day Hikes - Olympic Peninsula~fides_delim~The <em>best</em> day <em>hikes</em> on the Olympic Peninsula — From shorter, family-friendly routes to rough &amp; rugged full-day treks through rain forests, mountains &amp; water.~fides_delim~totalcount
10 hikes~fides_delim~https://www.visitbigsky.com/get-inspired/big-sky-stories/7-best-hikes-in-big-sky-montana~fides_delim~7 Best Hikes In Big Sky, Montana~fides_delim~<em>Hiking</em> can take you to amazing places. Grab your <em>hiking</em> boots, bear spray, and other <em>hiking</em> essentials and hit the trails in Big Sky, Montana.~fides_delim~totalcount
10 hikes~fides_delim~https://embracesomeplace.com/best-hikes-death-valley-national-park/~fides_delim~10 EPIC Hikes in Death Valley National Park~fides_delim~I spent 14 days looking for the 10 <em>BEST hikes</em> in Death Valley National Park. This guide is full of photos and tips to make your trip great!~fides_delim~totalcount
10 hikes~fides_delim~https://wherearethosemorgans.com/best-hikes-in-acadia-national-park/~fides_delim~10 Best Hikes In Acadia National Park: Top 2023 Hiking Trails~fides_delim~The 10 <em>best hikes</em> in Acadia National Park, including key information about fees, passes, reservations, bonus Acadia hiking trails and more!~fides_delim~totalcount
10 hikes~fides_delim~https://www.planetware.com/world/best-hikes-in-the-world-nep-1-2.htm~fides_delim~16 Best Hikes in the World | PlanetWare~fides_delim~16 <em>Best Hikes</em> in the World · 1. Inca Trail, Peru · 2. Annapurna Circuit, Nepal · 3. Kilimanjaro, Tanzania · 4. Everest Base Camp, Nepal · 5. W ...~fides_delim~totalcount
10 hikes~fides_delim~https://luxeadventuretraveler.com/top-10-arizona-hikes/~fides_delim~Top 10 Arizona Hikes - Luxe Adventure Traveler~fides_delim~The top 10 Arizona hikes such as hikes from the Grand Canyon, Flagstaff, Sedona, Phoenix, and Tucson. These are the <em>best hiking</em> trails in Arizona and sure ...~fides_delim~totalcount
10 hikes~fides_delim~https://visitshenandoah.org/poi/10-hikes-from-skyline-drive/~fides_delim~10 Hikes from Skyline Drive - Visit Shenandoah Valley~fides_delim~This <em>hike</em> will stay high along the ridgeline and take <em>hikers</em> to two of the <em>best</em> peaks in the park! (7+ miles, Strenuous). Milepost 51.2. Lewis Springs Fall Loop~fides_delim~totalcount
10 hikes~fides_delim~https://www.visitgreaterpalmsprings.com/things-to-do/hiking-and-trails/~fides_delim~Hiking in Palm Springs | Hiking Trails in Greater Palm Springs~fides_delim~The <em>10</em> Most Beautiful <em>Hikes</em> in Greater Palm Springs · 1. Andreas Canyon Trail at Indian Canyons · 2. Araby Trail · 3. Big Morongo Canyon Preserve · 4. Joshua Tree ...~fides_delim~totalcount
10 hikes~fides_delim~https://travel.usnews.com/rankings/best-hiking-trips-in-north-america/~fides_delim~15 Best Places to Hike in North America | U.S. News Travel~fides_delim~Editors at U.S. News considered expert opinions, as well as traveler votes, to determine the <em>best hiking</em> destinations across the continent.~fides_delim~totalcount
10 hikes~fides_delim~https://gohikevirginia.com/bucket-list-hikes-virginia/~fides_delim~23 Bucket List Hikes in Virginia for 2023~fides_delim~<em>Best Hikes</em> in Virginia. Hit the trails, friends. There's no better time than today to start checking off bucket list hikes.~fides_delim~totalcount
10 hikes~fides_delim~https://www.joshuatree.guide/hiking~fides_delim~Stunning Hikes in Joshua Tree Park National Park~fides_delim~Evening <em>hikes</em> are <em>best</em> - in the moonlight. ... Pets are NOT allowed on the <em>hiking</em> trails. ... The park gets crowded by <em>10am</em> on weekends (And Holidays).~fides_delim~totalcount
10 hikes~fides_delim~https://hikingguy.com/hike/hiking-trails/hiking-orange-county/~fides_delim~Best Orange County Hikes - HikingGuy.com~fides_delim~~fides_delim~totalcount
10 hikes~fides_delim~https://findingnwa.com/blog/10-hikes-with-spectacular-fall-views-in-northwest-arkansas/~fides_delim~10 Hikes with Spectacular Fall Views in Northwest Arkansas~fides_delim~Below, you will find <em>ten hiking</em> adventures with some of the best leaf peeping angles in the region. We picked dog-friendly locations with ...~fides_delim~totalcount
10 hikes~fides_delim~https://www.raggedpointinn.com/news/hiking-in-big-sur.php~fides_delim~Hiking in Big Sur: 10 Must See Local Hikes | Ragged Point Inn~fides_delim~The <em>Best</em> Trails in Big Sur. Salmon Creek Trail. One of the most popular short <em>hikes</em> for locals, Salmon Creek Falls is just a quarter-mile round-trip <em>hike</em> from ...~fides_delim~totalcount
10 hikes~fides_delim~https://www.bostonmagazine.com/hikes/~fides_delim~Amazing New England Hikes - Boston Magazine~fides_delim~Use our map to find your perfect hiking trail, be it easy or advanced. ... Browse our list to find the <em>best hikes</em> in New England. Click on each to learn ...~fides_delim~totalcount
10 hikes~fides_delim~https://www.visitsaltlake.com/blog/stories/post/the-ten-finest-hiking-trails-in-and-close-to-salt-lake/~fides_delim~The Ten Finest Hiking Trails in (and Close to) Salt Lake~fides_delim~Whether it's skiing, snowboarding, <em>hiking</em>, trail running, mountain biking, or climbing, you can integrate it into your everyday living ...~fides_delim~totalcount
10 hikes~fides_delim~https://www.pointloma.edu/resources/undergraduate-studies/10-best-hikes-san-diego-county~fides_delim~The 10 Best Hikes in San Diego County | PLNU~fides_delim~San Diego offers a ton of great hiking trails for all levels. We rank the 10 <em>best hikes</em> in San Diego County from easiest to hardest here.~fides_delim~totalcount
10 hikes~fides_delim~https://www.laketahoe.com/top-10-hikes-in-lake-tahoe~fides_delim~TOP 10 Hikes in Lake Tahoe — LakeTahoe.com~fides_delim~These particular <em>hiking</em> trails are easily accessible, and offer some of the <em>best</em> views in the Lake Tahoe Basin. if you're not already in the know: <em>Hiking</em> is ...~fides_delim~totalcount
10 hikes~fides_delim~https://www.monocounty.org/things-to-do/hiking/top-10-trails/~fides_delim~Top 10 Hiking Trails - Mono County Tourism~fides_delim~Top <em>10 Hiking</em> Trails · 1. Little Lakes Valley · 2. Convict Lake Trail · 3. Crystal Lake Trail: · 4. Parker Lake Trail: · 5. Twenty Lakes Basin: · 6. Lundy Canyon ...~fides_delim~totalcount
10 hikes~fides_delim~https://www.lineworker.com/8-best-hikes-in-chattanooga-northwest-georgia/~fides_delim~8 Of The Best Hikes in Chattanooga and Northwest Georgia~fides_delim~Whether you are looking for a beginner or are an avid hiker, there are many trails to visit. Here are some of the 8 <em>best hikes</em> in ...~fides_delim~totalcount
10 hikes~fides_delim~https://www.seemonterey.com/things-to-do/attractions/hikes/~fides_delim~Top 10-Day Hikes in Monterey | Big Sur & Caramel Valley ...~fides_delim~Find the top <em>10</em>-day <em>hikes</em> in Monterey County. Browse trail maps and a list of things to know before you go out on the Big Sur, Carmel, and Salinas trails.~fides_delim~totalcount
10 hikes~fides_delim~https://www.pacificsandiego.com/things-to-do/health-fitness/pac-10-best-hikes-in-san-diego-20140908-story.html~fides_delim~10 best hikes in San Diego~fides_delim~Lace up those <em>hiking</em> boots and pack some extra trail mix for the <em>10</em> top <em>hikes</em> in San Diego.~fides_delim~totalcount
10 hikes~fides_delim~https://www.visitrapidcity.com/things-to-do/top-10-lists/top-10-hiking-trails~fides_delim~Top 10 Hiking Trails | VisitRapidCity.com~fides_delim~~fides_delim~totalcount
10 hikes~fides_delim~https://loveoahu.org/activities-things-to-do/hiking/~fides_delim~Our 15 favorite hikes on Oʻahu - Love Oahu~fides_delim~To help you find the right hike for you and your traveling companions, we break down some of the island's <em>best hikes</em> below, into groups of easy, ...~fides_delim~totalcount
10 hikes~fides_delim~https://www.nynjtc.org/content/top-10-hikes-swimming-holes~fides_delim~Top 10 Hikes with Swimming Holes in New York and New ...~fides_delim~When the summer heat hits, it is always refreshing to go for a swim after a day's <em>hike</em>. The following is a list (in no particular order) of the <em>best</em> (legal) ...~fides_delim~totalcount
10 hikes~fides_delim~https://www.dallasites101.com/blog/post/best-hikes-around-dallas/~fides_delim~7 of the Best Hikes Around Dallas - Dallasites101~fides_delim~Contrary to popular belief, there are an abundance of <em>hiking</em> trails that can be found in or near Dallas. Elevation isn't always required to ...~fides_delim~totalcount
10 hikes~fides_delim~https://www.sandiegomagazine.com/outdoors/hikes-near-san-diego/article_d0d2ae58-f9c3-52ad-8f74-66c28834aa2a.html~fides_delim~10 Scenic Hikes Within an Hour of San Diego~fides_delim~A list of some of the <em>best hikes</em> in the area for any level of hiker, from easy trails to more strenuous treks, these 10 options are sure to ...~fides_delim~totalcount
10 hikes~fides_delim~https://www.tripsavvy.com/the-best-hikes-in-northern-california-5214275~fides_delim~The 10 Best Hikes in Northern California - TripSavvy~fides_delim~~fides_delim~totalcount
10 hikes~fides_delim~https://www.visitcharlottesville.org/blog/best-hikes-in-the-charlottesville-area/~fides_delim~Best Hikes in the Charlottesville Area~fides_delim~You'll also find some of the region's <em>best hiking</em> nearby in the Shenandoah National Park and along the Blue Ridge Parkway. Saunders-Monticello Trail ...~fides_delim~totalcount
10 hikes~fides_delim~https://www.thewanderingqueen.com/best-hikes-in-washington-state/~fides_delim~The 53 Best Hikes In Washington State - The Wandering Queen~fides_delim~Below I link each trail to it's Washington Trails Association page, where it has even more information on the hike and the type of pass you need. <em>Best Hikes</em> In ...~fides_delim~totalcount
10 hikes~fides_delim~https://santabarbaraca.com/itinerary/best-hikes-in-santa-barbara/~fides_delim~Best Hikes in Santa Barbara~fides_delim~<em>Hiking</em> trails in Santa Barbara and surrounding areas features everything from easy, ... <em>hike</em> continues on from the end of Tunnel Trail and is a <em>10</em>-miler ...~fides_delim~totalcount
10 hikes~fides_delim~https://localadventurer.com/25-best-hikes-in-the-world-bucket-list/~fides_delim~25 Best Hikes in the World to Put on Your Bucket List (2023)~fides_delim~We are far from hardcore <em>hikers</em>. In fact, my friends used to call me “indoorsy” before I started training for our Inca Trail <em>hike</em> 5 years ...~fides_delim~totalcount
