10 hills~fides_delim~https://10hillsstudio.com/~fides_delim~10 Hills Studio | Multi-brand Streetwear Boutique~fides_delim~We are a Kolkata based streetwear and lifestyle boutique curating the coolest homegrown and western brands.<table class="jmjoTe" cellpadding="0" cellspacing="0"><tr class="mslg dmenKe"><td class="cIkxbf"><h3>Streetwear T-shirts</h3>Ranging from quirky to stylish, streetwear to casuals, we have ...<br></td></tr><tr class="mslg c9EJob"><td class="cIkxbf"><h3>Sneakers</h3>Exclusive sneakers and rare-finds.<br></td></tr><tr class="mslg c9EJob"><td class="cIkxbf"><h3>Collections</h3>We are a Kolkata based streetwear and lifestyle boutique curating ...<br></td></tr><tr class="mslg"><td class="cIkxbf"><h3>FEAR OF GOD ESSENTIALS</h3>Jerry Lorenzo&#39;s Essentials bring a new found humility to high end ...<br></td></tr><tr><td class="H3TZoe" colspan="2">~fides_delim~totalcount
10 hills~fides_delim~https://www.instagram.com/10hills/~fides_delim~ten hills (@10hills) • Instagram photos and videos~fides_delim~635 Followers, 20 Following, 21 Posts - See Instagram photos and videos from <em>ten hills</em> (@<em>10hills</em>)~fides_delim~totalcount
10 hills~fides_delim~https://livebaltimore.com/neighborhoods/ten-hills/~fides_delim~Ten Hills - Live Baltimore~fides_delim~<em>Ten Hills</em> is a picturesque community in Southwest Baltimore. The first homes were built in 1910 and designed to include five to six bedrooms!~fides_delim~totalcount
10 hills~fides_delim~https://en.wikipedia.org/wiki/Ten_Hills,_Somerville,_Massachusetts~fides_delim~Ten Hills, Somerville, Massachusetts - Wikipedia~fides_delim~<em>Ten Hills</em> is a neighborhood in the northeastern part of the city of Somerville, Massachusetts. The area is roughly wedge-shaped, about 50 acres (200,000 m<sup>2</sup>) ...~fides_delim~totalcount
10 hills~fides_delim~https://www.niche.com/places-to-live/n/ten-hills-baltimore-md/~fides_delim~Ten Hills - Baltimore, MD - Niche~fides_delim~<em>Ten Hills</em> is a neighborhood in Baltimore, Maryland with a population of 1,147. <em>Ten Hills</em> is in Baltimore City County. Living in <em>Ten Hills</em> offers residents ...~fides_delim~totalcount
10 hills~fides_delim~https://www.alltrails.com/trail/us/california/ten-hills-trail~fides_delim~Ten Hills Trail | Map, Guide - California - AllTrails~fides_delim~<em>Ten Hills</em> Trail ... Experience this 3.2-mile out-and-back trail near Castro Valley, California. Generally considered an easy route, it takes ...~fides_delim~totalcount
10 hills~fides_delim~https://www.apartments.com/ten-hills-at-the-hills-baltimore-md/33wzcgf/~fides_delim~Ten Hills at The Hills - Baltimore - Apartments.com~fides_delim~<em>Ten Hills</em> at The Hills is located in Uplands Park in the city of Baltimore. Here you'll find three shopping centers within 1.5 miles. There are also five parks ...~fides_delim~totalcount
10 hills~fides_delim~https://www.realtor.com/realestateandhomes-search/Ten-Hills_Baltimore_MD~fides_delim~Ten Hills, Baltimore, MD Real Estate & Homes for Sale~fides_delim~View 4992 homes for sale in <em>Ten Hills</em>, take real estate virtual tours &amp; browse MLS listings in Baltimore, MD at realtor.com®.~fides_delim~totalcount
10 hills~fides_delim~https://www.realtor.com/realestateandhomes-search/Ten-Hills_Somerville_MA~fides_delim~Ten Hills, Somerville, MA Real Estate &amp; Homes for Sale~fides_delim~View 2089 homes for sale in <em>Ten Hills</em>, take real estate virtual tours &amp; browse MLS listings in Somerville, MA at realtor.com®.~fides_delim~totalcount
10 hills~fides_delim~https://www.redfin.com/neighborhood/2703/MD/Baltimore/Ten-Hills~fides_delim~Ten Hills, Baltimore, MD Homes for Sale &amp; Real Estate | Redfin~fides_delim~Instantly search and view photos of all homes for sale in <em>Ten Hills</em>, Baltimore, MD now. <em>Ten Hills</em>, Baltimore, MD real estate listings updated every 15 to 30 ...~fides_delim~totalcount
10 hills~fides_delim~https://press.princeton.edu/books/paperback/9780691150352/ten-hills-farm~fides_delim~Ten Hills Farm - Princeton University Press~fides_delim~<em>Ten Hills</em> Farm tells the powerful saga of five generations of slave owners in colonial New England. Settled in 1630 by John Winthrop, governor of the ...~fides_delim~totalcount
10 hills~fides_delim~https://www.zillow.com/ten-hills-somerville-ma/apartments/~fides_delim~Apartments For Rent in Ten Hills Somerville - Zillow~fides_delim~Find your next apartment in <em>Ten Hills</em> Somerville on Zillow. Use our detailed filters to find the perfect place, then get in touch with the property manager.~fides_delim~totalcount
10 hills~fides_delim~https://www.zillow.com/ten-hills-somerville-ma/~fides_delim~Ten Hills Somerville Real Estate &amp; Homes For Sale - Zillow~fides_delim~Zillow has 0 homes for sale in <em>Ten Hills</em> Somerville. View listing photos, review sales history, and use our detailed real estate filters to find the perfect ...~fides_delim~totalcount
10 hills~fides_delim~https://www.amctheatres.com/movie-theatres/birmingham-al/amc-dine-in-vestavia-hills-10~fides_delim~AMC DINE-IN Vestavia Hills 10~fides_delim~Movie times, buy movie tickets online, watch trailers and get directions to AMC DINE-IN Vestavia <em>Hills 10</em> in Vestavia <em>Hills</em>, AL. Find everything you need ...~fides_delim~totalcount
10 hills~fides_delim~https://weather.com/weather/tenday/l/ca8dabcddb8cd49c0dd147e2196ec42bb0c6b130b6236fa6ec334e2df6188f57~fides_delim~10 Day Weather-Rochester hills, MI~fides_delim~Be prepared with the most accurate <em>10</em>-day forecast for Rochester <em>hills</em>, MI with highs, lows, chance of precipitation from The Weather Channel and ...~fides_delim~totalcount
10 hills~fides_delim~https://weather.com/weather/tenday/l/f2249d075421204f34f67ce6b147fe54a787ff9ec587a101faece05255540ac9~fides_delim~West hills, CA 10-Day Weather Forecast~fides_delim~Be prepared with the most accurate <em>10</em>-day forecast for West <em>hills</em>, CA with highs, lows, chance of precipitation from The Weather Channel and Weather.com.~fides_delim~totalcount
10 hills~fides_delim~https://www.beverlyhills.org/~fides_delim~City Of Beverly Hills~fides_delim~Beverly <em>Hills</em>, CA 90210; (310) 285-1000; Monday-Thursday 7:30AM-5:30PM; Friday 8:00AM-5:00PM. Select Language ​ ▽. © Copyright 2023, City of Beverly <em>Hills</em>.~fides_delim~totalcount
10 hills~fides_delim~https://www.weatherbug.com/weather-forecast/10-day-weather/hickory-hills-il-60457~fides_delim~Hickory Hills, Illinois | 10-Day Weather Forecasts &amp; Weekend ...~fides_delim~Plan you week with the help of our <em>10</em>-day weather forecasts and weekend weather predictions for Hickory <em>Hills</em>, Illinois.~fides_delim~totalcount
10 hills~fides_delim~https://www.metrodental.com/~fides_delim~Dentist in Vernon Hills, IL | General Dentistry | Metro Dental~fides_delim~Welcome to Metro Square Dental Associates. “Always fast and courteous service. My daughter and I have been going here for over <em>10</em> years now!” – Van A ...~fides_delim~totalcount
10 hills~fides_delim~https://www.stlouis-mo.gov/government/city-laws/board-bills/boardbill.cfm?BBId=14018~fides_delim~2022-2023 Board Bill 10 -- Holly Hills Special Business District~fides_delim~Board Bill Number <em>10</em> | Session 2022-2023. Holly <em>Hills</em> Special Business District. Summary. The proposed bill would establish the Holly <em>Hills</em> Special Business ...~fides_delim~totalcount
10 hills~fides_delim~https://westgatehillshc.com/~fides_delim~Westgate Hills Rehabilitation and Healthcare Center - Baltimore~fides_delim~<em>10</em> North Rock Glen Road Baltimore, MD 21229. Westgate <em>Hills</em> Rehabilitation &amp; Healthcare Center is a leading provider of subacute rehabilitation and skilled ...~fides_delim~totalcount
10 hills~fides_delim~https://oakhillschurch.com/~fides_delim~Oak Hills Church: Home Page - San Antonio~fides_delim~2023 Oak <em>Hills</em> Church | 19595 IH <em>10</em> W San Antonio, TX 78257-9520 | 210.698.6868. X. Search Site. Open Results in New Tab.~fides_delim~totalcount
10 hills~fides_delim~https://www.fandango.com/amc-river-hills-10-aalsc/theater-page~fides_delim~AMC River Hills 10 Movie Times - Asheville - Fandango~fides_delim~$40 Off Bouqs Receive promo code with ANY ticket purchase. Go to next offer. AMC logo. AMC River <em>Hills 10</em>.~fides_delim~totalcount
10 hills~fides_delim~http://www.sevenhillsohio.org/~fides_delim~City of Seven Hills~fides_delim~~fides_delim~totalcount
10 hills~fides_delim~https://www.menards.com/main/flooring-rugs/tile-stone/ceramic-tile/ragno-usa-reg-titus-hills-calacatta-10-x-12-ceramic-mosaic-tile/th0115hexhs1p2/p-1546241362958-c-6547.htm~fides_delim~Ragno USA® Titus Hills Calacatta 10 x 12 Ceramic Mosaic Tile~fides_delim~Inspired by classic Calacatta marble, Titus <em>Hills</em> has a delicate white background with unstructured gray veining. This durable stone-look porcelain tile is ...~fides_delim~totalcount
10 hills~fides_delim~https://www.tacobell.com/food?store=001738~fides_delim~Taco Bell Menu in Farmington Hills, MI - 38330 W 10 Mile Rd~fides_delim~Our Taco Bell menu in Farmington <em>Hills</em>, MI has everything you crave, from tacos &amp; burritos to our Combos. Customize your order now &amp; skip our line inside!~fides_delim~totalcount
10 hills~fides_delim~https://www.caseys.com/general-store/mo-parkhills/10-flat-river-dr/3803~fides_delim~Gas, Pizza &amp; Sandwich Delivery in Park Hills, MO - Casey&#39;s~fides_delim~Visit your local Casey's gas station and convenience store in Park <em>Hills</em>, MO for made-from-scratch ... Order Pizza Delivery from Casey's at <em>10</em> FLAT RIVER DR.~fides_delim~totalcount
10 hills~fides_delim~https://www.imdb.com/showtimes/cinema/US/ci93218814/US/15232~fides_delim~AMC CLASSIC South Hills Village 10 Showtimes - IMDb~fides_delim~AMC CLASSIC South <em>Hills</em> Village <em>10</em>. Wheelchair Accessible. 700 Fort Couch Road, Pittsburgh PA 15241 | (412) 835-7074. 7 movies playing at this theater today ...~fides_delim~totalcount
10 hills~fides_delim~https://www.travelsouthdakota.com/trip-ideas/story/10-black-hills-hiking-trails~fides_delim~10 Black Hills Hiking Trails | Travel South Dakota~fides_delim~While the Black <em>Hills</em> has a whopping 450 trails ready to be explored, get started with these <em>10</em> routes you don't want to miss. 1. Sunday Gulch Trail. The Sunday ...~fides_delim~totalcount
10 hills~fides_delim~http://livethehills.com/~fides_delim~Live The Hills: Home~fides_delim~Please visit us at 4601 Pen Lucy Rd, Baltimore, MD 21229 for more information! Hunting Hills Logo · Mallow Hills Logo · <em>Ten Hills</em> Logo.~fides_delim~totalcount
10 hills~fides_delim~https://www.cityofardenhills.org/agendacenter~fides_delim~Agenda Center • Arden Hills, MN • CivicEngage~fides_delim~▽Parks, Trails &amp; Recreation Committee · Nov 15, 2022 — Posted Nov <em>10</em>, 2022 2:52 PM · Oct 18, 2022 — Posted Oct 14, 2022 9:47 AM · Sep 20, 2022 — Posted Sep 14, ...~fides_delim~totalcount
10 hills~fides_delim~https://www.axios.com/local/columbus/2023/01/24/central-ohio-best-sledding-hills-winter-snow~fides_delim~Central Ohio&#39;s 10 best sledding hills - Axios Columbus~fides_delim~❄️ Central Ohio's <em>10</em> best sledding <em>hills</em> ... Spending time in the snow makes Midwest winters slightly more bearable — and there's no activity ...~fides_delim~totalcount
10 hills~fides_delim~https://www.bhsu.edu/registration-records/Academic-Calendar~fides_delim~Academic Calendar - Black Hills State University~fides_delim~ACADEMIC CALENDAR ; September. Thur. 9/01 Census Date. Last day to add and drop a standard course without transcript entry; Mon. ; October. Wed. <em>10</em>/05 Faculty ...~fides_delim~totalcount
10 hills~fides_delim~https://www.facebook.com/10hillsstudio/~fides_delim~10 Hills Studio - Home | Facebook~fides_delim~Available in store and will be added to the website real soon!. May be an image of jewelry and text · <em>10 Hills</em> Studio, profile picture ...~fides_delim~totalcount
10 hills~fides_delim~https://streeteasy.com/building/102_10-66-road-forest_hills~fides_delim~Building: 102-10 66 Road - in Forest Hills - StreetEasy~fides_delim~Building: 102-<em>10</em> 66 Road. 102-<em>10</em> 66 Road, Forest <em>Hills</em>, NY, 11375. 498 units; 30 stories; 2 buildings; Built in 1964.~fides_delim~totalcount
10 hills~fides_delim~https://fountainhills.town.codes/ZO~fides_delim~Zoning Ordinance - Fountain Hills Town Code~fides_delim~FOUNTAIN <em>HILLS</em> ZONING ORDINANCE ... of the Town of Fountain <em>Hills</em>, Arizona ... Chapter <em>10</em>Single-Family Residential Zoning Districts: R1-190, R1-43, R1-35, ...~fides_delim~totalcount
10 hills~fides_delim~https://www.wunderground.com/forecast/us/al/vestavia-hills~fides_delim~Vestavia Hills, AL 10-Day Weather Forecast~fides_delim~Vestavia <em>Hills</em> Weather Forecasts. Weather Underground provides local &amp; long-range weather forecasts, weatherreports, maps &amp; tropical weather conditions for ...~fides_delim~totalcount
10 hills~fides_delim~https://www.wunderground.com/forecast/us/pa/penn-hills~fides_delim~Penn Hills, PA 10-Day Weather Forecast~fides_delim~Penn <em>Hills</em> Weather Forecasts. Weather Underground provides local &amp; long-range weather forecasts, weatherreports, maps &amp; tropical weather conditions for the ...~fides_delim~totalcount
10 hills~fides_delim~https://www.visitrapidcity.com/things-to-do/top-10-lists/top-10-scenic-cruises~fides_delim~Top 10 Scenic Cruises | VisitRapidCity.com~fides_delim~8 - Peter Norbeck Scenic Byway. South Dakota conservationist, Governor and U.S. Senator Peter Norbeck wanted to share the unspoiled beauty of the Black <em>Hills</em> ...~fides_delim~totalcount
10 hills~fides_delim~https://www.atomtickets.com/theaters/amc-river-hills-10/44477~fides_delim~AMC River Hills 10 Showtimes &amp; Movie Tickets~fides_delim~~fides_delim~totalcount
10 hills~fides_delim~https://www.rosehills.com/flowers/gate-10-flower-shop~fides_delim~Gate 10 Flower Shop - Whittier Florist~fides_delim~The Gate <em>10</em> Flower Shop at Rose <em>Hills</em> Memorial Park in Whittier is a secondary floral boutique for the convenience of families and visitors.~fides_delim~totalcount
10 hills~fides_delim~https://science.cranbrook.edu/~fides_delim~Cranbrook Institute of Science |~fides_delim~39221 Woodward Avenue Bloomfield <em>Hills</em>, MI 48303-0801. Museum Hours Wednesday-Thursday: <em>10</em><sup>am</sup>-5<sup>pm</sup>. Friday: <em>10</em><sup>am</sup>-<em>10</em><sup>pm</sup>. Saturday: <em>10</em><sup>am</sup>-5<sup>pm</sup>. Sunday: 12<sup>pm</sup>-4<sup>pm</sup>.~fides_delim~totalcount
10 hills~fides_delim~https://www.bedfordhillsfreelibrary.org/~fides_delim~Bedford Hills Free Library~fides_delim~Holiday Hours: The Library is closed Monday, January 16 for Martin Luther King Jr Day and will reopen Tuesday, January 17 at <em>10am</em>.~fides_delim~totalcount
10 hills~fides_delim~https://www.go-metro.com/uploads/routes/maps_and_schedules/RT_46.pdf~fides_delim~Avondale–Winton Hills - Cincinnati - Go Metro~fides_delim~UC Medical Center, University Hospital, Walnut <em>Hills</em>,. Winton Terrace ... <em>10</em>:09. <em>10</em>:16. <em>10</em>:30. 9:53. <em>10</em>:06. <em>10</em>:19. <em>10</em>:24. <em>10</em>:34. <em>10</em>:39. <em>10</em>:46. 11:00. <em>10</em>:23.~fides_delim~totalcount
10 hills~fides_delim~https://www.robinhillsfarm.com/~fides_delim~Robin Hills Farm | Chelsea, Ann Arbor~fides_delim~Open year-round! Thurs: 5-<em>10PM</em>, Fri &amp; Sat: 4-11PM. your Community gathering place.~fides_delim~totalcount
10 hills~fides_delim~https://www.sothparish.org/~fides_delim~Shepherd of the Hills Catholic Parish~fides_delim~Upon request. Call Fr. Mark at 262-752-7646. Rosary (School Student Led) Third Wednesday of the Month <em>10</em>:20 - <em>10</em> ...~fides_delim~totalcount
10 hills~fides_delim~https://www.berkleyhills.org/~fides_delim~SUNDAY MORNING WORSHIP @ 10 AM - Grand Rapids~fides_delim~Our 2022 Goal: Take purposeful steps with the Holy Spirit and others to become like Jesus. Faith is a journey, and no matter where we are spiritually, there is ...~fides_delim~totalcount
10 hills~fides_delim~https://www.hockinghills.com/cabins.html~fides_delim~Hocking Hills Cabins - Hocking Hills Official Website~fides_delim~Hocking <em>Hills</em> Cabin Rentals - Choose from over 800 Cabins, Lodges, ... We are <em>10</em> minutes from the caves and <em>10</em> minutes from beautiful downtown Logan.~fides_delim~totalcount
10 hills~fides_delim~https://www.sccwi.gov/344/Glen-Hills-Park~fides_delim~Glen Hills Park on Glen Lake | St. Croix County, WI~fides_delim~Glen <em>Hills</em> Park is a water-based recreation facility located in the <em>hill</em> country ... and A/C), 17 Prairie View Campground non-electric sites, and <em>10</em> Picnic ...~fides_delim~totalcount
10 hills~fides_delim~https://www.drmavani.org/~fides_delim~DOCTORS FOR KIDS, PLC 940 W Avon Rd, Suite ... - Rochester~fides_delim~Dr. Jasmine Marahar, MD ​William McCullough, MSN, RN, CPNP Jessica Osburn, PhD, LP ​ 940 W Avon Rd, Suite <em>10</em>. Rochester <em>Hills</em>, MI 48307. Ph: (248) 650-5009~fides_delim~totalcount
10 hills~fides_delim~https://copperhills.com/~fides_delim~Copper Hills Golf Club – Top 10 public course in Michigan by ...~fides_delim~This Is Copper <em>Hills</em>. A beautiful semi-private golf course that offers an expansive up north Michigan feel. This challenging course offers:.~fides_delim~totalcount
10 hills~fides_delim~https://www.threeriversparks.org/page/hyland-hills-ski-area-hours-rates~fides_delim~Hyland Hills Ski Area Hours &amp; Rates | Three Rivers Park District~fides_delim~View important information about the Hyland <em>Hills</em> Ski Area hours, tickets, ... Equipment Rental Pack (<em>10</em> all-day ski or snowboard rentals), $179 plus tax ...~fides_delim~totalcount
10 hills~fides_delim~https://www.espn.com/nfl/player/_/id/3116406/tyreek-hill~fides_delim~Tyreek Hill Stats, News, Bio | ESPN~fides_delim~Latest on Miami Dolphins wide receiver Tyreek <em>Hill</em> including news, stats, videos, ... 119, 170, 1,710, 14.4, 7, 64, 77, 7, 32, 4.6, 1, <em>10</em>, 1, 0.~fides_delim~totalcount
10 hills~fides_delim~https://www.hampshirehills.com/~fides_delim~Hampshire Hills Athletic Club | Milford, NH~fides_delim~HAMPSHIRE <em>HILLS</em> ATHLETIC CLUB. Courts/Locker Rooms. Weekdays: 5:00am-<em>10</em>:00pm. Saturday: 6:50am-<em>10</em>:00pm. Sunday: 6:50am-8:00pm. Indoor Pools.~fides_delim~totalcount
10 hills~fides_delim~https://www.tripadvisor.com/Attraction_Review-g49256-d10098118-Reviews-RC_Kill_Devil_Hills_Movies_10-Kill_Devil_Hills_Outer_Banks_North_Carolina.html~fides_delim~RC Kill Devil Hills Movies 10 - All You Need to Know BEFORE ...~fides_delim~I doubt we will go back as we were just in Nags Head for that week. On a scale of 1-<em>10</em> I would give the theatre a 4. Read more.~fides_delim~totalcount
10 hills~fides_delim~https://www.serrafordfarmingtonhills.com/~fides_delim~Serra Ford Farmington Hills: Ford Dealer Farmington Hills MI~fides_delim~Stop by our Ford and used car dealership in Farmington <em>Hills</em>, MI to shop for your next car, truck or SUV currently available in our dealership lot.~fides_delim~totalcount
10 hills~fides_delim~https://www.maxpreps.com/games/10-14-2022/football-22/western-hills-vs-withrow.htm?c=2RiDB09ssUy0U7s2et4XTg~fides_delim~Withrow vs Western Hills | Football | 10/14/2022 - MaxPreps~fides_delim~View pregame, in-game and post-game details from the Withrow (Cincinnati, OH) @ Western <em>Hills</em> (Cincinnati, OH) conference football game on Fri, <em>10</em>/14/2022.~fides_delim~totalcount
10 hills~fides_delim~https://northhills5k.com/~fides_delim~2022 16th Annual North Hills 5K | Raleigh, NC | 09/10/2022~fides_delim~Sat, September <em>10</em>, 2022 @ 9am. Where. 4815 Six Forks Road Raleigh, NC 27609. Raceday is HERE! Check-In/Bib &amp; T-Shirt Pick-Up will be located in the ...~fides_delim~totalcount
10 hills~fides_delim~https://www.radnet.com/lenox-hill-radiology/locations/acp-forest-hills~fides_delim~Lenox Hill Radiology | Forest Hills Radiology - RadNet~fides_delim~96-<em>10</em> Metropolitan Ave. Forest <em>Hills</em>, NY 11375. Phone: 718-544-5151. Fax:~fides_delim~totalcount
10 hills~fides_delim~https://www.acpny.com/find-a-provider/locations/forest-hills-medical-office~fides_delim~Forest Hills Medical Office | AdvantageCare Physicians~fides_delim~Forest <em>Hills</em> Medical Office at 96-<em>10</em> Metropolitan Ave Forest <em>Hills</em> NY 11375. Schedule a doctor appointment online with primary care physicians and ...~fides_delim~totalcount
10 hills~fides_delim~http://schneider.house.gov/~fides_delim~Congressman Brad Schneider | Representing the 10th District ...~fides_delim~<em>10th</em> News: New 118th Congress Finally Sworn In. January 12, 2023. |. Article. Image. Members being sworn in.&lt;/body&gt;&lt;/html&gt;.~fides_delim~totalcount
10 hills~fides_delim~https://www.chp.ca.gov/find-an-office/border-division/offices/(656)-desert-hills-commercial-vehicle-enforcement-facility~fides_delim~(656) Desert Hills Commercial Vehicle Enforcement Facility~fides_delim~47250 Interstate <em>10</em> ... The Desert <em>Hills</em> Facility is responsible for maintaining an effective program of the inspection of commercial vehicles to ensure ...~fides_delim~totalcount
10 hills~fides_delim~https://pensacolasports.org/bayouhillsrun/~fides_delim~Bayou Hills Run, City 5K / 10K Championships~fides_delim~The Bayou <em>Hills</em> Run is one of Pensacola's oldest running events and is partnered with the City of Pensacola to make it the Official Pensacola 5K and <em>10K</em> ...~fides_delim~totalcount
10 hills~fides_delim~https://www.blackhillsbadlands.com/business/old-style-saloon-10~fides_delim~Old Style Saloon #10 | Black Hills &amp; Badlands - South Dakota~fides_delim~<em>10</em>. Saloon No. <em>10</em> was originally located on placer claim number <em>10</em> from which it derived its name. It was a favorite of the Gold Boomer and pilgrim ...~fides_delim~totalcount
10 hills~fides_delim~https://wcc.sc.egov.usda.gov/nwcc/site?sitenum=438~fides_delim~Deadman Hill (438) - Site Information and Reports - USDA~fides_delim~Photograph is of the Deadman <em>Hill</em> SNOTEL site. 2023-January-<em>10</em> National Water and Climate Center; To Obtain the Daily Normals for the Period 1991-2020: ...~fides_delim~totalcount
10 hills~fides_delim~https://ir.berkshirebank.com/filings-financials/documents/default.aspx~fides_delim~Documents | Berkshire Hills Bancorp~fides_delim~~fides_delim~totalcount
10 hills~fides_delim~https://www.chinohills.org/1797/State-Route-71~fides_delim~State Route 71 - Caltrans Freeway Projects | Chino Hills, CA~fides_delim~The project will widen SR-71 between Interstate <em>10</em> and the Los Angeles/San Bernardino County line to convert the existing 4-lane expressway to a full 8-lane ...~fides_delim~totalcount
10 hills~fides_delim~https://library.arlingtonva.us/locations/aurora-hills-branch-library/~fides_delim~Aurora Hills Library - Arlington Public Library~fides_delim~Front of a one story low concrete building. Hours. Monday: <em>10</em> a.m. – 8 p.m.~fides_delim~totalcount
10 hills~fides_delim~https://wherearethosemorgans.com/best-things-to-do-near-mount-rushmore/~fides_delim~10 Best Things To Do Near Mount Rushmore Black Hills ...~fides_delim~Looking for the best things to do near Mount Rushmore? Here are the top <em>10</em> attractions around Mt Rushmore in the Black <em>Hills</em> of South Dakota.~fides_delim~totalcount
10 hills~fides_delim~https://www.statesman.com/story/news/2018/01/18/hate-the-hills-love-what-they-do-for-your-legs-10-to-try-in-austin/10144908007/~fides_delim~Hate the hills, love what they do for your legs? 10 to try in Austin~fides_delim~To get the most out of <em>hill</em> training, whether you're running or cycling, start with short <em>hills</em>, then build up to longer, more intimidating ones ...~fides_delim~totalcount
10 hills~fides_delim~https://www.raveco.com/location/ny/forest-hills~fides_delim~Forest Hills, NY: Obstetrics &amp; Gynecology: : Raveco Medical~fides_delim~Trusted Obstetrics &amp; Gynecology serving Forest <em>Hills</em>, NY. Contact us at 347-201-4617 or visit us at 70-<em>10</em> Austin Street, Suite 200, Forest <em>Hills</em>, NY 11375: ...~fides_delim~totalcount
10 hills~fides_delim~https://www.cinemaclock.com/theatres/rc-kill-devil-hills-movies-10~fides_delim~RC Kill Devil Hills Movies 10 - Cinema Clock~fides_delim~Movies now playing at RC Kill Devil <em>Hills</em> Movies <em>10</em> in Kill Devil <em>Hills</em>, NC. Detailed showtimes for today and for upcoming days.~fides_delim~totalcount
10 hills~fides_delim~https://nhs.castaicusd.com/apps/pages/index.jsp?uREC_ID=779008&type=d~fides_delim~School Calendar / Hours - Northlake Hills Elementary School~fides_delim~School Schedules: · REGULAR DAY SCHEDULE HOURS: 8:00 - 2:31 · KINDERGARTEN 8:00 - 9:45 Classtime · 1st, 2nd &amp; 3rd GRADE 8:00 - <em>10</em>:<em>10</em> Classtime · 4th, 5th &amp; 6th ...~fides_delim~totalcount
10 hills~fides_delim~https://www.summitbsa.org/nightmarewv/~fides_delim~NightmareWV - Haunted Attraction West Virginia, Haunted Trail~fides_delim~NightmareWV Haunted Attractions in West Virginia in the <em>Hills</em> is a experience like no other and is sure to be your newest ... 30th | Friday &gt; Open 7-<em>10</em>:30pm ...~fides_delim~totalcount
10 hills~fides_delim~https://www.asheville.com/movies/showtimes/carmike-10~fides_delim~AMC Classic River Hills 10 Movie Times - Asheville, NC~fides_delim~Theater listings and movie times for AMC Classic River <em>Hills 10</em>. Please call to confirm movie show times. All movie times are subject to change by local ...~fides_delim~totalcount
10 hills~fides_delim~https://www.youtube.com/watch?v=9A0BFp22Y98~fides_delim~Top 10 Most Memorable The Hills Moments - YouTube~fides_delim~Top <b>10</b> Memorable The <b>Hills</b> Moments // Subscribe: http://www.youtube.com/c/MsMojo?sub_confirmation=1In honor of its return, we&#39;re revisiting&nbsp;...~fides_delim~totalcount
10 hills~fides_delim~https://www.nhsd.net/~fides_delim~North Hills School District~fides_delim~North <em>Hills</em> School District. 135 Sixth Avenue Pittsburgh, PA 15229. Phone: 412-318-1000 | Fax: 412-318-1084.~fides_delim~totalcount
10 hills~fides_delim~https://www.onlyinyourstate.com/indiana/indianapolis/10-epic-sledding-hills-indianapolis/~fides_delim~Sledding Near Indianapolis Is A Blast On These 10 Hills~fides_delim~<em>10</em> Epic Sledding <em>Hills</em> Around Indianapolis That Will Make Your Winter Unforgettable · 2. Brookside Park · 3. Simon Moon Park.~fides_delim~totalcount
10 hills~fides_delim~https://www.broadcastify.com/listen/feed/21154~fides_delim~Los Angeles County Sheriff Dispatch 10 - Malibu/Lost Hills ...~fides_delim~Los Angeles County Sheriff Dispatch <em>10</em> - Malibu/Lost <em>Hills</em> Live Audio Feed on Broadcastify.com.~fides_delim~totalcount
10 hills~fides_delim~https://hudsonvalleyone.com/2023/01/22/top-10-free-sledding-hills-in-ulster-county-if-it-ever-snows/~fides_delim~Top 10 free sledding hills in Ulster County (if it ever snows)~fides_delim~This <em>hill</em> is postcard-perfect, appropriate for a town dedicated to the arts. 2 Hasbrouck Park Delaware Avenue • Kingston One of the most epic ...~fides_delim~totalcount
10 hills~fides_delim~https://riverhillswi.com/~fides_delim~Village of River Hills~fides_delim~Remember me. 2016-<em>10</em>-26-e1479243581392 · Home · Contact Info; About ... WELCOME TO RIVER <em>HILLS</em>, WISCONSIN. Fellow residents of the Village of River <em>Hills</em>:.~fides_delim~totalcount
10 hills~fides_delim~https://www.cvs.com/store-locator/forest-hills-ny-pharmacies/118-10-queens-boulevard-corner-of-78th-avenue-forest-hills-ny-11375/storeid=499~fides_delim~118-10 Queens Boulevard, Corner of 78th Avenue Forest Hills ...~fides_delim~Find store hours and driving directions for your CVS pharmacy in Forest <em>Hills</em>, NY. Check out the weekly specials and shop vitamins, beauty, medicine &amp; more ...~fides_delim~totalcount
10 hills~fides_delim~https://hiddenhillscabinsok.com/cabin/tumbledownlodge-cabin-in-broken-bow-ok-sleeps-10/~fides_delim~Tumbledown Lodge Cabin in Broken Bow, OK - Sleeps 10+~fides_delim~Hidden <em>Hills</em> Cabins ... Tumbledown Lodge Cabin in Broken Bow, OK – Sleeps <em>10</em>+ ... Able to accommodate <em>10</em> or more guests, this lodge features two master ...~fides_delim~totalcount
10 hills~fides_delim~https://www.pvta.com/schedules/R14.pdf~fides_delim~FEEDING HILLS/SPRINGFIELD AGAWAM INDUSTRIAL ...~fides_delim~FEEDING <em>HILLS</em>/SPRINGFIELD ... <em>10</em>:18. <em>10</em>:20. <em>10</em>:27. <em>10</em>:44. <em>10</em>:50. <em>10</em>:54 ... 2:<em>10</em> M. 2:25. 2:34. 2:15. 2:22. To/From Industrial Park.~fides_delim~totalcount
10 hills~fides_delim~https://www.thehotelguru.com/en-us/best-hotels/florence/the-hills~fides_delim~The 10 Best Hotels in the Hills of Florence, Italy | The Hotel Guru~fides_delim~The best hotels in Florence are hard to agree upon, but if you opt for one of our recommendations for the <em>10</em> best hotels in the <em>hills</em> of ...~fides_delim~totalcount
10 hills~fides_delim~https://www.newseasonsmarket.com/our-stores/raleighhills/~fides_delim~New Seasons Market Grocery Store Raleigh Hills Portland, OR~fides_delim~Raleigh <em>Hills</em>. store id: 7300 Southwest Beaverton Hillsdale Highway Portland, OR 97225 | Map. 7am - <em>10pm</em> (daily)~fides_delim~totalcount
10 hills~fides_delim~https://brookhills.org/~fides_delim~The Church at Brook Hills · Home~fides_delim~Come and go with us. Worship With Us. Worship Gatherings. On-Campus: 9:00am &amp; <em>10</em>:35am. Online ...~fides_delim~totalcount
10 hills~fides_delim~https://library.nrhtx.com/calendar.aspx~fides_delim~Calendar • North Richland Hills Library, TX • CivicEngage~fides_delim~Storytime2023-01-<em>04T10</em>:30:00. Young children, ages 3 to 6 years, are invited to enjoy a variety of stories, action rhymes, and songs.~fides_delim~totalcount
10 hills~fides_delim~https://westlakehills.org/133/Utilities~fides_delim~Utilities | West Lake Hills, TX - Official Website~fides_delim~Utilities ; Utility, Service Provider, Phone ; ELECTRIC, Austin Energy, (512)-322-9100 ; GAS, Texas Gas, (800)-700-2443 ; WATER, Water District <em>10</em>, (512)-327-2230~fides_delim~totalcount
10 hills~fides_delim~https://www.thecheesecakefactory.com/location/tulsa-ok/menu/10-inch-whole-cheesecakes-and-specialty-cakes~fides_delim~10-inch Whole Cheesecakes and Specialty Cakes~fides_delim~Order <em>10</em>-inch Whole Cheesecakes and Specialty Cakes online from Woodland <em>Hills</em> Mall (Tulsa, OK), OK, Tulsa.~fides_delim~totalcount
10 hills~fides_delim~https://wolfpack.guhsd.net/~fides_delim~West Hills High School - Home - Santee~fides_delim~JV Girl's Basketball vs Granite <em>Hills</em>. 5:00 pm - 7:00 pm ... PTSA · West <em>Hills</em> High School Foundation; Important Student Registration Info: ... Mar <em>10</em>, 2022.~fides_delim~totalcount
10 hills~fides_delim~https://snohomishcountywa.gov/Facilities/Facility/Details/Lord-Hill-Regional-Park-35~fides_delim~Lord Hill Regional Park - Snohomish County~fides_delim~<em>10</em>/11 and <em>10</em>/18/22: Educational Training for Sky Valley Students occurred in Lord <em>Hill</em>, taught by Washington Trails Association; <em>10</em>/19/22 Snohomish County ...~fides_delim~totalcount
10 hills~fides_delim~https://www.thetaverngrill.com/location/tavern-grill-arden-hills/~fides_delim~Arden Hills, MN | Hours + Location - The Tavern Grill~fides_delim~Arden <em>Hills</em>. Add yourself to our waitlist ... Sunday Brunch* <em>10</em> AM - 2 PM *Dine-in Only. Full Menu is available starting at 11 AM, every day.~fides_delim~totalcount
10 hills~fides_delim~https://www.outerbanks.com/top-10-kitty-hawk-kdh.html~fides_delim~Top 10 Things to do in Kitty Hawk &amp; Kill Devil Hills~fides_delim~Kill Devil <em>Hills</em> 252-473-2111 Map It · The Wright Brothers Memorial is an unmistakable landmark on the Outer Banks scene, and can be easily spotted during ...~fides_delim~totalcount
10 hills~fides_delim~https://www.copperhills.org/~fides_delim~Copper Hills Church - Peoria~fides_delim~Weekend Services at Copper <em>Hills</em>. Join us on campus or online for our weekend gatherings. Regular Service Times: Sunday at 8:30, <em>10</em>:00, and 11:30 a.m..~fides_delim~totalcount
10 hills~fides_delim~https://regencymovies.com/main.php?theaterId=26~fides_delim~Welcome to Granada Hills 9 - Regency Theatres~fides_delim~Welcome to Granada <em>Hills</em> 9 - Granada <em>Hills</em> ; NOW PLAYING CLICK ON A SHOW TIME TO PURCHASE TICKETS ONLINE. Avatar: The Way of Water (PG-13) · 12:<em>10p</em> 4:20p 8:30p ...~fides_delim~totalcount
10 hills~fides_delim~https://www.kcur.org/community/2013-07-11/kansas-flint-hills-considered-one-of-10-iconic-us-drives~fides_delim~Kansas&#39; Flint Hills Considered One Of &#39;10 Iconic US Drives&#39;~fides_delim~A drive through the Flint <em>Hills</em> in Kansas is one of the <em>10</em> iconic U.S. drives, according to Smarter Travel.Route 177 from Cassoday, ...~fides_delim~totalcount
