100 volt battery~fides_delim~https://snowjoe.com/products/snow-joe-sun-joe-ion100v-5amp-lithium-ion-battery-100-volt-5-0-ah-dual-usb-ports-for-advanced-smart-phone-charging~fides_delim~Snow Joe + Sun Joe iON100V-5AMP 100V Lithium-iON ...~fides_delim~Snow Joe + Sun Joe <em>iON100V</em>-5AMP Lithium-iON <em>Battery</em> | <em>100</em>-<em>Volt</em> | 5.0-Ah | Dual USB Ports for Advanced Smart Phone Charging 2.4 out of 5 stars. Read reviews for ...~fides_delim~totalcount
100 volt battery~fides_delim~https://www.aliexpress.com/item/32968165851.html~fides_delim~Lithium 100v 6ah 100v High Voltage Battery Pack 96v Dc ...~fides_delim~Lithium 100V 6Ah 100v High voltage <em>battery</em> pack 96v DC output li-ion <em>battery</em> 28S 20A BMS customize 6000mah Wh + 117.6<em>v</em> 2A charger + free shipping ; <em>Battery</em> Type:.~fides_delim~totalcount
100 volt battery~fides_delim~https://www.alibaba.com/showroom/lithium-ion-battery-100-volt.html~fides_delim~lithium ion battery 100 volt for Electronic Appliances~fides_delim~Lithium Ion <em>Battery 100 Volt</em> ; $258.00-$278.00/ piece ; +$433.16(Shipping) ; 1 piece(MOQ).~fides_delim~totalcount
100 volt battery~fides_delim~https://www.alibaba.com/showroom/100v-battery.html~fides_delim~Super Performance 100v Battery At Enticing Deals~fides_delim~120AH 3.2<em>v</em> Primastic Lithium Ion <em>Battery</em> PACK for 12V 24V 36V 48V <em>100V</em> 200V LFP <em>Battery</em> Pack. $87.00-$95.00 / piece. 100.0 pieces(Min. order).~fides_delim~totalcount
100 volt battery~fides_delim~https://www.flexshopper.com/product/snow-joe-sun-joe-ion100v-5amp-lithium-ion-battery-or-100-volt-or-50-ah-or-dual-usb-ports-for-advanced-smart-phone-charging-ion100v-5amp-snowjoe~fides_delim~Snow Joe + Sun Joe iON100V-5AMP Lithium-iON Battery ...~fides_delim~Supercharge the next generation of cordless iON tools with the all-new <em>100</em>-<em>Volt</em> 5.0 Ah lithium-ion <em>battery</em>.Introducing <em>iON100V</em>. Compatible with all Snow Joe and ...~fides_delim~totalcount
100 volt battery~fides_delim~https://www.menards.com/main/tools/power-tool-accessories/power-tool-batteries-chargers/snow-joe-reg-sun-joe-reg-100-volt-lithium-ion-battery/ion100v-2-5amp/p-1553754510479-c-14196.htm~fides_delim~Snow Joe® Sun Joe® 100-Volt Lithium-Ion 2.5Ah Battery~fides_delim~Supercharge the next generation of cordless iON tools with the all-new <em>100</em>-<em>Volt</em> 2.5 Ah lithium-ion <em>battery</em>. Compatible with all Snow Joe® and Sun Joe® ...~fides_delim~totalcount
100 volt battery~fides_delim~https://www.globalindustrial.com/p/ion100v-25amp-lithium-ion-battery-100-volt-25-ah~fides_delim~Snow Joe® + Sun Joe iON100V-2.5AMP Lithium-iON ...~fides_delim~Snow Joe® + Sun Joe iON100V-2.5AMP Lithium-iON <em>Battery</em>, <em>100</em>-<em>Volt</em>, 2.5 Amp Hours. Usually ships in2 days. Buy it and Save at GlobalIndustrial.com.~fides_delim~totalcount
100 volt battery~fides_delim~https://www.mothbattery.com/snow-joe-174-sun-joe-ion100v-5amp-lithium-ion-battery-100-volt-5-amp-hours/~fides_delim~Snow Joe® + Sun Joe iON100V-5AMP Lithium-iON ...~fides_delim~Looking? Our Snow Joe® + Sun Joe iON100V-5AMP Lithium-iON <em>Battery</em>, <em>100</em>-<em>Volt</em>, 5 Amp Hours are just the piece you need. Free Worldwide delivery.~fides_delim~totalcount
100 volt battery~fides_delim~https://www.lowes.com/pd/Snow-Joe-100-Volt-2-5-Ah-Lithium-Ion-Battery-with-USB-Port/5013028557~fides_delim~Snow Joe 100 Volt 2.5 Ah Lithium Ion Battery with USB Port~fides_delim~<em>100 Volt</em> lithium-ion technology — high-capacity cells with no-fade power for maximum job performance · Compatible with all Snow Joe Sun Joe <em>iON100V</em> series ...~fides_delim~totalcount
100 volt battery~fides_delim~https://www.homedepot.com/p/Snow-Joe-21-in-100-Volt-Brushless-Lithium-iON-Single-Stage-Cordless-Electric-Snow-Blower-Kit-with-5-0-Ah-Battery-Charger-ION100V-21SB/308507422~fides_delim~Snow Joe 21 in. 100-Volt Brushless Lithium-iON Single Stage ...~fides_delim~Product Details · Equipped with a single, powerful <em>100</em>-<em>Volt</em> 5.0 Ah <em>battery</em> featuring exclusive ECOSHARP technology provides up to 30-minutes of runtime on a ...~fides_delim~totalcount
100 volt battery~fides_delim~https://www.homedepot.com/collection/Outdoors/Snow-Joe-100-Volt-Series/Family-311945111~fides_delim~Snow Joe 100-Volt Series - The Home Depot~fides_delim~Shop our Outdoors Department to customize your Snow Joe <em>100</em>-<em>Volt</em> Series today at ... Stage Cordless Electric Snow Blower Kit with 5.0 Ah <em>Battery</em> + Charger.~fides_delim~totalcount
100 volt battery~fides_delim~https://www.rcwilley.com/Outdoor/Lawn-Garden/Snow-Blowers/iON100V-5.0Ah/112185680/Snow-Joe-100-Volt-5.0-Ah-Lithium-Ion-Battery-View~fides_delim~Snow Joe 100 Volt 5.0 Ah Lithium-Ion Battery | RC Willey~fides_delim~Power your Snow Joe and Sun Joe yard tools with this <em>100 Volt</em> 5. 0Ah lithium-ion <em>battery</em>. This <em>battery</em> will provide no-fade power while you are clearing ...~fides_delim~totalcount
100 volt battery~fides_delim~https://www.sears.com/snow-joe-sun-joe-ion100v-rch-rapid/p-A045769827~fides_delim~Snow Joe iON100V-RCH Rapid Charger for 100 Volt ... - Sears~fides_delim~CHARGED UP! Take charge of your cordless tools with the iON100V Lithium-Ion <em>Battery</em> Rapid Charger from SNOW JOE. Designed to work specifically with SNOW ...~fides_delim~totalcount
100 volt battery~fides_delim~https://www.partssource.com/parts/sun-joe/ION100V5AMP~fides_delim~ion100v-5amp lithium-ion battery, 100-volt, 5 amp hours~fides_delim~Buy Sun Joe ION100V-5AMP ION100V-5AMP LITHIUM-ION <em>BATTERY</em>, <em>100</em>-<em>VOLT</em>, 5 AMP HOURS at PartsSource. Largest Online marketplace for Medical Equipment ...~fides_delim~totalcount
100 volt battery~fides_delim~https://www.invertersupply.com/index.php?main_page=product_info&products_id=29568~fides_delim~Vanner Inc 70-100CAN - Inverter Supply~fides_delim~Vanner Inc, 70-<em>100CAN</em>, <em>Battery</em> Equalizer, 24 to 12 <em>Volt 100</em> Amp w/ Monitor (Internal EM-70D) ... The Vanner VANN-Bus CAN Power Management System is an efficient ...~fides_delim~totalcount
100 volt battery~fides_delim~https://www.zoro.com/snow-joe-lithium-ion-battery-100-volt-50-ah-ion100v-5amp/i/G3971640/~fides_delim~Snow Joe Lithium-iON Battery 100-Volt 5.0-Ah ION100V-5AMP~fides_delim~Supercharge the next generation of cordless iON tools with the all-new <em>100</em>-<em>Volt</em> 5.0 Ah lithium-ion <em>battery</em>.Introducing <em>iON100V</em>. Compatible with all Snow Joe and ...~fides_delim~totalcount
100 volt battery~fides_delim~https://www.walmart.com/ip/Snow-Joe-Sun-Joe-100-Volt-iONPRO-Starter-Kit-3-0-Amp-Battery-Rapid-Charger/721933764~fides_delim~Snow Joe + Sun Joe 100-Volt iONPRO Starter Kit, 3.0 Amp ...~fides_delim~Buy Snow Joe + Sun Joe <em>100</em>-<em>Volt</em> iONPRO Starter Kit, 3.0 Amp <em>Battery</em>, Rapid Charger at Walmart.com.~fides_delim~totalcount
100 volt battery~fides_delim~https://www.quora.com/How-can-I-use-a-100-volt-battery-when-I-dont-have-electricity~fides_delim~How can I use a 100 volt battery when I don&#39;t have electricity?~fides_delim~It might be hard to find AC inverter that will run on <em>100 volts</em> . It may be better to find 12 <em>volt</em> deep cycle <em>batteries</em> and use common available parts .~fides_delim~totalcount
100 volt battery~fides_delim~https://cart.electricscooterparts.com/7-100-volt-dc-red-led-digital-voltmeter-with-battery-level-indicator~fides_delim~7-100 Volt DC Red LED Digital Voltmeter with Battery ...~fides_delim~Shockproof digital <em>Voltmeter</em>. 7-<em>100 Volt</em> DC Voltage range. Works with 12 <em>Volt</em>, 24 <em>Volt</em>, 36 <em>Volt</em>, 48 <em>Volt</em>, 60 <em>Volt</em>, 72 <em>Volt</em>, and 84 <em>Volt battery</em> packs.~fides_delim~totalcount
100 volt battery~fides_delim~https://teragysolar.com/products/nova-series-100-ah-lithium-12-volt-battery~fides_delim~Nova Series 100 AH Lithium 12 Volt Battery - Teragy~fides_delim~Nova Series <em>100</em> AH Lithium 12 <em>Volt Battery</em> ... Built For - Casual / weekend off-grid living. Small van, camper, and truck builds. Energy Dense – Pack up to 300% ...~fides_delim~totalcount
100 volt battery~fides_delim~https://www.foreverpureplace.com/12-100-13-wc-p/12-100-13.wc.htm~fides_delim~Electric Forklift Battery with Cover 12-100-13.wc, 24 Volt ...~fides_delim~Electric Forklift Deep Cycle Lead Acid <em>Battery</em> with Removable Cover, 24 <em>Volt</em>, 600 Ah (at 6 hr.) *Some 24 <em>Volt batteries</em> do not come with a cover, the image is ...~fides_delim~totalcount
100 volt battery~fides_delim~https://www.mtechlithium.com/products/starting-battery-12-volt-100-amp-hour-750-cca~fides_delim~Starting Battery 12 Volt 100 Amp Hour - 1150CCA~fides_delim~12 <em>Volt 100</em> Amp hour starting <em>battery</em> with 1150 cold cranking amps. Have a marine motor with more than 150 horsepower? This is the <em>battery</em> for you.~fides_delim~totalcount
100 volt battery~fides_delim~https://www.boundlessoutfitters.com/product/victron-smart-lithium-lifepo4-marine-battery-25-6-volt-100-amp-hour/~fides_delim~Victron Smart Lithium LiFePO4 Marine Battery, 25.6 Volt ...~fides_delim~Victron Smart Lithium LiFePO4 Marine <em>Battery</em>, 25.6 <em>V</em>, <em>100</em> A-H, is the size of a group 4D <em>battery</em>, but has more capacity and lower weight.~fides_delim~totalcount
100 volt battery~fides_delim~https://www.youtube.com/watch?v=qlkFHJvizgw~fides_delim~Snow Joe 100 Volt Brushless Lithium-iON Cordless Single ...~fides_delim~~fides_delim~totalcount
100 volt battery~fides_delim~https://www.renegadebattery.com/products/power-sport-batteries/rg4l-bs-12-volt-3-amp-sealed-battery-100-ccas/~fides_delim~RG4L-BS 12 Volt 3 Amp Sealed Battery 100 CCA&#39;s~fides_delim~12 <em>Volt</em>, 3 Amp Premium AGM Sealed Maintenance Free <em>Battery</em>.RG4L-BS In stock. Fully charged and tested. Orders placed by 1:00PM (M-F) will ship that day from ...~fides_delim~totalcount
100 volt battery~fides_delim~https://m.youtube.com/watch?v=iugzPoecoEw~fides_delim~Snow Joe iON100V-21SB 100-Volt iONPRO - Setup and Review~fides_delim~~fides_delim~totalcount
100 volt battery~fides_delim~https://windandsolar.com/100-volt-digital-dc-meter-gang-box/~fides_delim~100 Volt Digital Meter - Missouri Wind and Solar~fides_delim~<em>100 Volt</em> Digital DC Meter in Gang Box with blue LED display does not require a separate power supply. Accurately monitor your <em>battery</em> voltage with our DC ...~fides_delim~totalcount
100 volt battery~fides_delim~https://inverterservicecenter.com/vanner-66-100-voltmaster-battery-equalizer-24-volt-input-to-12-volt-output-100-amp~fides_delim~Battery Equalizer - Vanner Voltmaster 100 Amp - 66-100~fides_delim~Vanner <em>100</em> Amp Equalizer reliable method of obtaining a 12 <em>volt</em> DC power source from a 24 <em>volt</em> DC electrical system In addition to providing regulated 12 ...~fides_delim~totalcount
100 volt battery~fides_delim~https://dragonflyenergy.com/product/100-ah-12v-lifepo4-deep-cycle-battery/~fides_delim~100Ah 12V LiFePO4 Battery - Dragonfly Energy~fides_delim~<em>100</em> Amp Hour, 12 <em>Volt Battery</em>; LiFePO4 Chemistry; 3000- 5000 Cycles; Compatible with your current charger, smart charger or inverter charger ...~fides_delim~totalcount
100 volt battery~fides_delim~https://fishingcompleteinc.com/products/millertech-lithium-battery-starting-battery-12-volt-100-amp-hour-1150cca~fides_delim~MillerTech Lithium Battery-Starting Battery 12 Volt 100 ...~fides_delim~12 <em>Volt 100</em> Amp hour starting <em>battery</em> with 1150 cold cranking amps. Have a marine motor with more than 150 horsepower? This is the <em>battery</em> for you.~fides_delim~totalcount
100 volt battery~fides_delim~https://battlebornbatteries.com/product/12v-lifepo4-deep-cycle-battery/~fides_delim~100Ah 12V LiFePO4 Deep Cycle Battery~fides_delim~Meet the <em>100</em> Ah 12 <em>V</em> LiFePO4 Deep Cycle <em>battery</em>, the pinnacle of deep cycle lithium-ion <em>battery</em> technology! Our <em>100</em> amp hour, 12 <em>volt battery</em> weighs only 31 ...~fides_delim~totalcount
100 volt battery~fides_delim~https://solarmyplace.com/products/relion-rb100-hp-100-amp-hour-lithium-ion-12-volt-battery~fides_delim~RELiON RB100-HP 100 Amp-hour Lithium Ion 12 Volt ...~fides_delim~Our RB100-HP is a dual-purpose 12V, <em>100</em> Ah lithium <em>battery</em>. Our HP Series <em>batteries</em> are high performing dual purpose deep cycle <em>batteries</em> that can handle ...~fides_delim~totalcount
100 volt battery~fides_delim~https://www.tsa.gov/travel/security-screening/whatcanibring/items/lithium-batteries-100-watt-hours-or-less-device~fides_delim~Lithium batteries with 100 watt hours or less in a device - TSA~fides_delim~Spare (uninstalled) lithium ion and lithium metal <em>batteries</em>, including power banks and cell phone <em>battery</em> charging cases, must be carried in carry-on ...~fides_delim~totalcount
100 volt battery~fides_delim~https://www.lithium-battery-factory.com/product/lifepo4-battery-12v-100ah/~fides_delim~【NEW】 100 Ah 12 V LiFePO4 Deep Cycle Battery~fides_delim~Payment methods : L/C, D/P,T/T, PayPal, Western Union ; Port: Guangzhou/Shenzhen ; BSLBATT LITHIUM 12V <em>100AH</em> DEEP CYCLE LIFEPO4 <em>BATTERY</em>. Meet the <em>100</em> Ah 12 <em>V</em> ...~fides_delim~totalcount
100 volt battery~fides_delim~https://automotivetools.com/products/290/associated-equipment/6002b/battery-charger-6121824-volt-100-amp-600-amp-boost~fides_delim~Battery Charger, 6 / 12 / 18 / 24 Volt, 100 Amp, 600 ...~fides_delim~<em>Battery</em> Charger, 6 / 12 / 18 / 24 <em>Volt</em>, <em>100</em> Amp, 600 Amp Boost (Associated Equipment - Model 6002B). Price: $889.98. Quantity: Add to Cart.~fides_delim~totalcount
100 volt battery~fides_delim~https://remybattery.com/bsl-12-volt-100-ah-lifepo4-battery.html~fides_delim~BSL 12 Volt 100 Ah LIFEPO4 Battery, B-LFP12-100~fides_delim~The BSL Bullspower, B-LFP12-<em>100</em>, is a 12 <em>Volt 100</em> Ah Lithium Iron Phosphate (LiFePO4) <em>Battery</em> that is excellent for deep cycle, stand-by and solar ...~fides_delim~totalcount
100 volt battery~fides_delim~https://www.custommarineproducts.com/store/p109/LiFePO4_Lithium_Marine_Battery_-_100_Ah_12.8_Volt_100_amp_BMS_with_Bluetooth.html~fides_delim~LiFePO4 battery - Custom Marine Products~fides_delim~LiFePO4 Lithium Marine <em>Battery</em> - <em>100</em> Ah 12.8 <em>Volt 100</em> amp BMS with Bluetooth ... This 12 <em>V100</em> Ah Lithium LiFePO4 <em>battery</em> is designed for house marine applications ...~fides_delim~totalcount
100 volt battery~fides_delim~https://www.timeusbpower.com/products/100ahpro~fides_delim~Timeusb 12.8V 100Ah Pro 1280Wh LiFePO4 Battery Built ...~fides_delim~Timeusb 12V <em>100Ah</em> Lithium <em>Battery</em> Rechargeable LiFePO4 for RV Solar System Off-grid. Meet the <em>100</em> Ah 12 <em>V</em> LiFePO4 Deep Cycle <em>battery</em>, the pinnacle of deep ...~fides_delim~totalcount
100 volt battery~fides_delim~https://www.mightymaxbattery.com/shop/12v-sla-batteries/12v-100ah-sla-battery/~fides_delim~ML100-12 - 12 Volt 100 AH, Internal Thread (INT) Terminal ...~fides_delim~Buy now ML100-12 - 12 <em>Volt 100</em> AH, Internal Thread (INT) Terminal, Rechargeable SLA AGM <em>Battery</em>. Mighty Max <em>Battery</em> is the name you can trust for all your ...~fides_delim~totalcount
100 volt battery~fides_delim~https://www.mightymaxbattery.com/shop/lifepo4/ml100-12li-12v-100ah-deep-cycle-lithium-battery/~fides_delim~12 Volt 100 AH Deep Cycle Lithium Iron Phosphate (LiFePO4 ...~fides_delim~Invest in power with the Mighty Max 12V <em>100ah</em> Lithium Iron Phosphate <em>Battery</em>. The <em>ML100</em>-12LI will take your deep cycle <em>battery</em> experience to ...~fides_delim~totalcount
100 volt battery~fides_delim~https://lithiumhub.com/product/12-volt-100ah-lithium-deep-cycle-battery/~fides_delim~12 Volt 100Ah Lithium Deep Cycle Battery - LithiumHub~fides_delim~125.side; Ionic Lithium Deep Cycle 12 <em>Volt 100Ah Battery</em> Front View Dimensions ... Our 12V <em>100Ah battery</em> is <em>100</em>% compatible with Yamaha &amp; Mercury motors ...~fides_delim~totalcount
100 volt battery~fides_delim~https://www.youtube.com/watch?v=oIbGdzuPDOs~fides_delim~Snow Joe iON100V-21SB 100 Volt Snow Blower ... - YouTube~fides_delim~~fides_delim~totalcount
100 volt battery~fides_delim~https://theinverterstore.com/product/12-volt-100-amps-agm-deep-cycle-maintenance-free-battery-heavy-duty/~fides_delim~12 Volt Battery | 100 AMP AGM DEEP CYCLE~fides_delim~12 <em>VOLT 100</em> AMPS AGM DEEP CYCLE MAINTENANCE FREE <em>BATTERY</em> HEAVY DUTY ... 12V, <em>100Ah</em>, &gt;500 charge/discharge cycles maintaining 50% depth of discharge, replaces 12V ...~fides_delim~totalcount
100 volt battery~fides_delim~https://trophybattery.com/~fides_delim~Trophy Battery – premium name-brand cells and quality ...~fides_delim~51.2 <em>Volts</em> Nominal. <em>Battery</em> Heater ... This video shows the superiority of Trophy <em>Batteries</em>. The two <em>batteries</em> in the front are our <em>48V100E</em>-1 <em>batteries</em>.~fides_delim~totalcount
100 volt battery~fides_delim~https://www.batterysharks.com/12-Volt-100-Amp-Deep-Cycle-Battery-p/12v-100ah-dc_b12-100.htm~fides_delim~12 Volt 100 Amp Deep Cycle Battery~fides_delim~Deep Cycle 12 <em>Volt 100</em> Amp <em>Battery</em> (Replacement) - 12 <em>Volts 100</em> AH NB terminal · Our Sealed Lead Acid <em>batteries</em> can be used in the following applications: ...~fides_delim~totalcount
100 volt battery~fides_delim~https://shop.pkys.com/Victron-Energy-CCH012100000-Centaur-12100-Battery-Charger-12-Volt-100-Amp_p_1747.html~fides_delim~Victron Energy CCH012100000 Centaur 12/100 Battery ...~fides_delim~Victron Centaur <em>Battery</em> Charger 12/<em>100</em> 12 <em>volt 100</em> Amp.~fides_delim~totalcount
100 volt battery~fides_delim~https://www.ecodirect.com/RELiON-RB100-12-Volt-100AH-Lithium-Battery-p/relion-rb100.htm~fides_delim~RELiON 12 Volt 100 Amp Hour Lithium Battery - RB100~fides_delim~RELiON 12 <em>Volt 100</em> Amp Hour Lithium <em>Battery</em> - RB100 • EcoDirect.com sells MK Solar <em>Batteries</em> at the lowest cost. Order Online or Call Us! 888-899-3509.~fides_delim~totalcount
100 volt battery~fides_delim~https://www.renogy.com/12v-100ah-smart-lithium-iron-phosphate-battery/~fides_delim~12V 100Ah Smart Lithium Iron Phosphate Battery - Renogy~fides_delim~<em>Battery</em> Type: Lithium Iron Phosphate ; Rated Capacity: <em>100AH</em> ; Nominal Voltage: 12.8<em>V</em> ; Cycle Life(0.2C,25℃): 80%DOD 4000 Cycles ; Connection Method: Parallel.~fides_delim~totalcount
100 volt battery~fides_delim~https://www.windynation.com/Monocrystalline-Solar-Panels/WindyNation-Inc/WindyNation-100-Watt-12-Volt-Monocrystalline-Solar-Panel-Battery-Charger-for-RV-Boat-Cabin-Off-Grid-Appl/-/7151?p=YzE9OA==~fides_delim~WindyNation 100 Watt 12 Volt Monocrystalline Solar Panel ...~fides_delim~Multiple Windy Nation <em>100</em> Watt Solar Panels can be wired in parallel to increase charging current (amps) to a 12 <em>volt battery</em> or can be wired in series to ...~fides_delim~totalcount
100 volt battery~fides_delim~https://www.mechanixgear.com/products/100-amp-6-12-volt-battery-load-tester~fides_delim~ATD Tools 5488 100 Amp 6 &amp; 12 Volt Battery Load Tester~fides_delim~For conventional and maintenance free <em>batteries</em> in cars, light trucks, lawn tractors and RVs Test 6 and 12 <em>Volt Batteries</em> up to <em>100</em> Cold Cranking Amps Heavy ...~fides_delim~totalcount
100 volt battery~fides_delim~https://www.groupon.com/deals/gg-cm-snow-joe-lithium-ion-battery-100-volt-5-0-ah~fides_delim~Snow Joe Lithium-iON Battery / 100-Volt / 5.0-Ah - Groupon~fides_delim~Supercharge the next generation of cordless iON tools with the all-new <em>100</em>-<em>Volt</em> 5.0 Ah lithium-ion <em>battery</em>. Introducing <em>iON100V</em>. Compatible with all Snow ...~fides_delim~totalcount
100 volt battery~fides_delim~https://www.bestbuy.com/site/snow-joe-ion100v-21sb-100-volt-ionpro-cordless-brushless-snowblower-kit--21-inch--w-5-0-ah-battery-and-charger-blue-black/6441621.p?skuId=6441621~fides_delim~Snow Joe iON100V-21SB 100-Volt iONPRO Cordless ...~fides_delim~Shop Snow Joe iON100V-21SB <em>100</em>-<em>Volt</em> iONPRO Cordless Brushless Snowblower Kit | 21-Inch | W/ 5.0-Ah <em>Battery</em> and Charger Blue &amp; Black at Best Buy.~fides_delim~totalcount
100 volt battery~fides_delim~https://www.centurytool.net/BA6_Solar_100_1200_CCA_Digital_4_5_16_Volt_Tester_p/solba6.htm~fides_delim~BA6 Solar 100-1200 CCA Digital 4.5-16 Volt Battery and ...~fides_delim~The BA6 <em>Battery</em> and System Tester features an operating range of 4.5-16V and is optimized to test six distinct <em>battery</em> types: Conventional Flooded Acid, ...~fides_delim~totalcount
100 volt battery~fides_delim~https://thesolarstore.com/upg-ub121000-agm-sealed-lead-acid-agm-battery-12-volt-100-amps-p-1031.html~fides_delim~UPG UB121000 AGM Sealed Lead Acid (AGM) Battery~fides_delim~Universal Sealed Lead Acid <em>Batteries</em>. This 12 <em>volt 100</em> amp hour AGM sealed lead acid <em>battery</em> is the valve-regulated type (sometimes called "sealed" or ...~fides_delim~totalcount
100 volt battery~fides_delim~https://www.specialized.net/franklin-scp-100-12v-6v-battery-tester-and-conductance-meter.html~fides_delim~Franklin Grid SCP-100 Celltron SCP 6/12 Volt Battery Tester ...~fides_delim~The Franklin Electric Grid Solutions SCP-<em>100</em> Secure Power SCP 6/12 is an economical 6V / 12V <em>battery</em> conductance tester.~fides_delim~totalcount
100 volt battery~fides_delim~https://www.fiberoptics4sale.com/products/franklin-grid-sp-scp-100-6-12-volt-battery-tester-and-conductance-meter~fides_delim~Franklin Grid SP-SCP-100 6/12 Volt Battery Tester and ...~fides_delim~Franklin Grid SP-SCP-<em>100</em> 6/12 <em>Volt Battery</em> Tester and Conductance Meter The Franklin Electric Grid Solutions (formerly Midtronics) SP-SCP-<em>100</em> Secure Power ...~fides_delim~totalcount
100 volt battery~fides_delim~https://joesfactoryoutlet.com/products/snow-joe-100-volt-ionpro-24-in-cordless-dual-stage-snow-blower-with-2-x-5-0-ah-batteries-and-charger~fides_delim~Snow Joe 100-Volt iONPRO 24 in. Cordless Dual-Stage Snow ...~fides_delim~Equipped with powerful <em>100</em>-<em>Volt</em> 5.0 Ah <em>batteries</em> featuring exclusive ECOSHARP technology provides up to 25 minutes of runtime on a single charge - clears up ...~fides_delim~totalcount
100 volt battery~fides_delim~https://www.sterling-power-usa.com/ProSplit-R24V100amp2out.aspx~fides_delim~zero volt drop marine battery isolator - Sterling Power USA~fides_delim~ProSplit-R Zero <em>Volt</em> Drop Marine <em>Battery</em> Isolator (24V, <em>100</em> Amp, 2 Output) · “Zero <em>Volt</em> Drop” says it all. · Zero <em>Volt</em> Drop means no heat due to current induced ...~fides_delim~totalcount
100 volt battery~fides_delim~https://batteryuniversity.com/article/bu-409-charging-lithium-ion~fides_delim~BU-409: Charging Lithium-ion - Battery University~fides_delim~Figure 3: <em>Volts</em>/capacity vs. time when charging lithium-ion ... <em>battery</em> may not be fully charged when the “ready” signal appears; a <em>100</em> percent charge on a ...~fides_delim~totalcount
100 volt battery~fides_delim~https://www.surpluscenter.com/Truck-Trailer/Battery-Chargers-Jumper-Cables/Battery-Chargers/2-15-100-Amp-12-Volt-Peak-PKC0C100-Battery-Charger-Starter-11-3622.axd~fides_delim~2/15/100 Amp 12 Volt Peak PKC0C100 Battery Charger/Starter~fides_delim~2/15/<em>100</em> Amp 12 <em>Volt</em> Peak PKC0C100 <em>Battery</em> Charger/Starter, <em>Battery</em> Chargers, 2/15/<em>100</em> AMP 12 <em>VOLT</em> AUTOMATIC <em>BATTERY</em> CHARGER WITH ENGINE START ...~fides_delim~totalcount
100 volt battery~fides_delim~https://www.sumppumpsdirect.com/Pro-Series-B12-100/p108214.html~fides_delim~Pro Series B12-100 12-Volt 100-Amp Hour Maintenance Free ...~fides_delim~PHCC Pro Series Maintenance Free AGM Standby <em>Battery</em>; Provides long runtimes in backup applications; Works with Virtually All Types of Back-Up Systems ...~fides_delim~totalcount
100 volt battery~fides_delim~https://www.hurricanewindpower.com/hurricane-battery-12-volt-100-amp-hour-lithium-iron-phosphate-lifepo4-battery/~fides_delim~Hurricane Battery 12 Volt 100 Amp Hour Lithium Iron ...~fides_delim~Hurricane <em>Battery</em> · 12V <em>100Ah</em> Lithium Iron Phosphate LiFePO4 <em>Battery</em> · Superior Power Density Prismatic Cells! · Assembled in the USA...lets face it those guys are ...~fides_delim~totalcount
100 volt battery~fides_delim~https://www.nexperia.com/applications/sub-systems/battery-powered-bldc-motor-control.html~fides_delim~Battery-powered motor control drive (25-100 V) - Nexperia~fides_delim~<em>Battery</em>-powered motor control drive (25-<em>100 V</em>). Thanks to the rise of powerful motors which can be driven by a heavy duty lithium <em>battery</em> that can be ...~fides_delim~totalcount
100 volt battery~fides_delim~https://www.youtube.com/watch?v=xnbSPc4QRbc~fides_delim~SunJoe 21 in. 100-Volt Cordless Battery-Powered ... - YouTube~fides_delim~~fides_delim~totalcount
100 volt battery~fides_delim~https://www.batterymart.com/p-bpl24-100-lithium-sla-battery.html~fides_delim~24 Volt, 100 Ah Lithium Iron (LiFePO4) Rechargeable Battery~fides_delim~Find a quality selection of sealed lead acid <em>batteries</em> at <em>Battery</em> Mart. Our SLA <em>batteries</em> for sale are perfect for applications such as golf carts, ...~fides_delim~totalcount
100 volt battery~fides_delim~https://allbatterysalesandservice.com/sure-power-100-amp-battery-equalizer-24-to-12v-21100e00~fides_delim~Sure Power 100 Amp Battery Equalizer (24 to 12V)~fides_delim~The Equalizer thus, maximizes the life of the <em>batteries</em> in a dual <em>battery</em> system. Converts provide fixed outputs to power 12 <em>volt</em> loads directly, where a 12 ...~fides_delim~totalcount
100 volt battery~fides_delim~https://www.hatchethardware.com/products/schumacher-bt-100-battery-load-tester-volt-meter-6-volt-100-amp~fides_delim~Schumacher BT-100 Battery Load Tester Volt Meter, 6 Volt ...~fides_delim~Highlights: <em>Battery</em> Load tester And <em>Volt</em> Meter <em>100</em> amp test load for 6 <em>Volt</em> 50 amp test load for 12 <em>Volt</em> Test 6 <em>Volt</em> and 12 <em>Volt batteries</em> up to 1000 CCA ...~fides_delim~totalcount
100 volt battery~fides_delim~https://www.currentconnected.com/product/sk48v100/~fides_delim~SOK Battery | 100Ah 48v | User-Serviceable Rack Mount Battery~fides_delim~48 <em>Volt</em> (51.2 Nominal) <em>100Ah</em>, 5.12 kWh, LiFePO4; 10 Year Full Warranty &amp; 20 Year Typical Lifespan; Cells rated for 80% Capacity after 4000 Cycles, <em>100</em>% DOD ...~fides_delim~totalcount
100 volt battery~fides_delim~https://www.batterypete.com/big-batteries/golf-cart-batteries/12v-lithium-battery-12-volt-100-ah/~fides_delim~Allied 12v Lithium Battery (LiFePO4) 100Ah~fides_delim~12v Lithium <em>Battery</em> 12 <em>Volt 100</em> Ah. Allied 12v Lithium Golf Cart <em>Batteries</em> are based on Lithium Iron Phosphate technology (LiFePO4); the safest Lithium ...~fides_delim~totalcount
100 volt battery~fides_delim~https://aimspowerrv.com/product/12-volt-100-amps-agm-deep-cycle-maintenance-free-battery-heavy-duty/~fides_delim~100 ah 12 volt dc agm maintenance free deep cycle battery~fides_delim~The Inverter Store | 12 <em>Volt Battery</em> | <em>100</em> AMP AGM DEEP CYCLE MAINTENANCE FREE | Design LIfe is 10 years | 5 year warranty from manufacturer defects.~fides_delim~totalcount
100 volt battery~fides_delim~https://www.youtube.com/watch?v=u9_KW1a83o0~fides_delim~2019 SnowJoe iON100V-21SB Brushless Single ... - YouTube~fides_delim~~fides_delim~totalcount
100 volt battery~fides_delim~https://www.cloudelectric.com/product-p/18-100-25.htm~fides_delim~18-100-25 Battery 36-Volt 1200ah Electric Forklift - Ship Today!~fides_delim~18-<em>100</em>-25 <em>Battery</em> 36-<em>Volt</em> 1200ah Electric Forklift ... Select <em>Battery</em> Connector*: ... Brand, Application, Truck Model and Maximum <em>Battery</em> Size (Inches) ...~fides_delim~totalcount
100 volt battery~fides_delim~https://www.down4soundshop.com/infinite-100-ah-agm-power-cell-battery-1~fides_delim~DS18 INF-100 INFINITE 100 AH 2800 Watts AGM Power Cell ...~fides_delim~Description. DS18 INF-<em>100</em> INFINITE <em>100</em> AH 2800 Watts AGM Power Cell 12 <em>Volt Battery</em>. DS18 Infinite AGM power-cell <em>batteries</em> are ...~fides_delim~totalcount
100 volt battery~fides_delim~https://www.chegg.com/homework-help/questions-and-answers/q20-figure-7-two-capacitors-c1-200-f-c2-500-f-separately-charged-100-volt-battery-connecte-q902019~fides_delim~Solved Q20. In Figure 7, two capacitors, C1= 2.00 µF and C2~fides_delim~In Figure 7, two capacitors, C1= 2.00 µF and C2 = 5.00 µF, are separately charged by a <em>100</em>-<em>volt battery</em> and then connected, with opposite polarity, ...~fides_delim~totalcount
100 volt battery~fides_delim~https://www.amerescosolar.com/rolls-battery-4ks25p-4-volt-5000-series-1904-amphour-100-hr-rate-deep-cycle-flooded~fides_delim~Rolls Battery 4KS25P, 4 Volt, 5000 Series, 1904 Amphour ...~fides_delim~Rolls <em>Battery</em> 4KS25P, 4 <em>Volt</em>, 5000 Series, 1904 Amphour (<em>100</em> hr rate) deep cycle ... The Rolls deep cycle flooded <em>battery</em> bank is heart of your off-grid or ...~fides_delim~totalcount
100 volt battery~fides_delim~https://www.lithiumion-batteries.com/products/12-volt-lithium-batteries/~fides_delim~12 Volt Lithium Ion Batteries | Drop In Replacement Batteries~fides_delim~We have a variety of 12 <em>Volt</em> Lithium Ion drop in replacement <em>batteries</em> to choose ... 12V <em>100AH</em> Lithium <em>Battery</em> | 1000CCA Starting &amp; Deep Cycle Marine Grade ...~fides_delim~totalcount
100 volt battery~fides_delim~https://remingtonpowertools.com/how-to/batteries-101-what-you-need-to-know-about-battery-powered-yard-tools/~fides_delim~What You Need To Know About Battery-Powered Yard Tools~fides_delim~But now there's a new way to tackle your yard work – with <em>battery</em> power. ... If a 40V trimmer has a 2.5 Ah <em>battery</em>, the gas tank is <em>100</em> watt hours.~fides_delim~totalcount
100 volt battery~fides_delim~https://www.impactbattery.com/100-amp-48-volt-industrial-battery-charger.html~fides_delim~100 Amp 48 Volt Industrial Battery Charger~fides_delim~The <em>100</em> Amp 48 <em>Volt</em> Industrial <em>Battery</em> Charger by Quick Charge for only $1498.95 is ready for easy checkout today! Shop the best inventory of <em>batteries</em> and ...~fides_delim~totalcount
100 volt battery~fides_delim~https://www.roadwarrior-inc.com/product/lightningvolt-100ah/~fides_delim~Heavy-Duty Truck Lithium Battery LFP - Shop with Roadwarrior~fides_delim~<em>LightningVolt</em>™ improves electric APU performance, doubling the power in your sleeper cab! These <em>100AH</em> deep-cycle lithium <em>batteries</em> are engineered for ...~fides_delim~totalcount
100 volt battery~fides_delim~https://www.wyzant.com/resources/answers/850075/when-the-terminals-of-a-100-volt-battery-are-connected-to-2-large-parallel-~fides_delim~When the terminals of a 100-volt battery are connected to 2 ...~fides_delim~When the terminals of a <em>100</em>-<em>volt battery</em> are connected to 2 large parallel horizontal plates 2cm apart, the electric field in the region...~fides_delim~totalcount
100 volt battery~fides_delim~https://hdsupplysolutions.com/p/maintenance-warehouse-7181100sp-alkaline-battery-9-v-100-pk-p117918~fides_delim~Maintenance Warehouse® 7181100SP Alkaline Battery, 9 V ...~fides_delim~Maintenance Warehouse® Alkaline <em>Battery</em> ^ 9 <em>Volts</em> ^ Pkg Of <em>100</em> ^ 5-Year Shelf Life ^ No Mercury Or Cadmium Added ^ Long Lasting Performance ^ Large Pack ...~fides_delim~totalcount
100 volt battery~fides_delim~https://panbo.com/lithium-battery-math-better-than-you-may-think/~fides_delim~Lithium battery math, better than you may think - Panbo~fides_delim~The difference in nominal voltage means that a 12-<em>volt</em>, <em>100</em>-amp hour, LiFePO4 <em>battery</em> (13.2-nominal-<em>volts</em>) has 10-percent more watt-hours ...~fides_delim~totalcount
100 volt battery~fides_delim~https://blog.ultralifecorporation.com/blog/staying-under-the-100wh-limit~fides_delim~Staying under the 100Wh battery limit - Ultralife Corporation~fides_delim~<em>Batteries</em> with an energy rating greater than <em>100</em> Watt-hours are subject to ... For example, a Lithium <em>battery</em> with a voltage of 7.2<em>V</em> and a ...~fides_delim~totalcount
100 volt battery~fides_delim~https://www.northerntool.com/shop/tools/product_200797843_200797843~fides_delim~Schumacher Battery Load Tester — 6/12 Volt, Model# BT-100~fides_delim~This compact, easy&amp;#45;to&amp;#45;operate Schumacher <em>Battery</em> Load Tester is designed for testing 6 or 12 <em>Volt batteries</em> up to 1000 CCA. Quickly...~fides_delim~totalcount
100 volt battery~fides_delim~https://cloreautomotive.com/product/1852/~fides_delim~1852 6/12 Volt 100 Amp Fixed Load Tester - Clore Automotive~fides_delim~Delivers a true <em>100</em> amp load and is calibrated to test <em>batteries</em> up to 1000 CCA. It features an easy-to-read color coded meter and a graduated scale for ...~fides_delim~totalcount
100 volt battery~fides_delim~https://www.tesla.com/ownersmanual/model3/en_jo/GUID-7FE78D73-0A17-47C4-B21B-54F641FFAEF4.html~fides_delim~High Voltage Battery Information - Tesla~fides_delim~If your vehicle is equipped with an LFP <em>Battery</em>, Tesla recommends that you keep your charge limit set to <em>100</em>%, even for daily use, and that you also fully ...~fides_delim~totalcount
100 volt battery~fides_delim~https://footprinthero.com/lifepo4-battery-voltage-charts~fides_delim~LiFePO4 Battery Voltage Charts (12V, 24V &amp; 48V)~fides_delim~12V LiFePO4 <em>Battery</em> Voltage Chart. Voltage, Capacity. 14.6<em>V</em>, <em>100</em>% (charging). 13.6<em>V</em>, <em>100</em>% (resting).~fides_delim~totalcount
100 volt battery~fides_delim~https://ds18.com/products/infinite-100-ah-agm-power-cell-battery-1~fides_delim~DS18 INF-100AH INFINITE 100 AH 2800 Watts AGM Power ...~fides_delim~Shop online DS18 Infinite AGM power-cell <em>batteries</em> are what real enthusiasts ... DS18 INF-<em>100AH</em> INFINITE <em>100</em> AH 2800 Watts AGM Power Cell 12 <em>Volt Battery</em>~fides_delim~totalcount
100 volt battery~fides_delim~https://www.1000bulbs.com/product/219984/BAT-10035.html~fides_delim~Insert Terminal - Sealed AGM - Interstate Batteries SLA1189~fides_delim~12 <em>Volt</em> - <em>100</em> Ah - AGM <em>Battery</em>. Insert Terminal - Sealed AGM - Interstate <em>Batteries</em> SLA1189.~fides_delim~totalcount
100 volt battery~fides_delim~https://www.kroger.com/p/craftsman-100-mph-350-cfm-20-volt-battery-handheld-leaf-blower-kit-battery-charger-/0088591154983~fides_delim~Craftsman 100 mph 350 CFM 20 volt Battery Handheld Leaf ...~fides_delim~Shop for Craftsman <em>100</em> mph 350 CFM 20 <em>volt Battery</em> Handheld Leaf Blower Kit (<em>Battery</em> &amp; Charger) - (Count of: 1) at Kroger. Find quality garden &amp; patio ...~fides_delim~totalcount
100 volt battery~fides_delim~https://www.oreillyauto.com/detail/c/schumacher-electric/schumacher-100-amp-6-12-volt-battery-charger/shu0/sc1564~fides_delim~Schumacher 100 Amp 6, 12 Volt Battery Charger SC1564~fides_delim~Find the right Schumacher <em>100</em> Amp 6, 12 <em>Volt Battery</em> Charger for your vehicle at O'Reilly Auto Parts. Place your order online and pick it up at your local ...~fides_delim~totalcount
100 volt battery~fides_delim~https://store.vexilar.com/products/parts-and-accessories/batteries-chargers.html~fides_delim~Vexilar Batteries/Chargers - Parts and Accessories - Products~fides_delim~From 12 <em>volt</em> to lithium <em>batteries</em>, we have all the <em>batteries</em> and chargers you'll ... SKU: <em>V</em>-<em>100</em> ... <em>Battery</em> - 12 <em>Volt</em>/12 Amp Vexilar MAX Lithium <em>Battery</em>.~fides_delim~totalcount
100 volt battery~fides_delim~https://www.eco-worthy.com/blogs/lithium-battery/how-to-properly-charge-my-lithium-battery-charging-guide-of-eco-worthy-lithium-battery~fides_delim~How to Properly Charge My Lithium Battery? Charging Guide ...~fides_delim~LiFePO4 12V <em>100Ah</em> Lithium Iron Phosphate <em>Battery</em> ... A 12V lithium <em>battery</em> fully charged to <em>100</em>% will hold voltage around 13.3<em>V</em>-13.4<em>V</em>. Its ...~fides_delim~totalcount
100 volt battery~fides_delim~https://www.takomabattery.com/in-depth-understanding-of-common-100-ah-lithium-batteries/~fides_delim~In-depth understanding of common 100ah lithium batteries~fides_delim~In essence, a 12v <em>100ah battery</em> will give <em>100</em> amps × 12V = 1200 watts for one hour. 12-<em>volt batteries</em> are the most common <em>battery</em> voltage types ...~fides_delim~totalcount
100 volt battery~fides_delim~https://signaturesolar.com/eg4-lifepower4-lithium-battery-48v-100ah/~fides_delim~EG4-LifePower4 Lithium Battery | 48V 100AH - Signature Solar~fides_delim~EG4 Lithium Iron Phosphate <em>battery</em> 51.2<em>V</em> (48V) 5.12kWh with <em>100AH</em> internal BMS. Composed of (16) UL listed prismatic 3.2<em>V</em> cells in series which have been ...~fides_delim~totalcount
100 volt battery~fides_delim~https://dakotalithium.com/product-category/36v-lithium-batteries/~fides_delim~36v Batteries Archives - Dakota Lithium Batteries~fides_delim~Dakota Lithium 36v <em>100Ah</em> Deep Cycle Marine Trolling Motor <em>Battery</em>. This 36 <em>Volt battery</em> package combines three of our award winning DL <em>100Ah batteries</em> in ...~fides_delim~totalcount
100 volt battery~fides_delim~https://www.usbattery.com/us-100-din-6-volt-battery-offers-greater-performance-longer-operating-time/~fides_delim~US 100 DIN 6-Volt Battery Offers Greater Performance And ...~fides_delim~U.S. <em>Battery</em> Manufacturing continues to optimize its product line with the introduction of its new US <em>100DIN</em> XC2, six-<em>volt battery</em>.~fides_delim~totalcount
100 volt battery~fides_delim~https://www.bartleby.com/questions-and-answers/a-100-volt-battery-is-connected-across-the-combination-of-capacitors-4-f-and-8-f-in-parallel-and-the/62a997e0-3224-4c54-bffe-c287b19f846c~fides_delim~Answered: A 100 volt battery is connected across… | bartleby~fides_delim~Solution for A <em>100 volt battery</em> is connected across the combination of capacitors 4 µF and 8 µF in parallel and then in series. Calculate the charge on ...~fides_delim~totalcount
100 volt battery~fides_delim~https://customtacklesupply.com/products/12-volt-100ah-lithium-ion-battery~fides_delim~Ionic 12 Volt 100Ah Lithium Ion Battery - Custom Tackle Supply~fides_delim~Stock: 4 left ; Model, IC-<em>12V100</em>-EP4S ; Voltage, 12V ; Capacity, <em>100</em> Ah, 1280Wh ; Chemistry, LiFePo4 ; Weight, 28.0 lbs (12.7kg).~fides_delim~totalcount
100 volt battery~fides_delim~https://www.forklift-battery-charger.com/single-phase/36-volt-100-amp.php~fides_delim~36 Volt 100 Amp - Forklift-Battery-Charger.com~fides_delim~36 <em>volt 100</em> amp forklift <em>battery</em> charger, single phase, selectable 208-240-480 VAC input. Quality microprocessor controlled, 5 year warranty units.~fides_delim~totalcount
