100 volt plug~fides_delim~https://www.homedepot.com/b/Electrical-Wiring-Devices-Light-Controls-Electrical-Plugs-Connectors/100-volt/N-5yc1vZc336Z1z17oee~fides_delim~100 volt - Electrical Plugs & Connectors~fides_delim~Get free shipping on qualified <em>100 volt</em> Electrical <em>Plugs</em> &amp; Connectors products or Buy Online Pick Up in Store today in the Electrical Department.~fides_delim~totalcount
100 volt plug~fides_delim~https://www.rei.com/learn/expert-advice/world-electricity-guide.html~fides_delim~Electricity Guide: Voltage & Outlets by Country | REI Co-op~fides_delim~Learn about <em>plugs</em>, adapters, voltages and accessories needed to recharge and power ... 230 <em>V</em>. 50 Hz. Indonesia. C,F. 110 <em>V</em>, 220 <em>V</em>. 50 Hz. Japan. A,B. <em>100 V</em>.~fides_delim~totalcount
100 volt plug~fides_delim~https://finddiffer.com/what-will-happen-if-i-plug-a-100v-to-110v/~fides_delim~What will happen if I plug a 100V to 110V?~fides_delim~“<em>100</em>-240V” means that your device will operate within the voltage range of <em>100 Volts</em> and 240 <em>Volts</em>. That covers just about all countries. Can I use 120v in 110V ...~fides_delim~totalcount
100 volt plug~fides_delim~https://www.techwalla.com/articles/the-difference-between-100v-120v-outlets~fides_delim~The Difference Between 100V & 120V Outlets~fides_delim~Power outlets rated at <em>100V</em> are analogous to 120V power sockets in most respects, and most appliances function properly both without needing an adapter. This ...~fides_delim~totalcount
100 volt plug~fides_delim~https://www.menards.com/main/electrical/circuit-protection-power-distribution/circuit-breaker-load-center-accessories/ideal-reg-lockout-tagout-plug-lockout-for-100-volt-plugs/44-818/p-1444433960478-c-6434.htm~fides_delim~IDEAL® Lockout/Tagout Plug Lockout for 100-Volt Plugs~fides_delim~This lockout/tagout plug lockout for <em>100 volt plugs</em> accommodates a variety of electrical plug and cord sizes to prevent accidental connection or ...~fides_delim~totalcount
100 volt plug~fides_delim~https://wikitravel.org/en/Electrical_systems~fides_delim~Electrical systems~fides_delim~The physical interface (<em>plugs</em> and sockets) are also different and often incompatible. ... <em>100</em>-127 <em>volt</em>, at 60 hertz frequency (in general: North and Central ...~fides_delim~totalcount
100 volt plug~fides_delim~https://www.japan-guide.com/e/e2225.html~fides_delim~Electricity in Japan~fides_delim~A common Japanese <em>plug</em>. The voltage in Japan is <em>100 Volt</em>, which is different from North America (120V), Central Europe (230V) and most other ...~fides_delim~totalcount
100 volt plug~fides_delim~https://en-us.wikiconnections.org/power-supplies/continents/asia/what-can-i-connect-to-a-japanese-power-supply~fides_delim~What plug adapter do I need for Japan? US to ...~fides_delim~If your device is <em>100 volts</em> or is dual voltage and the <em>plug</em> fits in a Japanese power <em>outlet</em> then you can use it in Japan.~fides_delim~totalcount
100 volt plug~fides_delim~https://www.rexelusa.com/p/50045/leviton/100-amp-480-volt-plug-watertight/078477838426/4100b7w~fides_delim~Leviton 4100B7W :: 100 Amp, 480 Volt Plug, Watertight~fides_delim~<em>100</em> Amp, 480 <em>Volt</em> 3-phase, Iec 309-1 &amp; 309-2, 3p, 4w, North American Pin &amp; Sleeve Inlet <em>Receptacle</em>, Industrial Grade, Ip67, Watertight, - Red, ...~fides_delim~totalcount
100 volt plug~fides_delim~https://www.newark.com/c/power-line-protection/power-supplies/ac-dc-converters/ac-dc-external-plug-in-adaptor-power-supplies?output-power-max=100w~fides_delim~100W AC / DC External Plug In Adaptor Power Supplies~fides_delim~XP POWER. AC/DC Power Supply, Medical, Mains <em>Plug</em> Sold Separately, 80 <em>V</em>, 264 <em>V</em>, <em>100</em> W, 24 <em>V</em>, 4.16 A RoHS Compliant: Yes.~fides_delim~totalcount
100 volt plug~fides_delim~https://www.walmart.com/ip/12V-2A-Power-Supply-AC-Adapter-AC-100-240V-to-DC-12-Volt-Transformers-2-1mm-X-5-5mm-Wall-Plug-12-Volt-2amp-2pack/569820517~fides_delim~12V 2A Power Supply AC Adapter, AC 100-240V to DC 12 ...~fides_delim~Arrives by Fri, Jan 27 Buy 12V 2A Power Supply AC Adapter, AC <em>100</em>-240V to DC 12 <em>Volt</em> Transformers, 2.1mm X 5.5mm Wall <em>Plug</em> (12 <em>Volt</em> - 2amp - 2pack) at ...~fides_delim~totalcount
100 volt plug~fides_delim~https://www.quora.com/What-happens-if-I-plug-in-a-100-240v-adapter-to-a-246V-power-outlet-Is-it-safe-All-the-outlets-in-my-house-are-246V~fides_delim~What happens if I plug in a 100-240v adapter to a 246V ...~fides_delim~How can you say that all the power outlets in your house have a fixed voltage of 246 <em>volts</em>, and you might have measured this voltage of 246 during night ...~fides_delim~totalcount
100 volt plug~fides_delim~https://www.ceptics.com/pages/dual-voltage-vs-single-voltage~fides_delim~Do I need a voltage converter?~fides_delim~The input voltage reading is a set of numbers followed by a “<em>V</em>” and the ... like 110V–220V or <em>100</em>-240V, the device can handle AC voltage outlets from all ...~fides_delim~totalcount
100 volt plug~fides_delim~https://www.travelfashiongirl.com/voltage-converter-vs-travel-adapter-how-do-they-work/~fides_delim~Voltage Converter vs. Travel Adapter: How do They Work?~fides_delim~But just check that it is marked with a <em>100</em>-240 <em>volt</em> notation, it should tell you on the tiny fine print on the <em>plug</em> end, it should read “110-240V 50-60Hz” ...~fides_delim~totalcount
100 volt plug~fides_delim~https://whatplug.info/from/usa/to/thailand~fides_delim~How to use plugs from United States of America in Thailand~fides_delim~<em>Plugs</em>, sockets, adapters and other information needed for travelling from United States ... An automatic power supply suitable from <em>100 Volts</em> to 240 <em>Volts</em>.~fides_delim~totalcount
100 volt plug~fides_delim~https://travelinggraces.com/plug-adaptor-versus-voltage-converter/~fides_delim~Travel to Europe: Plug Adapter or Voltage Converter?~fides_delim~Some of our American electronics (most but not all older items) can only handle receiving between <em>100</em>-120 <em>volts</em>. A 220-240 <em>volt</em> European <em>plug</em> ...~fides_delim~totalcount
100 volt plug~fides_delim~https://www.platt.com/p/0510564/meltric/100-amp-480-volt-plug-ds100-series/784474012454/mel3398043~fides_delim~Meltric 33-98043 :: 100 Amp, 480 Volt Plug, DS100 Series~fides_delim~<em>100</em> Amp, 480 <em>Volt</em> 3-Phase, 3P, 4W, Pin &amp; Sleeve <em>Plug</em>, Industrial Grade, DS100 Series, NEMA 3R, IP54 + 55. Switch Rated (AC Only)., Cat #: 33-98043, ...~fides_delim~totalcount
100 volt plug~fides_delim~https://www.platt.com/p/0281927/leviton/100-amp-250-volt-plug-watertight/078477838952/lev4100p9w~fides_delim~Leviton 4100P9W :: 100 Amp, 250 Volt Plug, Watertight~fides_delim~<em>100</em> Amp, 250 <em>Volt</em> 3-Phase, IEC 309-1 &amp; 309-2, 3P, 4W, North American-Rated Pin &amp; Sleeve <em>Plug</em>, Industrial Grade, IP67, Watertight - Blue, Cat #: 4100P9W, ...~fides_delim~totalcount
100 volt plug~fides_delim~https://www.110220volts.com/regvolt-european-schuko-extension-power-cord.html~fides_delim~European Extension 25', 50', 75, 100', &150' Power Cord ...~fides_delim~<em>Regvolt</em> European Extension 10, 25', 50', 75, <em>100</em>', &amp;150' Power Cord, <em>Plug</em> / <em>outlet</em> EUROPEAN SCHUKO · EUROPEAN CEE7/7 SCHUKO POWER CORD EXTENSION, 16A-250V 10 to ...~fides_delim~totalcount
100 volt plug~fides_delim~https://www.110220volts.com/regvolt-uk-extension-power-cord.html~fides_delim~Regvolt UK Extension 10', 25', 50', 75, 100', & 150' Power ...~fides_delim~<em>Regvolt</em> UK Extension 10', 25', 50', 75, <em>100</em>', &amp; 150' Power Cord, <em>Plug</em> / <em>outlet</em> UK BS-1363 · UK BS 1363 POWER CORD EXTENSION, 16A-250V 10 to 150 FEET. · Extension ...~fides_delim~totalcount
100 volt plug~fides_delim~https://www.pyleaudio.com/sku/PINV22/Plug-in-Car-100-Watt-12v-DC-to-115-Volt-AC-Power-Inverter-w-Modified-Sine-Wave-and-5-Volt-USB-Outlet~fides_delim~PINV22 - Tools and Meters - Power Supply~fides_delim~<em>Plug</em> in Car <em>100</em> Watt 12v DC to 115 <em>Volt</em> AC Power Inverter w/ Modified Sine Wave &amp; 5 <em>Volt</em> USB <em>Outlet</em>.~fides_delim~totalcount
100 volt plug~fides_delim~https://www.voltage-converter-transformers.com/products/simran-sm-90kit-4-outlet-universal-travel-power-strip-2-usb-2-ac-outlets-plus-uk-usa-au-eu-plugs-100-250v~fides_delim~Simran SM-90KIT 4 Outlet Universal Travel Power Strip 2 ...~fides_delim~Compact and Portable Universal <em>100 volt</em> to 250 <em>volt</em> Worldwide Travel Power Strip / Surge Protector that can easily fit in a laptop carrying case or a purse ...~fides_delim~totalcount
100 volt plug~fides_delim~https://www.voltage-converter-transformers.com/products/vod-100-uk-100-watts-step-down-transformer-with-uk-plug-ce-certified~fides_delim~VOD-100UK Step Down Voltage Transformer with UK Plug ...~fides_delim~UK to USA voltage converter adapter. This <em>100</em>-watt converter enables the use of 110 <em>volt</em> USA electronics in countries with 220-240 <em>volt</em> current.~fides_delim~totalcount
100 volt plug~fides_delim~https://www.samstores.com/search-plug-adapters-and-cables-1188.html~fides_delim~220 Volt Plug Adapter | Plug Adapters and Cables~fides_delim~To run all household electronic equipment and instruments, it is necessary that household electric current should be adapted from high voltage (<em>100</em> to 240 <em>volts</em> ...~fides_delim~totalcount
100 volt plug~fides_delim~https://www.popularelectronics.com/collections/voltage-converter-transformers-plug-adapter~fides_delim~Voltage Converter/Transformers & Plug Adapter~fides_delim~These heavy-duty converters go both ways, from 110-<em>volt</em> to ... <em>plug</em> configurations and a grounded, US <em>100</em>-<em>volt</em> 3-prong <em>outlet</em> able to ...~fides_delim~totalcount
100 volt plug~fides_delim~https://www.gexpro.com/p/48938/leviton/100-amp-250-volt-plug-watertight/078477838952/4100p9w~fides_delim~Leviton 4100P9W :: 100 Amp, 250 Volt Plug, Watertight~fides_delim~<em>100</em> Amp, 250 <em>Volt</em> 3-Phase, IEC 309-1 &amp; 309-2, 3P, 4W, North American-Rated Pin &amp; Sleeve <em>Plug</em>, Industrial Grade, IP67, Watertight - Blue, Cat #: 4100P9W, ...~fides_delim~totalcount
100 volt plug~fides_delim~https://www.firstlighttravel.com/visiting-new-zealand/about/power-plug-adapter-and-voltage-converter~fides_delim~New Zealand Power Plug Adapters & Converters~fides_delim~Yes you probably do need a New Zealand power <em>plug</em> adapter when you're on holiday ... To check if that's the case, look for something like this <em>100</em>-240 <em>Volt</em> ...~fides_delim~totalcount
100 volt plug~fides_delim~https://www.crescentelectric.com/power-distribution-and-protection/circuit-breakers-and-accessories/circuit-breakers/milbank-100-amp-2-pole-240-volt-plug-in-22k-aic~fides_delim~MILBANK 100 AMP 2 POLE 240 VOLT PLUG-IN 22K AIC~fides_delim~MILBANK <em>100</em> AMP 2 POLE 240 <em>VOLT PLUG</em>-IN 22K AIC. MFR: Milbank. MFR #: UQFPH-<em>100</em>. UPC: 784572201484. Item #: ...~fides_delim~totalcount
100 volt plug~fides_delim~https://www.aliexpress.com/item/32609409871.html~fides_delim~1pcs 100-240v Ac To Dc 10v 0.5a 1a 2a 3a Power Adapter ...~fides_delim~1pcs <em>100</em>-240V AC to DC 10V 0.5A 1A 2A 3A Power Adapter Supply Charger adapter 10 <em>V</em> Converter EU US <em>Plug</em> 5.5mm x 2.5mm. US $3 off every US $30 spent on promo.~fides_delim~totalcount
100 volt plug~fides_delim~https://www.german-way.com/travel-and-tourism/electrical-facts/~fides_delim~Electrical Facts: Germany and Europe~fides_delim~An Electrical Guide for Germany and Europe: <em>Plug</em> Adapters, 230 <em>volts</em> and All ... device will work with electrical power input from <em>100 volts</em> to 240 <em>volts</em>, ...~fides_delim~totalcount
100 volt plug~fides_delim~https://www.productsforautomation.com/hirschmann-elst-3008v-933406100-p/933406-100.htm~fides_delim~Hirschmann 933406-100 ELST 3008 V M8 Cable Plug~fides_delim~The Hirschmann M8 ELST 3008 <em>V</em> (P/N: 933406-<em>100</em>) straight male cable <em>plug</em> is hardwired and features 3 pins with a rated voltage of 60V.~fides_delim~totalcount
100 volt plug~fides_delim~https://www.contiki.com/six-two/simply-everything-need-know-travel-adapters/~fides_delim~Everything you need to know about travel adapters~fides_delim~If you <em>plug</em> something that requires a higher voltage to operate (an Australian 240 <em>volt</em> camera charger, for example) into a USA <em>outlet</em> (110 ...~fides_delim~totalcount
100 volt plug~fides_delim~https://www.scottelectricusa.com/online-store/product/appleton-acp1044cd-100-amp-4-pole-4-wire-250-600-volt-plug/796406~fides_delim~Appleton ACP1044CD, 100 Amp 4-Pole 4-Wire 250/600 ...~fides_delim~Appleton ACP1044CD, <em>100</em> Amp 4-Pole 4-Wire 250/600 <em>Volt Plug</em> for sale at Scott Electric in Greensburg, PA, Item Number: 796406.~fides_delim~totalcount
100 volt plug~fides_delim~https://www.touristbee.com/2014/11/electric-plug-conversion-for-europe~fides_delim~How to Make Sure Your Electric Devices Work in Europe~fides_delim~Electrical <em>Plugs</em> in Europe are Different from the US ... device support a broad range of 110V to 240 <em>V</em>, then all you need is a <em>plug</em> adapter.~fides_delim~totalcount
100 volt plug~fides_delim~https://www.electrical-online.com/how-do-i-convert-200-volts-to-100-volts/~fides_delim~How Do I Convert 220 Volts to 110 Volts - Electrical Online~fides_delim~Learn how to convert 220 <em>volts</em> to 110 <em>volts</em> by using an adapter <em>plug</em> or removing the existing 220 <em>receptacle</em> from the <em>outlet</em> box.~fides_delim~totalcount
100 volt plug~fides_delim~https://africanuniquesafaris.com/wp-content/uploads/2016/08/Electrical-Plug_Outlet-and-Voltage-Information-for-Tanzania.pdf~fides_delim~Electrical Plug/Outlet and Voltage Information for Tanzania~fides_delim~But travel <em>plug</em> adapters do not change the voltage, so the electricity coming ... compatible with all worldwide voltages, from <em>100 volts</em> in Japan to 240 ...~fides_delim~totalcount
100 volt plug~fides_delim~https://www.lampsplus.com/products/wac-line-plug-in-24-volt-100-watt-class-2-transformer__4x154.html~fides_delim~WAC LINE Plug-In 24 Volt/100 Watt Class 2 Transformer~fides_delim~Use this <em>plug</em>-in transformer is for WAC Lighting LINE collection undercabinet fixtures. <em>Plug</em>-in Class 2 transformer for undercabinet lighting.~fides_delim~totalcount
100 volt plug~fides_delim~https://www.asherfergusson.com/australia-power-adapter/~fides_delim~US to Australia Power Adapter: What Plug Do I Need? (2023)~fides_delim~Australia runs on a frequency of 50 Hz and a voltage of 230 <em>Volts</em>. ... Australia but also in over <em>100</em> additional countries around the world.~fides_delim~totalcount
100 volt plug~fides_delim~https://www.dvdoverseas.com/500-watt-voltage-converter-usa-plug-adapter-up-down-110v-220v-220-110-volt~fides_delim~500 Watt Voltage Converter USA Plug Adapter Up Down ...~fides_delim~... Watt Voltage Converter USA <em>Plug</em> Adapter Up Down 110v 220v 220 110 <em>Volt</em> ... For example, if you have an appliance rated at <em>100</em> watts, you will need to ...~fides_delim~totalcount
100 volt plug~fides_delim~https://francetravelplanner.com/details/electric.html~fides_delim~French Electrical Plugs, Sockets, Current & Adapters~fides_delim~If it includes voltages from <em>100</em> or 110 to 240, you can <em>plug</em> it into a French <em>outlet</em>. (If it is rated only at <em>100</em>-120 <em>volts</em>, you will need a transformer to ...~fides_delim~totalcount
100 volt plug~fides_delim~https://www.oreillyauto.com/detail/c/goxt/custom-accessories-goxt-100-watt-ca-100w-110-v-direct-plug-in-power-inverter-w-usb/ca02/10888~fides_delim~Custom Accessories Goxt 100 Watt CA 100W 110-V Direct ...~fides_delim~Find the right Custom Accessories Goxt <em>100</em> Watt CA 100W 110-<em>V</em> Direct <em>Plug</em>-in Power Inverter w USB for your vehicle at O'Reilly Auto Parts.~fides_delim~totalcount
100 volt plug~fides_delim~https://electricaloutlet.org/type-a~fides_delim~Type A Electrical Outlet~fides_delim~Type A Electrical <em>Outlet</em> Guide, including information on the electrical adapter <em>plug</em>, and a ... the JIS C 8303, Class II (Japanese 15 A /<em>100 V</em> ungrounded).~fides_delim~totalcount
100 volt plug~fides_delim~https://www.hunker.com/12283952/what-is-a-120-volt-power-outlet~fides_delim~What Is a 120-Volt Power Outlet?~fides_delim~A 120-<em>volt</em> power <em>outlet</em> is none other than the standard electrical ... where the standard voltage is <em>100 volts</em>, not 120 <em>volts</em> as it is in North America.~fides_delim~totalcount
100 volt plug~fides_delim~https://en.wikipedia.org/wiki/Mains_electricity_by_country~fides_delim~Mains electricity by country~fides_delim~Table of mains voltages, frequencies, and <em>plugs</em>Edit ; Japan, A, B · JIS C 8303, <em>100 V</em> · 200 <em>V</em> · 200 <em>V</em> · 415 <em>V</em> ; Jersey, G · 230 <em>V</em> · 400 <em>V</em> ...~fides_delim~totalcount
100 volt plug~fides_delim~https://www.agatetravel.com/cambodia-power-plug.html~fides_delim~Your Ultimate Guide to Cambodia Power Plug, Adapter~fides_delim~The standard voltage is 230 <em>V</em> with 50 Hz frequency. ... bring a step-down power converter for Cambodia if you need to use a <em>100</em>-120-<em>volt</em> appliance safely.~fides_delim~totalcount
100 volt plug~fides_delim~https://turkeytravelplanner.com/details/Electricity.html~fides_delim~Turkish Electric Plugs & Sockets~fides_delim~Electricity in Turkey: all about Turkish electrical <em>plugs</em>, ... <em>100</em>-125V", then it can't run on Turkey's 220-240 <em>volts</em> and you'll need to ...~fides_delim~totalcount
100 volt plug~fides_delim~https://www.worldwidevoltage.com/plug-adapters.html~fides_delim~Universal Plug Adapters and Converters Worldwide~fides_delim~In most cases, you will need only an electrical <em>plug</em> adapter; in some cases, a voltage transformer or converter, too. Our 220/240 <em>volt</em> adapter and converter ...~fides_delim~totalcount
100 volt plug~fides_delim~https://catalog.triadmagnetics.com/viewitems/wall-plug-in-transformers/wall-plug-ins-switch-mode-power-supplies~fides_delim~Wall Plug-Ins - Switch Mode Power Supplies~fides_delim~~fides_delim~totalcount
100 volt plug~fides_delim~https://www.goinginstyle.net/adapters-plugs/adapter-plug-grounded-travel-north-america~fides_delim~Adapter Plug Grounded Travel North America and Japan~fides_delim~Adapter <em>plugs</em> allow electrical connections up to 240 <em>volts</em>. ... Most laptops are multi-voltage and will operate on voltages ranging from <em>100</em> to 240 <em>volts</em>.~fides_delim~totalcount
100 volt plug~fides_delim~https://www.caminotravel.com/electrical-plugoutlet-voltage-information-costa-rica/~fides_delim~Information on Electrical Plugs and Voltage in Costa Rica~fides_delim~If the <em>socket</em> is supplying 110-120 <em>volts</em>, then your <em>plug</em> will receive that same ... with all voltages, from <em>100 volts</em> in Japan to 240 <em>volts</em> in the UK.~fides_delim~totalcount
100 volt plug~fides_delim~https://www.meijer.com/shopping/product/custom-accessories-100w-110-v-direct-plug-in-power-inverter-with-usb/7734110378.html~fides_delim~Custom Accessories 100W 110-V Direct Plug-in Power ...~fides_delim~Take household power with you when you travel with a <em>100</em> WATT Inverter by Custom Accessories®. This powerful yet compact inverter <em>plugs</em> into your vehicle's ...~fides_delim~totalcount
100 volt plug~fides_delim~https://www.youtube.com/watch?v=icsJctGbglg~fides_delim~How to use American Electronics in Europe. 110-240v Use a ...~fides_delim~~fides_delim~totalcount
100 volt plug~fides_delim~https://internationalconfig.com/icc6.asp?item=888-2199~fides_delim~IEC 60309 (6H) 3 PHASE PLUG, WATERTIGHT (IP67) " ...~fides_delim~IEC 60309 (6H) 3 PHASE <em>PLUG</em>, WATERTIGHT (IP67) "UNIVERSAL" <em>PLUG</em>, <em>100</em> AMPERE-250 <em>VOLT</em> (UL/CSA), 125 AMPERE- 230/400 <em>VOLT</em> (EUROPEAN), 4 POLE-5 WIRE GROUNDING,~fides_delim~totalcount
100 volt plug~fides_delim~https://www.moatrek.com/blog/can-i-use-my-appliances-new-zealand~fides_delim~Can I use my appliances in New Zealand?~fides_delim~Power <em>Plug</em> Types for New Zealand, US, UK and Australia - Travel to New ... Modern appliances have been designed for use from 110-240 <em>volts</em>, so you should be ...~fides_delim~totalcount
100 volt plug~fides_delim~https://www.pcmag.com/news/does-your-gadget-need-a-plug-adapter-or-transformer~fides_delim~Does Your Gadget Need a Plug Adapter or Transformer?~fides_delim~Almost all electronics sold in the past ten years can run on <em>100</em> to 240 <em>volts</em> and 50 to 60 hertz. (You can look at your power adapter, ...~fides_delim~totalcount
100 volt plug~fides_delim~https://www.lightingdirect.com/lutron-ttcl-100h-credenza-100-watt-120-volt-plug-in-lamp-led-and-cfl-dimmer/p1856851~fides_delim~Lutron Credenza 100 Watt 120 Volt Plug-In Lamp LED and ...~fides_delim~Buy the Lutron TTCL-100H-BL Black Direct. Shop for the Lutron TTCL-100H-BL Black Credenza <em>100</em> Watt 120 <em>Volt Plug</em>-In Lamp LED and CFL Dimmer and save.~fides_delim~totalcount
100 volt plug~fides_delim~https://diy.stackexchange.com/questions/231471/can-i-safely-plug-a-15a-100v-appliance-into-a-20a-250v-wall-outlet~fides_delim~Can I safely plug a 15A 100V appliance into a 20A 250V ...~fides_delim~@BlueRaja-DannyPflughoeft: In Japan, the standard voltage is nominally <em>100 V</em>. A number of consumer devices (including those with large ...~fides_delim~totalcount
100 volt plug~fides_delim~https://powerplugsocket.com/japan-plug-power-outlet/~fides_delim~Japan Plug &amp; Power Outlet~fides_delim~The standard voltage and frequency used in Japan are <em>100 V</em> and 50/60 Hz. Travelers from countries with a standard voltage between 110 <em>V</em> and 127 <em>V</em>, ...~fides_delim~totalcount
100 volt plug~fides_delim~https://audiokarma.org/forums/index.php?threads/sansui-integrated-amp-with-100-volt-plug-into-120-outlet.954186/~fides_delim~SANSUI Integrated Amp with 100 volt...Plug into 120 outlet?~fides_delim~It was made in Japan for the Japanese market only.....<em>100 volt</em> AC My Question: Can I <em>plug</em> this Amp into a 120 <em>volt outlet</em> ?~fides_delim~totalcount
100 volt plug~fides_delim~https://www.elecdirect.com/ip67-iec309-pin-sleeve-plug-100a-3-phase-600vac-3-pole-4-wire-watertight~fides_delim~4100P5W Pin And Sleeve Plug 100 Amp 3 Pole 4 Wire~fides_delim~Pin And Sleeve 4100P5W <em>Plug 100</em> Amp Watertight Black IP67 600 <em>Volt</em> AC 3 Pole 4 Wire | Scame SCM4100P5W.~fides_delim~totalcount
100 volt plug~fides_delim~https://www.whichplug.com/japan-to-taiwan/~fides_delim~Which plug adaptor do I need when travelling from Japan ...~fides_delim~Find out what electrical <em>plug</em> adaptor you need when travelling from Japan to ... Voltage, <em>100 V</em>, 110 <em>V</em> ... In Japan there's more than one <em>plug</em> type in use.~fides_delim~totalcount
100 volt plug~fides_delim~https://www.eastwestintl.com/subcate/plug-adapters-extension-cords-and-telephone-jacks.html~fides_delim~Plug Adapters Extension Cords and Telephone Jacks~fides_delim~Extension Cord 220-240 <em>Volt</em>, EWI <em>100FTUK</em>. Compare. <em>100</em> Ft. (30 meter) Extension cord; UK <em>Plug</em> &amp; UK <em>Receptacle</em>; 3G1 ...~fides_delim~totalcount
100 volt plug~fides_delim~https://www.japan.travel/en/plan/plug-and-electricity/~fides_delim~Japan Electrical Outlet | Travel Japan | JNTO~fides_delim~The voltage used throughout Japan is uniformly <em>100 volts</em>, A.C. There are two kinds of frequencies in use—50 Hertz in eastern Japan and 60 Hertz in western ...~fides_delim~totalcount
100 volt plug~fides_delim~https://meltric.com/~fides_delim~Meltric | Manufacturer of Engineered Plugs and Receptacles~fides_delim~Introducing the new <em>DSN100</em> · Multipin <em>Plugs</em> and Receptacles · Visit us. IPPE · Visit Us Unified Wine &amp; Grape Symposium · Try Meltric for Free · Introducing the new ...~fides_delim~totalcount
100 volt plug~fides_delim~https://www.elkproducts.com/product/12-volt-dc-plug-in-power-supply-p1216/~fides_delim~12 Volt DC Plug-In Power Supply~fides_delim~The power pack <em>plugs</em> into <em>100</em> to 120 <em>volts</em> A.C., and supplies regulated 12 <em>volts</em> D.C. to a standard 2.1mm power <em>plug</em>. P1216 ...~fides_delim~totalcount
100 volt plug~fides_delim~https://www.armacostlighting.com/shop/12-volt-ac-wall-plug-adapter-with-switch/~fides_delim~12-Volt, 18W AC Wall Plug Adapter with Switch~fides_delim~AC input is rated at <em>100V</em> to 240V, DC Output is 12 <em>Volts</em> 1.5 amps. 8ft extra long cord, Power Switch; Note that leads are pre-stripped; Wall Mounted AC Adapter.~fides_delim~totalcount
100 volt plug~fides_delim~https://www.grainger.com/category/electrical/transformers-ups-power-supplies/power-supplies/plug-in-power-supplies~fides_delim~Plug-In Power Supplies - Plug-In Chargers~fides_delim~When it comes to <em>Plug</em>-in Power Supplies, you can count on Grainger. ... Positive. MAKITA. $28.2553KJ91. Wall Mount. <em>100</em> to 240V AC. 7.5<em>V</em> DC. 2,000 mA.~fides_delim~totalcount
100 volt plug~fides_delim~https://world-power-plugs.com/spain~fides_delim~Spain Power Adapter - Electrical Outlets & Plugs~fides_delim~Do I need a power <em>plug</em> adapter or power converter for Spain? ... If the standard voltage in your country is in the range of <em>100V</em>-127V (which is most common ...~fides_delim~totalcount
100 volt plug~fides_delim~https://www.latimes.com/travel/story/2019-11-09/international-travel-guide-tips-electric-plugs-and-sockets~fides_delim~Stay plugged in: Here's a handy guide to plugs and sockets ...~fides_delim~Mostly used in the U.S., Canada, Mexico and Japan; Two pins; Not grounded; 15 amp; Usually <em>100</em>-127 <em>volt</em>; <em>Socket</em> compatible with <em>plug</em> Type A.~fides_delim~totalcount
100 volt plug~fides_delim~https://www.peruhop.com/peru-electrical-plug/~fides_delim~Peru Electrical Plug: Do I need a travel adapter?~fides_delim~Peru electrical <em>plugs</em> are 220 <em>volts</em>. This means if you <em>plug</em> any electronic device made for 110 <em>volts</em>, you'll break it! – sparks and smoke included.~fides_delim~totalcount
100 volt plug~fides_delim~https://www.emisupply.com/catalog/leviton-4100p12w-industrial-grade-plug-watertight-100amp-125250-volt-p-19298.html~fides_delim~Leviton 4100P12W Industrial Grade Plug, Watertight ...~fides_delim~EMI Supply, Inc : Leviton 4100P12W Industrial Grade <em>Plug</em>, Watertight, 100Amp, 125/250 <em>Volt</em> - <em>100</em> Amp, 125/250 <em>Volt</em>, 3P, 4W, North American-Rated Pin ...~fides_delim~totalcount
100 volt plug~fides_delim~https://www.tripadvisor.com/FAQ_Answers-g187323-d230777-t617783-Do_you_have_110V_outlet_with_North_American_plug.html~fides_delim~Do you have 110V outlet with North American plug...~fides_delim~Sheraton Berlin Grand Hotel Esplanade, Berlin: "Do you have 110V <em>outlet</em> with ... voltage <em>100 V</em> and 240 <em>V</em>. However, it is better to check your adapters.~fides_delim~totalcount
100 volt plug~fides_delim~https://www.lowes.com/pd/Craftmade-Smart-WiFi-On-Off-Indoor-Wall-Plug/5013200453~fides_delim~Craftmade 110-Volt 1-Outlet Indoor Smart Plug~fides_delim~Shop craftmade 110-<em>volt</em> 1-<em>outlet</em> indoor smart <em>plug</em> in the smart <em>plugs</em> section of Lowes.com. ... Craftmade Smart <em>Plugs</em> #WPS-<em>100</em> - Thumbnail2.~fides_delim~totalcount
100 volt plug~fides_delim~https://oralb.com/en-us/can-i-use-my-oral-b-electric-toothbrush-charger-abroad/~fides_delim~Can I use my Oral-B electric toothbrush charger abroad~fides_delim~<em>100</em>-240V Smart <em>Plug</em> with some Genius models, Globally, No ; 220 - 240. Charging Stations including Genius, In countries with 220-240 <em>V</em> (for example most European ...~fides_delim~totalcount
100 volt plug~fides_delim~https://www.tripsavvy.com/best-power-adapters-for-european-travel-1508193~fides_delim~The 8 Best Power Adapters for European Travel of 2023~fides_delim~Using electronics in Europe requires specific <em>plugs</em>. ... It is only compatible with devices within the 110- to 120-<em>volt</em> range, ...~fides_delim~totalcount
100 volt plug~fides_delim~https://www.rhodanmarine.com/product/battery-tender-trolling-motor-plug-100-amp/~fides_delim~Battery Tender Trolling Motor Plug – 100 Amp |~fides_delim~Description. Model #: RMS-TMP. This quick disconnect <em>plug</em> with stainless connections is designed for the harshest environments. It is the only trolling ...~fides_delim~totalcount
100 volt plug~fides_delim~http://www.gohz.com/what-happens-if-plug-an-110v-appliance-in-220v-socket~fides_delim~What happens if plug an 110V appliance in 220V socket?~fides_delim~If you <em>plug</em> an 110V appliance in 220V <em>outlet</em> (same as 120v to 230v, ... I accidentally <em>plug</em> in my <em>100 volts</em> turntable to 220 and there's no ...~fides_delim~totalcount
100 volt plug~fides_delim~https://bossltg.com/shop/explosion-proof-extension-cord-20-amp-120v-100ft-plug-and-receptacle/~fides_delim~explosion proof extension cord 20 amp 120v 100ft plug ...~fides_delim~EXPLOSION PROOF EXTENSION CORD 20 AMP 120V/240 <em>volt</em> 3p/4w <em>100</em> foot and special cut lengths <em>plug PLUG</em> AND <em>CONNECTOR</em> rated for Class 1 Division 1 Groups ABCD ...~fides_delim~totalcount
100 volt plug~fides_delim~https://www.tesla.com/support/home-charging-installation/faq~fides_delim~Home Charging - Frequently Asked Questions~fides_delim~Can I use a normal 120 <em>volt outlet</em> to charge? ... Charging up to <em>100</em>% is best saved for when you are preparing for a longer trip.~fides_delim~totalcount
100 volt plug~fides_delim~https://www.travelchinaguide.com/essential/electricity.htm~fides_delim~What Power Plugs/Sockets Used in China? Is Outlet ...~fides_delim~In Mainland China, Hong Kong and Macau, the common power voltage is 220 <em>Volt</em> 50 Hz AC, but in Taiwan, electronic devices often work with the electricity supply ...~fides_delim~totalcount
100 volt plug~fides_delim~https://www.theguardian.com/notesandqueries/query/0,,-2216,00.html~fides_delim~What are the pros or cons of a 110-volt electricity supply ...~fides_delim~... authorities allowed only <em>100 volts</em> with a margin of error of 10 percent. ... range of small, low-cost <em>connector</em> and switch gizmos available in the US.~fides_delim~totalcount
100 volt plug~fides_delim~https://www.euco.us/products/fast-charger-100-8v-gotway-all-100v-wheels-5-pin-plug~fides_delim~Fast Charger: 100.8v 8A, Gotway/V12 (all 100v wheels, 5 ...~fides_delim~Fast Charger: 100.8<em>v</em> 8A, Gotway/V12 (all <em>100v</em> wheels, 5 pin <em>plug</em>) · Charge up in no time. - Select between four charging speeds (2/4/6/8 amps) to get going fast!~fides_delim~totalcount
100 volt plug~fides_delim~https://www.cars.com/articles/what-does-this-outlet-do-1420663077612/~fides_delim~What Does This Outlet Do?~fides_delim~COM — Many SUVs, minivans and trucks have a house-style AC <em>outlet</em>, ... names and voltage ratings like 110-,115- and 120-<em>volt</em> AC outlets, ...~fides_delim~totalcount
100 volt plug~fides_delim~https://www.bestbuy.com/site/questions/acer-11-6-chromebook-intel-celeron-2gb-memory-16gb-emmc-flash-memory-moonstone-white/8610161/question/43e9e2f2-d30e-32d7-93a7-a847ffb71e5d~fides_delim~Can the charger be used in Europe [220v] ? Can I – Q&A~fides_delim~Can I <em>plug</em> my chromebook in with just an adapt – Learn about Acer ... from <em>100 volts</em> (US) to 240 <em>volts</em> (Europe) to produce the 19 <em>volts</em> DC ...~fides_delim~totalcount
100 volt plug~fides_delim~https://www.smartertravel.com/electricity-overseas-converters-adapters-beyond/~fides_delim~Electricity Abroad: Travel Adapters vs. Voltage Converters~fides_delim~An <em>outlet</em> adapter changes the shape of your <em>plug</em>, ... use voltage between <em>100</em> and 125, the vast majority of the world uses 220 to 240 <em>volts</em>.~fides_delim~totalcount
100 volt plug~fides_delim~https://www.sigmaaldrich.com/US/en/product/aldrich/z767670~fides_delim~RF3000 Pipette Controller AC/DC input 100~fides_delim~RF3000 Pipette Controller AC/DC input <em>100</em> - 240 <em>V</em> AC, universal <em>plug</em> set (U.S./Japan/Taiwan, Continental Europe/ Israel, Australia and UK); find -Z767670 ...~fides_delim~totalcount
100 volt plug~fides_delim~https://www.nytimes.com/wirecutter/reviews/best-travel-plug-adapter/~fides_delim~The Best Travel Plug Adapter of 2023 | Reviews by Wirecutter~fides_delim~USB PD is 20V at up to 5A (<em>100W</em> of power), so you could have 5 PD laptop chargers running through one Euro C without exceeding that IEC ...~fides_delim~totalcount
100 volt plug~fides_delim~https://thaisims.com/electricity-plug-and-socket-in-thailand/~fides_delim~Electricity, Plug and Socket in Thailand~fides_delim~Some appliances can run on both 110 and 220 <em>volts</em>, check the label on the appliance to see if they are in this category. If it states INPUT: <em>100</em>-240V, ...~fides_delim~totalcount
100 volt plug~fides_delim~https://www.farmandfleet.com/blog/electrical-outlets-much-can-plug/~fides_delim~Electrical Outlets: How Much Can I Plug In?~fides_delim~You also see that the circuit is 120 <em>volts</em>. The other two outlets are empty. You want to use a 3-way adapter <em>plug</em> in another 150-watt lamp ...~fides_delim~totalcount
100 volt plug~fides_delim~https://www.groovypost.com/howto/choose-right-power-adapter-charger-phone-laptop/~fides_delim~Complete Guide to Using the Correct Charger or Power ...~fides_delim~If so can i get a <em>plug</em> that can be 12 <em>volts</em> DC 5 amp i'm thinking if i'm at <em>100ma</em> which is smaller then max 5 amp i should be ok.~fides_delim~totalcount
100 volt plug~fides_delim~https://www.powerstream.com/cv.htm~fides_delim~Country Household Voltages and Plug Styles~fides_delim~~fides_delim~totalcount
100 volt plug~fides_delim~https://www.accellww.com/products/home-or-away-dual-usb-charging-kit-with-international-plug-adapters~fides_delim~Home or Away Dual USB Charging Kit with International ...~fides_delim~The Dual USB charger is compatible with all common international power voltages supporting <em>100 volts</em> to 240 <em>volts</em> of input power.~fides_delim~totalcount
100 volt plug~fides_delim~https://www.dli.mn.gov/sites/default/files/pdf/NECFAQ20.pdf~fides_delim~2020 National Electrical Code frequently asked questions~fides_delim~This change will impact the typical 240-<em>volt receptacle</em> outlets for ... *Recall that NEC Article <em>100</em> defines an “<em>Outlet</em>” as a point on the wiring system at ...~fides_delim~totalcount
100 volt plug~fides_delim~https://www.pcrichard.com/get-it-right-the-first-time-a-guide-for-matching-power-outlets-plugs/Blog-6947.html~fides_delim~a Guide for Matching Power Outlets & Plugs~fides_delim~The most common electrical <em>outlet</em> in any home is a 110 <em>volt</em>. Sometimes you may hear 110 <em>volt plugs</em> referred to as 120 <em>volt</em>. Do not be confused ...~fides_delim~totalcount
100 volt plug~fides_delim~https://discussions.apple.com/thread/250361447~fides_delim~Can I plug my iphone into a 220v USB plug…~fides_delim~Correction: I just managed to read the tiny writing on my Apple 12W power adapter, the input is rated for <em>100</em>-240v. If your eyes are good enough ...~fides_delim~totalcount
100 volt plug~fides_delim~https://desco.descoindustries.com/DescoCatalog/Monitors/Dual-Wire/Zero-Volt-Monitor/19262/~fides_delim~19262 Power Adapter with Universal Plug, 100-240VAC ...~fides_delim~19262 - Power Adapter with Universal <em>Plug</em>, <em>100</em>-240VAC, 12VDC 0.5A Out · Desco Combo Tester X3 · Desco Dual Operator Programmable Monitor · Desco Zero <em>Volt</em> Monitor.~fides_delim~totalcount
100 volt plug~fides_delim~https://www.marthasitaly.com/articles/85/plug-adapters-for-italian-outlets~fides_delim~Plug Adapters For Italian Outlets~fides_delim~This problem is easily solved with an inexpensive <em>plug</em> adapter. ... to tolerate <em>100</em>-240 <em>volts</em> at 1 amp and 50-60 Hz. Right in the ballpark.~fides_delim~totalcount
100 volt plug~fides_delim~https://www.bolivianlife.com/voltage-frequency-and-plug-requirements-in-bolivia/~fides_delim~Voltage, Frequency And Plug Requirements in Bolivia~fides_delim~Most of Bolivia uses 220-230 <em>volt</em> outlets so you can use ... If it states 'INPUT: <em>100</em>-240V, 50/60 Hz', it is a multi-voltage device and can be used in ...~fides_delim~totalcount
100 volt plug~fides_delim~https://www.goaheadtours.com/travel-blog/articles/guide-to-power-adapters-and-converters~fides_delim~Guide to Power Adapters and Converters~fides_delim~While the purpose of an adapter is to simply help the <em>plugs</em> on your ... her cribbage game, or rewatching The Office for the <em>100th</em> time.~fides_delim~totalcount
