100 volt dc power supply~fides_delim~https://www.mouser.com/c/power/power-supplies/switching-power-supplies/?output%20voltage-channel%201=100%20VDC~fides_delim~100 VDC Switching Power Supplies~fides_delim~<em>100 VDC</em> Switching <em>Power Supplies</em> are available at Mouser Electronics. Mouser offers inventory, pricing, &amp; datasheets for <em>100 VDC</em> Switching <em>Power Supplies</em>.~fides_delim~totalcount
100 volt dc power supply~fides_delim~https://www.acopian.com/power-supply-voltages/100-volt-power-supplies.htm~fides_delim~100v (volt) Power Supply Models~fides_delim~~fides_delim~totalcount
100 volt dc power supply~fides_delim~https://www.mastechpowersupply.com/volteq-power-supply-hy10010ex-100v-10a-over-voltage-over-current-protection.html~fides_delim~0-100V 0-10A Regulated Switching DC ...~fides_delim~HY10010EX is a high current, high voltage regulated switching <em>DC power supply</em> with built-in over-voltage and reverse-voltage protection, ideal for battery ...~fides_delim~totalcount
100 volt dc power supply~fides_delim~https://www.alibaba.com/showroom/100-volt-dc-power-supply.html~fides_delim~Pick The Right Wholesale 100 Volt Dc Power Supply For You~fides_delim~60w TUV CE GS ETL SAA CB Desktop Ac/<em>dc</em> Adapter <em>100</em>-240v 50/60 Hz To <em>Dc</em> 24v 2.5a 12 <em>Volt</em> 5 Amp 12v 5a 5amp <em>Power Supply</em> Adapter. $5.90-$6.50 / piece.~fides_delim~totalcount
100 volt dc power supply~fides_delim~https://www.aliexpress.com/w/wholesale-power-supply-0-100v-dc.html~fides_delim~Power Supply 0 100v Dc~fides_delim~Get <em>power supply</em> 0 100v <em>dc</em> on US $0.01. Widely used as a <em>power supply</em>, regulated <em>power supplies</em> for electric equipment, led lighting devices.~fides_delim~totalcount
100 volt dc power supply~fides_delim~https://www.aliexpress.com/w/wholesale-100-volt-dc-power-supply.html~fides_delim~100 Volt Dc Power Supply~fides_delim~Shop for <em>100 volt dc power supply</em> top deals. This is a great dc battery for electric equipment, digital products such as laptops and phones.~fides_delim~totalcount
100 volt dc power supply~fides_delim~https://testworld.com/used-electronic-test-equipment/manufacturers/ametek-programmable-power/sorensen-dc-power-supplies-and-loads/sg-series/sorensen-sga100x100-100-volt-100-amp-high-power-dc-power-supply/~fides_delim~Sorensen SGA100X100 100 Volt, 100 Amp High Power ...~fides_delim~Contact TestWorld for pricing on a used/refurbished Sorensen SGA100X100 <em>100 Volt</em>, <em>100</em> Amp High Power <em>DC Power Supply</em>. Rental &amp; Lease options available.~fides_delim~totalcount
100 volt dc power supply~fides_delim~https://www.volteq.com/volteq-power-supply-hy10020ex-100v-20a-over-voltage-over-current-protection-220v-ac.html~fides_delim~variable switching power supply 0-100V 0-20A~fides_delim~VOLTEQ HY10020EX is a high current, high voltage regulated <em>DC</em> variable switching <em>power supply</em>, with built-in over-voltage and over-current protection, ...~fides_delim~totalcount
100 volt dc power supply~fides_delim~https://www.instrumentation2000.com/gw-instek-psu-100-15-dc-power-supply.html~fides_delim~GW Instek PSU 100-15 100 Volt 15 Amp DC Power Supply~fides_delim~Buy GW Instek PSU <em>100</em>-15 <em>DC Power Supply</em> at low prices with calibration certificate from instrumentation2000.com Free shipping, product experts, ...~fides_delim~totalcount
100 volt dc power supply~fides_delim~https://www.circuitspecialists.com/collections/benchtop-power-supplies~fides_delim~Bench Power Supplies - Circuit Specialists~fides_delim~30 <em>Volt DC</em> 3.0 Amp Dual Output Linear <em>Power Supply</em> ... 120 <em>Volt DC</em> 1.0 Amp Linear Bench <em>Power Supply</em> ... CSI10015 0-<em>100V</em>/0-15A Switch Mode Bench Supply.~fides_delim~totalcount
100 volt dc power supply~fides_delim~https://www.valuetronics.com/product/62050p-100-100-chroma-dc-power-supply-new~fides_delim~62050P-100-100 Chroma DC Power Supply~fides_delim~We have New Chroma 62050P-<em>100</em>-<em>100</em> 5000 Watt <em>100 Volt 100</em> Amp <em>DC Power Supplies</em> available. Thousands of model numbers in stock. Sell your test equipment to ...~fides_delim~totalcount
100 volt dc power supply~fides_delim~https://www.valuetronics.com/product/xhr100-10-xantrex-dc-power-supply-used~fides_delim~XHR100-10 Xantrex DC Power Supply~fides_delim~We have Used Xantrex XHR100-10 1000 Watt <em>100 Volt</em> 10 Amp <em>DC Power Supplies</em> available. Thousands of model numbers in stock. Sell your test equipment to us or ...~fides_delim~totalcount
100 volt dc power supply~fides_delim~https://www.allelectronics.com/category/480/power-supplies/1.html~fides_delim~Power Supplies | All Electronics Corp.~fides_delim~Regulated <em>DC power supplies</em> provide a constant voltage output when used at or ... Phihong PSC15R-050 • Input: <em>100</em>-240 Vac, 50-60 Hz, 0.5A • Output: 5 <em>Vdc</em>, ...~fides_delim~totalcount
100 volt dc power supply~fides_delim~https://www.jameco.com/shop/keyword=110-Volt-DC-Output-Power-Supply~fides_delim~110 Volt DC Output Power Supply~fides_delim~110 <em>Volt DC</em> Output <em>Power Supply</em> available at Jameco Electronics. Find Computer Products, Electromechanical, Electronic Design, Electronic Kits &amp; Projects ...~fides_delim~totalcount
100 volt dc power supply~fides_delim~https://www.jameco.com/z/RS-100-15-MEAN-WELL-AC-to-DC-Power-Supply-Single-Output-15-Volt-7-Amp-105-Watt_323724.html~fides_delim~MEAN WELL RS-100-15~fides_delim~MEAN WELL RS-<em>100</em>-15 Switching <em>Power Supply</em>, Enclosed. Products in stock and ready to ship ... Output Voltage (Channel 1), 15 <em>VDC</em>. Output Current (Channel 1) ...~fides_delim~totalcount
100 volt dc power supply~fides_delim~https://www.thorlabs.com/newgrouppage9.cfm?objectgroup_id=8861~fides_delim~Power Supplies~fides_delim~Our OEM-style power modules are available in 15 W and <em>100</em> W units with three voltage ... 5 <em>VDC</em>, 2 A <em>Power Supply</em> with USB 2.0 Type-A Port.~fides_delim~totalcount
100 volt dc power supply~fides_delim~https://schatten-pickups.myshopify.com/collections/coil-winding-machine-accessories/products/model-d-power-supply-eu~fides_delim~100 volt to 240 volt Coil Winder Power Supply - Model D ...~fides_delim~<em>100</em> to 240 <em>volt</em> ac to 12 <em>volt dc</em>, 1 amp, center positive <em>power supply</em>. Comes with adapter plugs for AU, UK, EU, US (not all plugs shown in photo below).~fides_delim~totalcount
100 volt dc power supply~fides_delim~https://www.keysight.com/us/en/products/dc-power-supplies.html~fides_delim~DC Power Supply~fides_delim~High precision <em>DC power supply</em> products from Keysight. From programmable <em>DC Power Supplies</em> to specialized applications for systems or benchtop. Learn More!~fides_delim~totalcount
100 volt dc power supply~fides_delim~https://www.walmart.com/c/kp/12-volt-dc-power-supplies~fides_delim~12 Volt DC Power Supplies(1000+)~fides_delim~12V <em>Power Supply</em> 12 <em>Volt</em> 1A 12W AC/<em>DC Power Adapter 100V</em> ~ 240V AC to <em>DC</em> 800mA 500mA with 10 Tips 4.0x1.7 3.5x1.35 2.5x0.7mm.~fides_delim~totalcount
100 volt dc power supply~fides_delim~https://www.ekmmetering.com/products/din-rail-12v-dc-power-supply~fides_delim~DIN Rail Mounting 12V DC Power Supply - 100–240VAC In~fides_delim~This is a 12V <em>DC Power Supply</em> - 1.25A, UL Listed, CE, 50/60Hz ~section 2 ~ Type: 12V <em>DC Power Supply</em> Input: <em>100</em>-240 <em>volts</em> ~ 50/60Hz Output: 12 <em>Volts</em> ...~fides_delim~totalcount
100 volt dc power supply~fides_delim~https://borderline-lighting.com/shop/led-power-supplies-dc/power-supply-100-watt-12-volt-dc-1-channel-excellent-for-led-and-more-outdoor-rated/~fides_delim~100 Watt 12 Volt DC, Power Supply, 1 channel, Excellent ...~fides_delim~<em>100</em> Watt <em>100</em>-264V/1-2A ~ <em>DC</em> 12V/8.3A 1 Channel <em>DC</em> Output. ... <em>100</em> Watt 12 <em>Volt DC</em>, <em>Power Supply</em>, 1 channel, Excellent for LED and more- Outdoor Rated ...~fides_delim~totalcount
100 volt dc power supply~fides_delim~https://www.grainger.com/category/test-instruments/electronic-bench-testing/bench-single-output-dc-power-supplies~fides_delim~Bench Single Output DC Power Supplies~fides_delim~B&amp;K PRECISION Switching <em>DC Power Supply</em>: 18V, 20 A, <em>100</em>-240 V AC, ... B&amp;K PRECISION <em>Power Supply</em>: 15V, 60 A, 110-240V AC, 40 mVpp, 0.05% + 3mV Line <em>Volts</em> ...~fides_delim~totalcount
100 volt dc power supply~fides_delim~https://nothingbutleds.com/products/led-power-supply-100-watt-24-volt-dc-ip67-mean-well-lpv-100-24-1-year-warranty~fides_delim~led-power-supply-100-watt-24-volt-dc-ip67-mean-well-lpv- ...~fides_delim~MEAN WELL LPV-<em>100</em>-24 low cost, economical LED <em>power supply</em>, constant voltage• Universal AC input: 90~264Vac• Operating temperature: -25~+70°C• Ideal for ...~fides_delim~totalcount
100 volt dc power supply~fides_delim~https://samlexamerica.com/product-category/ac-dc-power-supplies/~fides_delim~AC-DC Power Supplies~fides_delim~Type. Desktop. Rack Mount. Cabinet &amp; <em>Power Supply</em> Combination ; Input Voltage. <em>100</em> - 240 VAC. 120 VAC. 230 VAC. 12 <em>VDC</em>. 24 <em>VDC</em> ; Output Amps. Up to 30 Amps. 40 to ...~fides_delim~totalcount
100 volt dc power supply~fides_delim~https://www.youtube.com/watch?v=DB9GfzG-hX8~fides_delim~How to make an adjustable power supply in 5 minutes~fides_delim~~fides_delim~totalcount
100 volt dc power supply~fides_delim~https://www.trcelectronics.com/7_5-volt-chassis-power-supplies~fides_delim~7.5 Volt Chassis Power Supplies~fides_delim~Output <em>Power</em> Rating · 75-99W; <em>100</em>-199W; 200-299W; 300-499W; 500-749W ; Input Voltage · 85-264 Vac; 88-264 Vac ; Features &amp; Functions · Aux. Output; <em>DC</em> OK (<em>Power</em> Good) ...~fides_delim~totalcount
100 volt dc power supply~fides_delim~https://www.instructables.com/DIY-High-Voltage-8V-120V-0-15A-CCCV-Small-Portable/~fides_delim~DIY High Voltage 8V-120V 0-15A CC/CV Small Portable ...~fides_delim~1.I try and make it a point to layout all my parts and pieces need for the build. Look over the components and make sure there are no defect. I also Tested ...
2.I will lay out the bigger parts on a piece of graph paper, to get a rough Idea, on the size I will need for the box or case. With this one, I ended up ...
3.Luckily the Maple board I had purchased was close to the size needed. All I really had to do was cut the length of each board.I just used a basic box design ...~fides_delim~totalcount
100 volt dc power supply~fides_delim~https://www.teamwavelength.com/power-supply-basics/~fides_delim~POWER SUPPLY BASICS~fides_delim~Worldwide, AC voltages range from <em>100</em> to 240 V. The rate of direction ... With an unregulated <em>DC power supply</em>, the voltage output varies with the size of ...~fides_delim~totalcount
100 volt dc power supply~fides_delim~https://www.powerstream.com/power2-14-23.html~fides_delim~14 volt to 23 volt AC to DC Power Supplies~fides_delim~We have developed a series of linear and switchmode <em>power supply</em> designs ranging from 1 watt to over 500 watts which we ... 36 <em>VDC</em>, <em>100</em> watt <em>power supply</em>.~fides_delim~totalcount
100 volt dc power supply~fides_delim~https://windandsolar.com/100-volt-digital-dc-meter-gang-box/~fides_delim~100 Volt Digital Meter~fides_delim~<em>100 Volt</em> Digital <em>DC</em> Meter in Gang Box with blue LED display does not require a separate <em>power supply</em>. Accurately monitor your battery voltage with our <em>DC</em> ...~fides_delim~totalcount
100 volt dc power supply~fides_delim~https://www.tek.com/en/products/keithley/dc-power-supplies~fides_delim~DC Power Supply~fides_delim~Tektronix and Keithley offer single and multiple-output <em>DC</em> bench power ... thousands of <em>volts</em>, choosing the appropriate variable bench <em>power supply</em> is ...~fides_delim~totalcount
100 volt dc power supply~fides_delim~https://lingfran.en.alibaba.com/product/60767913207-802602799/100_volt_dc_power_supply_0_100v_adjustable_ac_dc_power_supply.html~fides_delim~100 volt dc power supply/0-100v adjustable ac dc power supply~fides_delim~<em>100 volt dc power supply</em>/0-100v adjustable ac dc power supply, US $ 120 - 985 / Set, Jiangsu, China, Lingfran, LFL-DCP dc power supply.~fides_delim~totalcount
100 volt dc power supply~fides_delim~https://magna-power.com/products/magnadc/ts~fides_delim~TS Series - High Power Programmable DC ...~fides_delim~275 models; 3U to 16U rack-mount; 5 kW to <em>100</em> kW <em>power</em> levels; 5 <em>Vdc</em> to 6000 <em>Vdc</em> output voltage; 0.8 Adc to 8000 Adc output current; SCPI Remote Programming ...~fides_delim~totalcount
100 volt dc power supply~fides_delim~https://www.centurytool.net/CPS_100_Auto_Meter_100_Amp_13_8_14_4_Volt_DC_p/autcps-100.htm~fides_delim~CPS-100 Auto Meter 100 Amp 13.8- 14.4 Volt DC Clean ...~fides_delim~Clean <em>Power Supply</em> gives <em>100</em> Amps of clean, non-fluctuating power for vehicle computer flash reprogramming. Adjustable voltage output from 13.8 to 14.4V.~fides_delim~totalcount
100 volt dc power supply~fides_delim~https://www.mpja.com/15-Volt-13A-Power-Supply-Module-100-264VAC-Input/productinfo/36675%20PS/~fides_delim~15 Volt - 1.3A - Power Supply Module - 100-264VAC Input~fides_delim~15 <em>Volt</em> - 1.3A - <em>Power Supply</em> Module - <em>100</em>-264VAC Input · MFG: HiLink · P/N: HLK-20M15 · INPUT: AC: <em>100</em>~264V 50/60Hz · Output Voltage: 15VDC ( ± 0.2V) Voltage ...~fides_delim~totalcount
100 volt dc power supply~fides_delim~https://www.voltage-converter-transformers.com/collections/ac-to-dc-converters-24v-18v-15v-12v-9v-8-4v-6-5v-5v-4-5v-3v-dc~fides_delim~AC to DC Converters (24V, 18V, 15V, 12V, 9V, 8.4V, 6.5V, ...~fides_delim~Class 2 switching AC to <em>DC</em> power Converter Adapters. These Class 2 <em>power supply</em> converters are for universal use with input range from <em>100</em>-240 <em>Volt</em>. AC and <em>DC</em> ...~fides_delim~totalcount
100 volt dc power supply~fides_delim~https://www.alldataresource.com/Transition-25025-EU-Power-Supply-100--240-Volt-Ac-At-10-Amp-And-12-Volt-Dc-At-125-Amp-15-Watt-Maximum-Eu_p_478494.html~fides_delim~Transition 25025-EU Power Supply, 100 - 240 Volt Ac At ...~fides_delim~Transition 25025-EU <em>Power Supply</em>, <em>100</em> - 240 <em>Volt</em> Ac At 1.0 Amp And 12 <em>Volt Dc</em> At 1.25 Amp, 15 Watt Maximum, Eu-Transition 25025-EU <em>Power Supply</em>, <em>100</em> -~fides_delim~totalcount
100 volt dc power supply~fides_delim~https://www.monolithicpower.com/en/ac-dc-power-supply-basics~fides_delim~Understanding AC/DC Power Supply | Article | MPS~fides_delim~An AC/<em>DC power supply</em> transforms AC into a stable <em>DC</em> voltage. ... A <em>power supply</em> is an electrical device that converts the electric current that comes in ...~fides_delim~totalcount
100 volt dc power supply~fides_delim~https://www.surplussales.com/POWERSUPPLIES/POWERS-5.HTML~fides_delim~Power Supplies: 31 Volt to 149 Volt~fides_delim~Power Designs triple output precision, bench / lab, regulated, variable <em>DC power supply</em> with analog <em>volt</em> / amp metering. ... <em>100</em>% tested and guaranteed.~fides_delim~totalcount
100 volt dc power supply~fides_delim~https://www.ledlight.com/12-volt-led-power-supplies.aspx~fides_delim~Power Supplies - Low Voltage~fides_delim~<em>Power Supplies</em>, Low Voltage. <em>Power Supply</em> 12 <em>VDC</em> 24 Watt 2 Amp <em>100</em> to 240 VAC , <em>Power Supply</em> 12 <em>VDC</em> 50 Watt Output Voltage 85-265 VAC Input, <em>100</em> Watt.~fides_delim~totalcount
100 volt dc power supply~fides_delim~https://www.alliedelec.com/power-products/power-supply-ac-dc-power-supplies-/~fides_delim~Power Supply (AC-DC Power Supplies)~fides_delim~<em>Power Supply</em>,AC-<em>DC</em>,24V,2.5A,<em>100</em>-264V In,Enclosed,DIN Rail,PFC,60W,MDR Series ... Output Power. 60 W. Output Voltage. 24 <em>VDC</em>. Primary Type. AC-<em>DC</em>.~fides_delim~totalcount
100 volt dc power supply~fides_delim~https://www.lowes.com/pd/Armacost-Lighting/5013490673~fides_delim~Armacost Lighting 100-Watt Standard 24-Volt DC LED ...~fides_delim~Constant Voltage LED <em>power supply</em> provides stable and high efficient power to LED lighting including: strip lights, tape lights, puck lights, ...~fides_delim~totalcount
100 volt dc power supply~fides_delim~https://winecellarcreations.com/product/200-watt-standard-12-volt-led-dc-power-supply/~fides_delim~Armacost 200 Watt Standard 12 Volt LED DC Power Supply~fides_delim~200 Watt; 12 <em>Volt</em> Standard LED <em>Power Supply</em> delivers stable and energy-efficient, low-voltage power to any LED lighting installation. The LED driver is designed ...~fides_delim~totalcount
100 volt dc power supply~fides_delim~https://www.progressiveautomations.com/collections/power-supplies~fides_delim~Power Supplies for Linear Actuators~fides_delim~<em>Power Supply</em> - 110-230 VAC - 12 <em>VDC</em> - 1A - IP67. Model: PS-1-12-67. $23.00 USD. Add to cart · <em>Power Adapter</em> - <em>100</em>-240 VAC - 12 <em>VDC</em> - 1A. Model: PS-1-12.~fides_delim~totalcount
100 volt dc power supply~fides_delim~https://www.youtube.com/watch?v=MoFeHpJmBLE~fides_delim~How to build a simple regulated DC power supply - YouTube~fides_delim~~fides_delim~totalcount
100 volt dc power supply~fides_delim~https://www.youtube.com/watch?v=-XQMnN8XBWA~fides_delim~12V 100A DC from 220v AC for High Current DC Motor~fides_delim~~fides_delim~totalcount
100 volt dc power supply~fides_delim~https://www.ellumiglow.com/24v-dc-power-supply-100w~fides_delim~24 Volt DC Power Supply 100 Watts~fides_delim~This <em>power supply</em> is perfect to drive 24 <em>Volt</em> LED Strip Lighting or LED Neon, up to 4.5 Amps, <em>100</em> Watts. Easy screw connectors to hook up leads to wall ...~fides_delim~totalcount
100 volt dc power supply~fides_delim~https://www.gavazzionline.com/CGNA/power-supplies~fides_delim~Power Supplies~fides_delim~Our <em>power supplies</em> will accept a 120/220 V input voltage and provide a <em>DC</em> voltage output. We offer outputs in 5 <em>VDC</em>, 12 <em>VDC</em>, 15 <em>VDC</em>, 24 <em>VDC</em>, and 48 <em>VDC</em>.~fides_delim~totalcount
100 volt dc power supply~fides_delim~https://www.electronics-tutorials.ws/blog/variable-voltage-power-supply.html~fides_delim~Variable Voltage Power Supply Using The LM317T~fides_delim~The LM317T is an adjustable 3-terminal positive voltage regulator capable of supplying different <em>DC</em> voltage outputs other than the fixed voltage <em>power supply</em> of ...~fides_delim~totalcount
100 volt dc power supply~fides_delim~https://www.homedepot.com/p/Armacost-Lighting-100-Watt-24-Volt-DC-Transformer-Standard-Power-Supply-851000/317133536~fides_delim~100-Watt 24-Volt DC Transformer Standard Power Supply~fides_delim~The Armacost Lighting's <em>100</em>-Watt; 24 <em>Volt</em> Standard LED <em>Power Supply</em> delivers stable and energy-efficient, low-voltage power to any LED lighting installation ...~fides_delim~totalcount
100 volt dc power supply~fides_delim~https://www.pureedgelighting.com/edge/products/psb-_x100w-24vdc-2xk.php?bc=Products%7CPower%20Supplies%20And%20Controllers~fides_delim~PSB-_X100W-24VDC-2XK _X100 Watt 24 Volt DC ...~fides_delim~PSB-_<em>X100W</em>-24VDC-2XK <em>_X100</em> Watt 24 <em>Volt DC</em> Tunable White <em>Power Supply</em> With DMX Driver ... Accepts input voltage in a range of 120-277VAC and outputs 24VDC power ...~fides_delim~totalcount
100 volt dc power supply~fides_delim~https://www.xppower.com/~fides_delim~XP Power: Quality Power Supplies and Converters~fides_delim~Looking for the leading manufacturer of AC-<em>DC power supplies</em>, <em>DC</em>-<em>DC</em> converters, high voltage, RF &amp; custom power products? Discover our extensive range.~fides_delim~totalcount
100 volt dc power supply~fides_delim~https://www.vevor.com/converter-charger-c_10756/vevor-rv-power-converter-battery-charger-110v-ac-to-12v-dc-100-amp-rv-converter-p_010188940808~fides_delim~VEVOR 100 Amp RV Power Converter Charger, 110 Volt ...~fides_delim~Discover VEVOR <em>100</em> Amp RV Power Converter Charger, 110 <em>Volt</em> AC to 12 <em>Volt DC</em>, <em>Power Supply</em> Battery Converter Charger 1500W with 13-16V <em>DC</em> Adjustable ...~fides_delim~totalcount
100 volt dc power supply~fides_delim~https://www.zozomusic.com/electro-harmonix-ehx-us9dc-100-9-volt-dc-adapter-effects-pedal-power-supply/~fides_delim~Electro-Harmonix EHX US9DC-100 9 Volt DC Adapter Effects ...~fides_delim~<em>Power supply</em> for Big Muff Pi and Small Clone; For older pedals that use a 3.5mm (1/8") connector; Input Voltage Range: 120V AC, 60Hz; Output Voltage: 9V <em>DC</em> ...~fides_delim~totalcount
100 volt dc power supply~fides_delim~https://www.kepcopower.com/app-hv.htm~fides_delim~Applications - High Voltage (to 2KV)~fides_delim~Kepco¹s ABC bench <em>dc power supply</em> embodies the latest features: keypad data entry, ... Linear control for low noise: <em>100</em> micro-<em>volts</em> typical in voltage mode ...~fides_delim~totalcount
100 volt dc power supply~fides_delim~https://www.ampflow.com/powerSupplies/~fides_delim~Power Supplies~fides_delim~Connect these units to 110 or 220 <em>Volts</em> AC household <em>power</em> and they will <em>supply</em> 5, 12, 24, 36, or 48 <em>volts DC</em> for use with our motors.~fides_delim~totalcount
100 volt dc power supply~fides_delim~https://www.edaboard.com/threads/how-to-build-a-100-volt-power-supply.238566/~fides_delim~How to build a 100 volt power supply?~fides_delim~Hello, I need a <em>power supply</em> which outputs <em>100 volt DC</em>, and at least about 10-50mA. Preferably it would be variable from 0-<em>100 volts</em> (in ...~fides_delim~totalcount
100 volt dc power supply~fides_delim~https://www.elkproducts.com/product/12-volt-dc-plug-in-power-supply-p1216/~fides_delim~12 Volt DC Plug-In Power Supply~fides_delim~The <em>power</em> pack plugs into <em>100</em> to 120 <em>volts</em> A.C., and <em>supplies</em> regulated 12 <em>volts D.C.</em> to a standard 2.1mm <em>power</em> plug. P1216 ...~fides_delim~totalcount
100 volt dc power supply~fides_delim~https://www.coolerguys.com/products/100-240v-ac-to-12-5v-dc-4pin-molex-adapter~fides_delim~100-240v AC to 12 / 5v DC 4pin Molex Adapter | Shop Now~fides_delim~Buy Coolerguys <em>100</em>-240V AC to 12 / 5v <em>DC</em> 4-Pin Molex 2A <em>Power Adapter</em> (2000mA) from online store at the best price. This is currently the only <em>power supply</em> ...~fides_delim~totalcount
100 volt dc power supply~fides_delim~https://beyondledtechnology.com/products/led-power-supply-100-watt-24-volt-dc-ip67-mean-well-lpv-100-24-1-year-warranty~fides_delim~LED Power Supply | 100 Watt | 24 Volt DC | IP67~fides_delim~MEAN WELL LPV-<em>100</em>-24 low cost, economical LED <em>power supply</em>, constant voltage• Universal AC input: 90~264Vac• Operating temperature: -30~+70°C• Ideal for ...~fides_delim~totalcount
100 volt dc power supply~fides_delim~https://www.functionaldevices.com/product-category/power-supplies/~fides_delim~Power Supplies - Functional Devices, Inc.~fides_delim~Functional Devices offers AC &amp; <em>DC</em> general purpose <em>power supplies</em>. ... <em>DC Power Supply</em>, <em>100</em> VA, 120 to 24 Vac and Switching 120 to 24 <em>Vdc</em> at 2.5 Amp, ...~fides_delim~totalcount
100 volt dc power supply~fides_delim~https://www.yaleelectricsupply.com/siemens-6ep33326sb000ay0-power-supply-100-240-volt-ac-110-300-volt-dc-input-24-volt-dc-output-54-mm-x-53-mm-x-90-mm~fides_delim~240-Volt AC/110 - 300-Volt DC Input 24-Volt DC Output 54- ...~fides_delim~Siemens 6EP33326SB000AY0 <em>Power Supply 100</em> - 240-<em>Volt</em> AC/110 - 300-<em>Volt DC</em> Input 24-<em>Volt DC</em> Output 54-mm x 53-mm x 90-mm.~fides_delim~totalcount
100 volt dc power supply~fides_delim~https://www.newark.com/c/power-line-protection/power-supplies~fides_delim~Power Supplies~fides_delim~AC/<em>DC</em> DIN Rail <em>Power Supply</em> (PSU), 1 Output, 7.5 W, 5 <em>VDC</em>, 1.5 A ... AC/<em>DC</em> Open Frame <em>Power Supply</em> (PSU), ITE, 1 Output, 130W @ 18CFM, <em>100</em> W, ...~fides_delim~totalcount
100 volt dc power supply~fides_delim~https://www.bravoelectro.com/ac-dc-power-supply/24-volt.html~fides_delim~24 Volt DC Power Supplies~fides_delim~Bravo Electro is your 24 <em>Volt DC power supply</em> headquarters! In stock and ready to ship today! Let us help you find the power solution to ...~fides_delim~totalcount
100 volt dc power supply~fides_delim~https://www.newegg.com/p/pl?d=12+volt+dc+power+supply~fides_delim~12 volt dc power supply~fides_delim~Search Newegg.com for 12 <em>volt dc power supply</em>. Get fast shipping and top-rated customer service.~fides_delim~totalcount
100 volt dc power supply~fides_delim~https://www.usrenewablesolutions.com/siemens-6ep13225ba10-dc-output-switching-dc-power-supply-1-6-amp-at-100-volt-0-8-amp-at-230-volt-input-6-5-amp-output-52-5-mm-x-100-mm-x-80-mm~fides_delim~Siemens 6EP13225BA10 DC Output Switching DC Power ...~fides_delim~It has an input current of 1.6-Amps at <em>100</em>-<em>Volts</em> and 0.8-Amp at 230-<em>Volts</em>. The 78-Watt <em>power supply</em> delivers an output of 6.5-Amps at 12-<em>Volts DC</em>. The DIN rail ...~fides_delim~totalcount
100 volt dc power supply~fides_delim~https://www.homemade-circuits.com/100-amp-variable-voltage-power-supply/~fides_delim~100 amp Variable Voltage Power Supply Circuit~fides_delim~2nd question is how to make a charger (Input AC ~220 <em>Volts</em>) for a Battery pack of <em>DC</em> 12Volts 90Amp. Reply. Swagatam says. May 2, 2022. Thank you ...~fides_delim~totalcount
100 volt dc power supply~fides_delim~https://shop.evilmadscientist.com/productsmenu/174~fides_delim~9 Volt 1.5 A DC Power Supply~fides_delim~9 <em>volt DC</em>, regulated, 1500 mA AC <em>adapter</em>. UL Listed. Accepts worldwide <em>100</em> V - 240 V input, has a US/Canada style plug, and is <em>power</em> strip friendly with a ...~fides_delim~totalcount
100 volt dc power supply~fides_delim~https://www.eleccircuit.com/power-supply-circuit/~fides_delim~100+ Power supply circuit diagram with PCB~fides_delim~6 <em>volts</em>. 9 <em>volts</em>. <em>Power supply</em> 12V. Other voltages: 18V, 24V, 30V ... Still curious? Click here to find out: Basic AC-<em>DC Power Supplies</em> ...~fides_delim~totalcount
100 volt dc power supply~fides_delim~https://store.usesi.com/idec-ps5r-vd24-switching-power-supply-100-240-volt-ac-input-24-volt-dc-output-1-3-amp-at-100-volt-ac-0-8-amp-at-230-volt-ac-input-2-5-amp-output~fides_delim~Idec PS5R-VD24 Switching Power Supply 100 - 240-Volt ...~fides_delim~Idec Switching <em>power supply</em> has a current rating of 1.3-Amps at <em>100</em>-<em>Volts</em> ... and voltage rating from <em>100</em> to 240-<em>Volts</em> AC input and 24-<em>Volts DC</em> output. Th.~fides_delim~totalcount
100 volt dc power supply~fides_delim~https://www.adiglobaldistribution.us/Product/ZP-VP2148D~fides_delim~Valcom VP-2148D DC Power Supply, 48 Volt, 2 Amp~fides_delim~Product Overview · Smaller Footprint · Wall, Rack/Rail Mount · Mounting Bracket Included · <em>100</em> – 240 V · Less Energy/Less Heat · Barrel or Wire Connection · 4 Amp Unit ...~fides_delim~totalcount
100 volt dc power supply~fides_delim~https://www.angelfire.com/electronic/funwithtubes/bench_psu.html~fides_delim~Bench Power Supply.~fides_delim~0 to -<em>100 VDC</em> for vacuum tube grid bias. 300 to 2500 <em>volts</em> at 1 A for high <em>power</em> vacuum tube circuits such as transmitters. 1000 to 5000 <em>VDC</em> at ...~fides_delim~totalcount
100 volt dc power supply~fides_delim~https://www.automationdirect.com/adc/shopping/catalog/power_products_(electrical)/dc_power_supplies/din_rail_mount/psb12-100~fides_delim~PSB12-100 - Switching Power Supply~fides_delim~PSB12-<em>100</em> - RHINO PSB series switching <em>power supply</em>, 11-14 <em>VDC</em> output, 8.3A, 100W, 120/240 VAC or 120-375 <em>VDC</em> nominal input, 1-phase, enclosed, aluminum...~fides_delim~totalcount
100 volt dc power supply~fides_delim~https://www.electronicsurplus.com/power-supply/ac-to-dc-adapter~fides_delim~AC to DC Adapter - Power Supply~fides_delim~Input: <em>100</em>-240VAC/277VAC. Output: 107 - 214 <em>VDC</em> Output. High Efficiency (Up to 93%) Constant Current Output 0-10V Dimming Control Input Surge ...~fides_delim~totalcount
100 volt dc power supply~fides_delim~https://datasheets.globalspec.com/ds/270/AllenBradleyRockwellAutomation~fides_delim~Allen-Bradley / Rockwell Automation DC Power Supplies Data ...~fides_delim~1606-<em>XLP100E</em>-2: Compact <em>Power Supply</em>, 24-28V <em>DC</em>, <em>100</em> W, ... Conformal coated 1756 <em>power supply</em> 19.2 - 32 <em>VDC Power Supply</em> (5V @ 10 Amp) Input Voltage:24V <em>DC</em> ...~fides_delim~totalcount
100 volt dc power supply~fides_delim~https://customthermoelectric.com/dc-power-supply-15-volt-6-7-amp.html~fides_delim~PS-100W1-15-6.7 DC Power Supply~fides_delim~<em>DC Power Supply</em>. Part #: PS-<em>100W1</em>-15.6.7; <em>100</em> Watts; Output: <em>DC</em> 15 <em>volts</em> at 0-7.0 amps max; Output Adjustable range: 14.25 - 16.5 <em>volts</em>; Input: 88-264VAC, ...~fides_delim~totalcount
100 volt dc power supply~fides_delim~https://www.alitove.net/index.php?route=product/product&product_id=63~fides_delim~12V DC Power Supply 2A 24W AC/DC Adapter 100~240V ...~fides_delim~12V <em>DC Power Supply</em> 2A 24W AC/<em>DC</em> Adapter <em>100</em>~240V AC to <em>DC</em> 12 <em>Volt</em> 2 Amp 1.8A 1.5A 1.2A Converter with 5.5 x 2.5mm 2.1mm Plug for LED Strip Light CCTV Security ...~fides_delim~totalcount
100 volt dc power supply~fides_delim~https://www.yottavolt.com/shop/pfr-100-series-fanless-multi-range-dc-power-supply/~fides_delim~PFR-100 Series Fanless Multi-Range DC Power Supply~fides_delim~The PFR-<em>100</em> series, a small and high-performance programmable <em>D.C. power supply</em>, adopts natural convection design to dissipate heat.~fides_delim~totalcount
100 volt dc power supply~fides_delim~https://solahevidutysales.com/power_supplies.htm~fides_delim~Sola/Hevi-Duty Products | Sola Power Supplies~fides_delim~The compact, lightweight DIN Rail <em>power supplies</em> come in output voltages from 5 to 48 <em>VDC</em> and power ratings of up to <em>100</em> Watts.~fides_delim~totalcount
100 volt dc power supply~fides_delim~https://www.droking.com/480W-AC-Power-Supply-Switching-AC110-220V-to-DC0-48V-10A-Led-Display-Adjustable-Voltage-Regulator-DC-12V-24V-Power-Adapter-Driver~fides_delim~48W AC Power Supply, Switching AC110~220V to DC0~fides_delim~It is a 48W Switching AC <em>Power Supply</em>/Adjustable Adapter, Input voltage: AC 110 ~ 220V ± 15%, Output: <em>DC</em> 0 ~ 48V 10A, Applications:used for a variety of <em>DC</em> ...~fides_delim~totalcount
100 volt dc power supply~fides_delim~https://sbcdatapower.com/DC-Power-Supplies-12-Volt-24-Volt-48-Volt-120-Volt-130-Volt-DC-Industrial-Power-Supply-Battery-Charger-Utillity-Communication-Major-Power-ICT.html~fides_delim~DC Power Supplies 12 Volt, 24 Volt, 48 Volt, 120 ...~fides_delim~<em>DC Power Supplies</em> from 5 Amps to <em>100</em> Amps <em>Power Supplies</em> for <em>DC</em> Input, <em>DC</em> Control Systems Welcome to SBC Data Power's product specialty page on 12 <em>volt</em>, ...~fides_delim~totalcount
100 volt dc power supply~fides_delim~https://us.idec.com/idec-us/en/USD/Power-Supplies/c/Power_Supplies~fides_delim~Power Supplies | USA~fides_delim~At IDEC, <em>power supplies</em> aren't just an add-on product, they are the foundation of a ... Add a 10W <em>DC</em>-<em>DC</em> converter unit or add two branch terminals —without ...~fides_delim~totalcount
100 volt dc power supply~fides_delim~https://www.graybar.com/industrial-control-and-automation/plc-power-supplies-and-accessories/c/plc-power-supplies-and-accessories~fides_delim~PLC Power Supplies And Accessories~fides_delim~Phaseo ABL8 Regulated Switch Mode <em>Power Supply</em> (SMPS), <em>100</em>-500 Vac, 24 <em>Vdc</em>, 3A, 72W. SKU. 25210059. MFR #. ABL8RPS24030.~fides_delim~totalcount
100 volt dc power supply~fides_delim~https://www.dxengineering.com/search/department/dc-power~fides_delim~DC Power~fides_delim~SEC-1235P-M Desktop Switching <em>Power Supply</em>, Backlit Meters, Universal Input <em>100</em> thru 240 VAC, 13.8 <em>VDC</em>, 30A Continuous Output, ...~fides_delim~totalcount
100 volt dc power supply~fides_delim~https://www.rexelusa.com/p/383766/allen-bradley/power-supply-24-28-volt-dc-30-watt-100-240-volt-ac-input-voltage/885630159584/1606-xlp30eq~fides_delim~Power Supply, 24-28 Volt DC, 30 Watt, 100/240 Volt AC ...~fides_delim~<em>Power Supply</em>, 24-28 <em>Volt DC</em>, 30 Watt, <em>100</em>/240 <em>Volt</em> AC Input Voltage, 85/375 <em>DC</em> Inout Voltage, Cat #: 1606-XLP30EQ, Mfr: Allen-Bradley.~fides_delim~totalcount
100 volt dc power supply~fides_delim~https://www.us.lambda.tdk.com/products/acdc-power-supplies/~fides_delim~AC-DC Power Supplies &amp; Converters | TDK-Lambda Americas~fides_delim~TDK-Lambda is a global supplier of AC-<em>DC power supplies</em> with a broad range of ... Up to <em>100</em>°C Rated Baseplate Temperature; Conduction Cooled Via Baseplate.~fides_delim~totalcount
100 volt dc power supply~fides_delim~https://makingcircuits.com/blog/simplest-variable-0-100v-power-supply-circuit/~fides_delim~Simplest Variable 0-100V Power Supply Circuit~fides_delim~This simplest variable 0-<em>100V power supply</em> circuit will allow the user ... from 0 to the full supply voltage (<em>100V</em>) subtracting 0.7 <em>volts</em>.~fides_delim~totalcount
100 volt dc power supply~fides_delim~https://sloanled.com/collection/signage/power-supplies-signage/24-vdc-power-supply-signage/~fides_delim~24 VDC Power Supplies - Signage~fides_delim~24 <em>VDC 100</em> Watt <em>power supply</em> is designed for the sign industry, engineered for quick installs and reliable performance in harsh outdoor applications.~fides_delim~totalcount
100 volt dc power supply~fides_delim~https://www.rapidtables.com/convert/electric/100-watt-to-amp.html~fides_delim~How to convert 100 watts to amps (A)~fides_delim~For <em>DC power supply</em>, amps are equal to watts divided by <em>volts</em>. amp = watt / <em>volt</em>. amps = <em>100W</em> / 12V = 8.3333A. Amps calculation with voltage of 120V AC. For AC ...~fides_delim~totalcount
100 volt dc power supply~fides_delim~https://www.cui.com/blog/how-to-select-an-ac-dc-power-supply~fides_delim~How to Select an Ac-Dc Power Supply - CUI Inc~fides_delim~Input Voltage Specifications for Ac-<em>Dc Power Supplies</em> ... with one of the lowest nominal input voltage requirements (<em>100</em> Vac) while the UK, ...~fides_delim~totalcount
100 volt dc power supply~fides_delim~https://www.cdw.com/content/cdw/en/articles/hardware/how-to-choose-the-right-ac-adapter-for-your-device.html~fides_delim~How to Choose the Right AC Adapter for Your Device~fides_delim~The unit for voltage is <em>volt</em> (V), while current ratings end in amps or ampere (A). <em>Power</em> adapters have AC inputs and <em>DC</em> outputs. Depending on ...~fides_delim~totalcount
100 volt dc power supply~fides_delim~https://theequipmenthub.com/product/ramyr-afv100-9-100-amp-9-volt-dc-power-supply/~fides_delim~Ramyr AFV100-9 100 Amp 9 Volt DC Power Supply~fides_delim~Visit here to learn more about this Ramyr AFV100-9 <em>100</em> Amp 9 <em>Volt DC Power Supply</em> for sale. Contact us today for additional details.~fides_delim~totalcount
100 volt dc power supply~fides_delim~https://powerbassusa.com/products/mobile-audio/aps-100-100A-ac-to-dc-power-supply/~fides_delim~APS-100 100A AC to DC Power Supply 120V~fides_delim~APS-<em>100 100A</em> AC TO <em>DC POWER SUPPLY</em> ( 120V AC ). With todays demanding demo, competition, and even marine audio set ups, supplying power while the vehicle is ...~fides_delim~totalcount
100 volt dc power supply~fides_delim~https://www.creativelightings.com/12VDC-Regulated-Power-Supply-3-0-Amp-35-Watt-p/cl-ps-lrs-35-12.htm~fides_delim~12 Volt DC Regulated Power Supply - 3.0A Commercial 35 ...~fides_delim~12 <em>Volt DC</em> Regulated <em>Power Supply</em> - 3.0A Commercial 35 watt, (85-264vAC input), 12 <em>volt</em> AC/<em>DC</em> Switching Supply, Overload protection, Commercial quality with ...~fides_delim~totalcount
100 volt dc power supply~fides_delim~https://www.lingfran.com/ac-and-dc-power-supplies/dc-power-supply/12-volt-100-amp-dc-power-supply.html~fides_delim~12 Volt 100 Amp Dc Power Supply~fides_delim~As one of the most professional 12 <em>volt 100</em> amp <em>dc power supply</em> manufacturers and suppliers in China, we're featured by quality products and low price.~fides_delim~totalcount
100 volt dc power supply~fides_delim~https://www.flir.com/browse/professional-tools/bench-instruments/power-supplies/~fides_delim~Bench Instruments - Power Supplies~fides_delim~All Products (9) Grid view List View. Extech 382200. 30V/1A Single Output <em>DC Power Supply</em>.~fides_delim~totalcount
100 volt dc power supply~fides_delim~https://hitlights.com/products/150-watt-dc-power-supply-high-output-12-volt~fides_delim~150 Watt DC Power Supply (High Output) - 12 Volt~fides_delim~Our high output 12V <em>DC power supplies</em> are essential when running multiple LED light strips from one power source. These adapters are ideal for large scale ...~fides_delim~totalcount
100 volt dc power supply~fides_delim~https://www.chromausa.com/product/bidirectional-dc-power-supply-62000d/~fides_delim~Bidirectional DC Power Supply + Regenerative Load~fides_delim~Power Rating. 6kW/12kW/18kW. Voltage Range. 0~<em>100V</em>/600V/1200V/1800V. Current Range. 0~540A. Chroma 62000D programmable bidirectional <em>DC power supplies</em> have ...~fides_delim~totalcount
100 volt dc power supply~fides_delim~https://electronics.stackexchange.com/questions/213881/is-it-okay-to-use-a-power-supply-that-provides-slightly-more-voltage-and-amperag~fides_delim~Is it okay to use a power supply that provides slightly more ...~fides_delim~The weird symbol indicates its a <em>DC</em> output. This laptop <em>adapter supplies</em> an output voltage of 19 V and a maximum output current of 3.42 A, ...~fides_delim~totalcount
