10101 translator~fides_delim~https://www.binarytranslator.com/~fides_delim~Free Binary Translator | Translate Binary Code to Text ...~fides_delim~Convert text to binary, decimal to octal, binary to hexadecimal &amp; vice a versa online with BinaryTranslator.com binary converter online for free.~fides_delim~totalcount
10101 translator~fides_delim~https://www.rapidtables.com/convert/number/binary-to-ascii.html~fides_delim~Binary to Text Translator - RapidTables.com~fides_delim~~fides_delim~totalcount
10101 translator~fides_delim~https://www.duplichecker.com/binary-translator~fides_delim~Binary Translator Online for Free~fides_delim~Binary <em>translator</em> by Duplichecker.com helps you to automate the process of converting binary codes into text. Now translate binary code to English for free!~fides_delim~totalcount
10101 translator~fides_delim~https://www.convertbinary.com/to-text/~fides_delim~Convert Binary to Text~fides_delim~Translate Binary Code to plain (English) text with this easy to use Binary <em>Translator</em>. ✓ It includes a Binary to Text conversion table.~fides_delim~totalcount
10101 translator~fides_delim~https://www.prepostseo.com/tool/binary-translator~fides_delim~Binary Translator - Pre Post SEO~fides_delim~Binary <em>translator</em> is a tool to translate binary code into text for reading or printing purposes. You can translate binary to English by using two methods; ASCII ...~fides_delim~totalcount
10101 translator~fides_delim~https://binarytotext.net/~fides_delim~Binary to Text Converter (Binary Translator)~fides_delim~This binary <em>translator</em> helps you to convert binary to text(English). Just enter a binary code and convert it into the equivalent text values with this free ...~fides_delim~totalcount
10101 translator~fides_delim~https://dnschecker.org/binary-to-text-translator.php~fides_delim~Binary Translator - Online Binary to Text Converter~fides_delim~Binary Code <em>Translator</em> will convert binary code to plain text/English or ASCII? Use our binary <em>translator</em> for binary <em>translation</em>. ... <em>10101</em>, 21, NAK, 15.~fides_delim~totalcount
10101 translator~fides_delim~https://dnschecker.org/text-to-binary-translator.php~fides_delim~Free Online English Text to Binary Translator - DNS Checker~fides_delim~ASCII text to hex, and binary conversion table ; 10010, 18, DC2 ; 10011, 19, DC3 ; 10100, 20, DC4 ; <em>10101</em>, 21, NAK ...~fides_delim~totalcount
10101 translator~fides_delim~https://www.justfreetools.com/en/binary-code-translator~fides_delim~Binary Code Translator - Justfreetools~fides_delim~Binary Code <em>Translator</em> · Our text to binary code <em>translator</em> is highly easy to use. · Copy-paste your text in the required field or you can type your text directly ...~fides_delim~totalcount
10101 translator~fides_delim~https://toponlinetool.com/binary-to-text-translator/~fides_delim~Convert Binary to Text | Binary to ASCII | TopOnlineTool.com~fides_delim~~fides_delim~totalcount
10101 translator~fides_delim~https://lingojam.com/BinarytoEnglish~fides_delim~Binary to English Translator - LingoJam~fides_delim~This <em>translator</em> converts binary numbers into English text. To do this it first breaks the binary string up into 8-bit chunks and converts these chunks to ...~fides_delim~totalcount
10101 translator~fides_delim~https://www.spanishdict.com/translate/10101~fides_delim~10101 | Spanish Translator - SpanishDict~fides_delim~Translate <em>10101</em>. See Spanish-English <em>translations</em> with audio pronunciations, examples, and word-by-word explanations.~fides_delim~totalcount
10101 translator~fides_delim~https://www.jpl.nasa.gov/edu/pdfs/phases_chart.pdf~fides_delim~binary code - NASA~fides_delim~Binary code Letter or number. 0011 0000. 0. 0011 0001. 1. 0011 0010. 2. 0011 0011. 3. 0011 0100. 4. 0011 0101. 5. 0011 0110. 6. 0011 0111. 7. 0011 1000.1 page~fides_delim~totalcount
10101 translator~fides_delim~https://groups.nscl.msu.edu/nscl_library/manuals/phillips/726.pdf~fides_delim~Phillips Scientific~fides_delim~The model 726 is a 16-channel level <em>translator</em> packaged in a single ... <em>10101C</em>. 41. <em>10101A</em>. 4. CHE QUIV. CH9+ CUTV. CHIO- OUT. CHIO+ OUT. CHUL OUT.~fides_delim~totalcount
10101 translator~fides_delim~https://citeseerx.ist.psu.edu/document?repid=rep1&type=pdf&doi=f853c18a8076c553070b9bb04d0fff99419bcd6c~fides_delim~Some of the engineering aspects of the machine translation of ...~fides_delim~by RE WALL JR · Cited by 9 — mechanical <em>translation</em> and their work ... to expect the first <em>translating</em> machines ... likely that a machine <em>translator</em> can pro-.~fides_delim~totalcount
10101 translator~fides_delim~https://www.nhn.ou.edu/~johnson/Education/Juniorlab/Optics/Pasco/P_LinearTran.pdf~fides_delim~LINEAR TRANSLATOR~fides_delim~Mounting the <em>Translator</em> on the Optics Bench . ... <em>10101</em> Foothills Blvd. P.O. Box 619011 ... The PASCO scientific Model OS-8535 Linear <em>Translator</em>.~fides_delim~totalcount
10101 translator~fides_delim~https://emap.mesacounty.us/assessor_lookup/Assessor_Parcel_Report.aspx?Account=R065134~fides_delim~Mesa County Assessor Parcel Report - Mesa County GIS~fides_delim~2022, COUNTY ROAD &amp; BRIDGE-1/2 LEVY, MCRBS, <em>10101</em>, 0.0113, $1,472,910, $16.64. 2022, COUNTY <em>TRANSLATOR</em> TV FUND, MCTV, <em>10101</em>, 0.0280, $1,472,910, $41.24.~fides_delim~totalcount
10101 translator~fides_delim~http://emap.mesacounty.us/assessor_lookup/Assessor_Parcel_Report.aspx?Account=R058398~fides_delim~Mesa County Assessor Parcel Report - Mesa County GIS~fides_delim~2022, CITY OF GRAND JUNCTION, GRJCT, <em>10101</em>, 8.0000, $8,860, $70.88 ... 2022, COUNTY <em>TRANSLATOR</em> TV FUND, MCTV, <em>10101</em>, 0.0280, $8,860, $0.25.~fides_delim~totalcount
10101 translator~fides_delim~https://linguistcafe.com/translators/details/71303168-Joseph-Mwila%20Bwembya~fides_delim~Joseph Mwila Bwembya - Translator Detail Page~fides_delim~ZAMBIA · Time Zone (UTC +02:00) Cairo · Native Language Bemba · Address Mulenga Hills, Kasama, Northern Province, ZAMBIA, <em>10101</em> · Nationality Zambia.~fides_delim~totalcount
10101 translator~fides_delim~https://calculating-it.com/converters/binary-code-converter/~fides_delim~Binary Code Converter - Calculating It~fides_delim~The Binary Number System ; 100 - 4, 1100 - 12, 10100 - 20, 11100 - 28 ; 101 - 5, 1101 - 13, <em>10101</em> - 21, 11101 - 29.~fides_delim~totalcount
10101 translator~fides_delim~https://www.collinsdictionary.com/us/dictionary/french-english/parit%C3%A9~fides_delim~English Translation of “parité” - Collins Dictionary~fides_delim~English <em>Translation</em> of “parité” | The official Collins French-English ... En effet, si 10011 est devenu <em>10101</em>, le bit de parité reste toujours 1 et le ...~fides_delim~totalcount
10101 translator~fides_delim~https://quizlet.com/2209426/binary-number-translation-flash-cards/~fides_delim~Binary Number Translation Flashcards - Quizlet~fides_delim~Search. Log in. Sign up. Binary Number <em>Translation</em> ... <em>10101</em>. 21. 10110. 22. 10111. 23. 11000. 24. 11001. 25. 11010. 26. 11011. 27. 11100. 28. 11110.~fides_delim~totalcount
10101 translator~fides_delim~https://www.worldbook.com/BinaryDecoder~fides_delim~Binary Decoder - World Book~fides_delim~Binary Decoder. Can you read a message like a computer? Computers understand binary language, which is made up of 0's and 1's.~fides_delim~totalcount
10101 translator~fides_delim~https://www.translate.com/dictionary/english-somali/iska-dhaaf-10101~fides_delim~Abandon in Somali - Translate.com~fides_delim~Need the <em>translation</em> of "Abandon" in Somali but even don't know the meaning? Use Translate.com to cover it all.~fides_delim~totalcount
10101 translator~fides_delim~https://watchaware.com/watch-apps/smart-translator-voice-text/1595801548~fides_delim~Smart Translator - Apple Watch App | Watchaware~fides_delim~<em>Translator</em> app is a language <em>translator</em> app that allows you to communicate effectively world wide. <em>Translator</em> app is a powerful voice <em>translator</em> and ...~fides_delim~totalcount
10101 translator~fides_delim~https://github.com/Icinga/icingaweb2/issues/1986~fides_delim~[dev.icinga.com #10101] Translator throws exception if locale ...~fides_delim~This issue has been migrated from Redmine: https://dev.icinga.com/issues/<em>10101</em> Created by sailavid on 2015-09-05 15:29:03 +00:00 Assignee: (none) Status: ...~fides_delim~totalcount
10101 translator~fides_delim~https://www.calculator.net/binary-calculator.html~fides_delim~Binary Calculator~fides_delim~This free binary calculator can add, subtract, multiply, and divide binary values, as well as convert between binary and decimal values.~fides_delim~totalcount
10101 translator~fides_delim~https://en.wikipedia.org/wiki/Fortran~fides_delim~Fortran - Wikipedia~fides_delim~Fortran is a general-purpose, compiled imperative programming language that is especially ... <sup>p.2</sup> Other sources suggest the name stands for Formula <em>Translator</em>, ...~fides_delim~totalcount
10101 translator~fides_delim~http://guweb2.gonzaga.edu/faculty/walsh/CPEN130/ascii.html~fides_delim~Converting Binary to Ascii~fides_delim~Converting Binary to Ascii. Ascii Binary Code A 0100 0001 B 0100 0010 C 0100 0011 D 0100 0100 E 0100 0101 F 0100 0110 G 0100 0111 H 0100 1000 I 0100 1001 J ...~fides_delim~totalcount
10101 translator~fides_delim~https://bee-swarm-simulator.fandom.com/wiki/Science_Bear~fides_delim~Science Bear | Bee Swarm Simulator Wiki - Fandom~fides_delim~He gives a <em>translator</em> on the 21st, 26th, and 31st quest. Honey Production with Science Enhancement. Science Enhancement, Production Rate, Honey per ...~fides_delim~totalcount
10101 translator~fides_delim~https://www.facebook.com/groups/798868916869581/posts/4631908433565591/~fides_delim~Interpreters, Translators &amp; Language Professionals - Facebook~fides_delim~May be an image of text that says '9:15 35% Posts <em>Interpreters</em> ... <em>Translation</em> in English Chinese Malay ... <em>10101</em> Harwin Dr., Suite 120. Houston, Tx 77036~fides_delim~totalcount
10101 translator~fides_delim~https://aclanthology.org/D10-1016.pdf~fides_delim~&quot;Poetic&quot; Statistical Machine Translation: Rhyme and Meter~fides_delim~by D Genzel · 2010 · Cited by 80 — Machine <em>translation</em> of poetry is probably one of the hardest possible tasks that can ... if we observe a pattern <em>10101</em>, we record the fol-.~fides_delim~totalcount
10101 translator~fides_delim~https://apps.dtic.mil/sti/pdfs/ADA585928.pdf~fides_delim~Adding Statistical Machine Translation Adaptation to ... - DTIC~fides_delim~by RP Winkler · 2013 · Cited by 1 — present a novel approach for iteratively incorporating a human <em>translator</em> in the loop to ... perl tokenizer.pl | perl lowercase.pl | nc localhost <em>10101</em>.~fides_delim~totalcount
10101 translator~fides_delim~https://twistedwonderland.miraheze.org/wiki/Twisted_Wonderland_Unofficial_English_Wiki:Editing_Policy~fides_delim~Twisted Wonderland Unofficial English Wiki:Editing Policy~fides_delim~Contents. 1 General Policies; 2 Fan <em>Translation</em> Policy; 3 Violation Policy; 4 Uploading Files Policy ... Eg. Bg <em>10101</em>.png.~fides_delim~totalcount
10101 translator~fides_delim~https://fosburit.com/love/i-love-you-in-binary-code/~fides_delim~How To Write and Say “I Love You” In Binary Code~fides_delim~The following is the meaning of every <em>translation</em>: 01101001 – I; 01100111 – L; 01001111 – O; 01010110 – V; 01000101 – E; 01111001 – Y ...~fides_delim~totalcount
10101 translator~fides_delim~https://www.youtube.com/watch?v=zG8FMYsjrF8~fides_delim~Language Translator - IBPS RRB PO &amp; Clerk Mains 2020~fides_delim~IBPS RRB PO &amp; Clerk Mains 2020 | Computer Awareness | Language <b>Translator</b> Selected in SBI Clerk 2020? Congrats! Share your Success Story&nbsp;...~fides_delim~totalcount
10101 translator~fides_delim~https://www.isols-msts.org/abstracts/files/abstracts-poster/isols-msts-poster-abstract-179.pdf~fides_delim~isols-msts-poster-abstract-179.pdf~fides_delim~by I Han · Cited by 22 — <em>10101</em>. Title. Cross-cultural adaptation and validation of the Korean Toronto ... <em>translators</em>, 2 orthopedic surgeons, and a Korean professional <em>translator</em>.~fides_delim~totalcount
10101 translator~fides_delim~https://www.harmonyware.com/changelog-1.7.html~fides_delim~1.7 HarmonyWare Translator Changelog~fides_delim~CATIA5, DATAKIT: Quick hack to enable Catia V6 in the V5 <em>translator</em>. 2011-04-21. ... IGES: Added color <em>10101</em> hack for add in testing. 2003/04/09.~fides_delim~totalcount
10101 translator~fides_delim~https://docs.fcc.gov/public/attachments/DA-18-1072A2_Rcd.pdf~fides_delim~catalog of potential expenses and estimated costs for low ...~fides_delim~stations or <em>translator</em> facilities may be able to re-use their existing transmitters or ... and guy anchors may not be included in this price. <em>10101</em> ...~fides_delim~totalcount
10101 translator~fides_delim~https://www.proz.com/kudoz/spanish-to-english/other/10101-y-ud.html~fides_delim~Y Ud? | Spanish to English | - ProZ.com~fides_delim~KudoZ™ <em>translation</em> help ... The KudoZ network provides a framework for <em>translators</em> and others to assist each other with <em>translations</em> or ...~fides_delim~totalcount
10101 translator~fides_delim~https://translatermorsecode.com/baudot-code/~fides_delim~Baudot Code Translator~fides_delim~Baudot Code <em>Translator</em> ... Y, <em>10101</em>, Z, 10001. Numbers. 0, 10110, 1, 10111, 2, 10011. 3, 00001, 4, 01010, 5, 10000. 6, <em>10101</em>, 7, 00111, 8, 00110.~fides_delim~totalcount
10101 translator~fides_delim~https://www.reddit.com/r/HypnospaceOutlaw/comments/il0787/zanes_hackerlog_translation/~fides_delim~Zane&#39;s HackerLog Translation? : r/HypnospaceOutlaw - Reddit~fides_delim~... 01 010 01 10 011011110 10 <em>10101</em> 0 1010 01 01101010 01 010 01 10 011011 01 01 101010 01 010 01 10 011011 01 01 101010 01 010 01 10 011011 ...~fides_delim~totalcount
10101 translator~fides_delim~https://snyk.io/advisor/npm-package/@marko/translator-default~fides_delim~@marko/translator-default - npm package | Snyk~fides_delim~Learn more about @marko/<em>translator</em>-default: package health score, popularity, ... @marko/<em>translator</em>-default, we found that it has been starred <em>10,101</em> times, ...~fides_delim~totalcount
10101 translator~fides_delim~https://www.renesas.com/us/en/document/dst/idt8t49n203i-datasheet~fides_delim~IDT8T49N203I Datasheet - Renesas~fides_delim~Universal Frequency <em>Translator</em> (UFT) / Frequency Synthesizer ... <em>10101</em>. CLK_SEL. AUTO_MAN[1]. AUTO_MAN[0]. 0. ADC_RATE[1]. ADC_RATE[0]. LCK_WIN[1].~fides_delim~totalcount
10101 translator~fides_delim~https://v2.cryptii.com/morsecode/binary~fides_delim~cryptii - Morsecode to Binary - v2~fides_delim~cryptii v2 is an archived OpenSource web application published under the MIT license where you can convert, encode and decode content between different ...~fides_delim~totalcount
10101 translator~fides_delim~https://www.academia.edu/19383534/Poetic_Statistical_Machine_Translation_Rhyme_and_Meter~fides_delim~Poetic&#39; Statistical Machine Translation: Rhyme and Meter~fides_delim~Poetic' Statistical Machine <em>Translation</em>: Rhyme and Meter. ... For instance, if we observe a pattern <em>10101</em>, we record the fol- 4 Stress pattern feature ...~fides_delim~totalcount
10101 translator~fides_delim~https://romancelanguages.nd.edu/undergraduate/courses/~fides_delim~Courses | Undergraduate~fides_delim~Below are specialty language courses (beyond core language courses:<em>10101</em>,10102, ... Mistral, Borges, Human Rights, Race and Ethnicity, and <em>Translation</em>.~fides_delim~totalcount
10101 translator~fides_delim~https://www.ssmhealth.com/SSMHealth/media/Documents/vietnamese-directory.pdf~fides_delim~MISSOURI - SSM Health~fides_delim~disabilities to communicate effectively with us, such as qualified sign language <em>interpreters</em> and written information in ... <em>10101</em> Woodfield Lane.~fides_delim~totalcount
10101 translator~fides_delim~https://www.ibm.com/docs/en/ssw_aix_72/network/conversion_table.html~fides_delim~ASCII, decimal, hexadecimal, octal, and binary conversion table~fides_delim~~fides_delim~totalcount
10101 translator~fides_delim~https://www.zoominfo.com/c/calavaran-oqyanous-abi-co/439977874~fides_delim~Calavaran Oqyanous Abi - Overview, News &amp; Competitors~fides_delim~Is this data correct? Popular Searches. Calavaran Oqyanous Abi Co. Cement &amp; Clinkers. SIC Code <em>10,101</em>. NAICS Code 21,212 ... Google Website <em>Translator</em>.~fides_delim~totalcount
10101 translator~fides_delim~https://seotoolscentre.com/text-to-binary-converter~fides_delim~Text to Binary Converter Online [Free Unlimited]~fides_delim~Welcome to our free to use Online Text to Binary <em>Translator</em> tool. ... In ASCII to binary conversion, the binary number <em>10101</em> translates to numerical value ...~fides_delim~totalcount
10101 translator~fides_delim~https://www.jstor.org/stable/25304518~fides_delim~Back Matter - jstor~fides_delim~Andr?e Collier is an essayist, an editor, and a <em>translator</em> of Czech and Slo ... P.O. Box 719, Radio City Station, Hell's Kitchen, NY <em>10101</em>-0719 ...~fides_delim~totalcount
10101 translator~fides_delim~https://www.colquitt.k12.ga.us/about-us/files/documents/quick%20reference%20phone%20numbers%20July%202022.pdf~fides_delim~Quick Phone Reference - Colquitt County Schools~fides_delim~<em>10101</em>. Brian Lewis ................................... 10075. Wendy May .................................. 10027. Dr. Irma Townsend / Asst. Superintendent.~fides_delim~totalcount
10101 translator~fides_delim~http://www.ciscounitytools.com/Applications/General/TTYAngel/Help/TTYAngel.htm~fides_delim~TTY Angel - Cisco Unity Tools~fides_delim~Notice that the text entered is “translated” into a short hand that is commonly understood by users of TTY/TDD phone devices. See the “<em>Translation</em> Dictionary” ...~fides_delim~totalcount
10101 translator~fides_delim~https://www.vocabulary.com/schools/united-states/north-carolina/UPWIjddieRhkU-rF/waxhaw/sandy-ridge-elementary-school/monthly/~fides_delim~Sandy Ridge Elementary School Achievements~fides_delim~<em>10101</em> Waxhaw Manor Dr Waxhaw, North Carolina 28173. Words Mastered: This Month: -; Last Month: -; Last Word: -. Sign up now (it's free!)~fides_delim~totalcount
10101 translator~fides_delim~https://www.islamicbookstore.com/b10101.html~fides_delim~In the Shade of the Qur&#39;an Volume 16 : Surahs 48 to 61 ...~fides_delim~... Adil Salahi (<em>translator</em>, editor) Publisher: The Islamic Foundation (2009 ... al Saff) (English <em>Translation</em> of Fi Zilal al-Qur'an) (Sayyid Qutb). <em>10101</em>.~fides_delim~totalcount
10101 translator~fides_delim~https://web.cs.umass.edu/~weems/homepage/335-Notes/ewExternalFiles/Binary%20practice.pdf~fides_delim~Binary practice.pdf~fides_delim~Binary Conversion Practice. Binary Places: 32, 16, 8, 4, 2, 1. Convert these binary numbers to decimal: 1. 10. 11. 100. 101. 1000. 1011. 1100. <em>10101</em>. 11111.~fides_delim~totalcount
10101 translator~fides_delim~https://socialscienceresearch.org/index.php/GJHSS/article/view/100736/2-Historic-Classic-as-Global-Interculture_tex~fides_delim~Literary Heart Carving Dragon and its Translations~fides_delim~utf8x.def – 8421 default 10100 default { <em>10101</em> default } 8491 default ̊A ... The <em>translator</em> must be a poet embodying China's literary heart to carve out a ...~fides_delim~totalcount
10101 translator~fides_delim~https://librivox.org/author/10101~fides_delim~Daisetz Suzuki (1870 - 1966) - LibriVox~fides_delim~Suzuki was also a prolific <em>translator</em> of Chinese, Japanese, and Sanskrit literature. Suzuki spent several lengthy stretches teaching or lecturing at Western ...~fides_delim~totalcount
10101 translator~fides_delim~https://twoblindbrothers.com/pages/braille~fides_delim~Braille Translator - Two Blind Brothers~fides_delim~Braille <em>Translator</em>. Below is a simple way to convert text to braille and braille to text. Enter the letters that you would like to translate, and this tool ...~fides_delim~totalcount
10101 translator~fides_delim~https://www.yellowpages.com/rosenberg-tx/certified-translator~fides_delim~Best 30 Certified Translator in Rosenberg, TX with Reviews~fides_delim~Certified <em>Translator</em> in Rosenberg on YP.com. ... phone numbers and more for the best <em>Translators</em> &amp; <em>Interpreters</em> in Rosenberg, TX. ... <em>10101</em> Southwest Fwy.~fides_delim~totalcount
10101 translator~fides_delim~https://www.ecsu.edu/administration/human-resources/career-banding/shra-university-delegated-authority-by-position-ecsu.pdf~fides_delim~Schematic Code Branch Class ECSU 10100 Purchasing ...~fides_delim~<em>10101</em>. Purchasing. Purchasing Manager. 10200. Planner. Planner. 10300. Program Management ... <em>Translator</em>. 12414. Social Research.~fides_delim~totalcount
10101 translator~fides_delim~https://www.waterlooschools.org/contact-information-for-wcsd-administration/~fides_delim~Contact Information for WCSD Administration~fides_delim~<em>10101</em> andersonj@waterlooschools.org; Mental Health Coordinator Donna Kitrick 319-433-2051 ext. ... 19124 killingsh@waterlooschools.org; Bosnian <em>Translator</em>~fides_delim~totalcount
10101 translator~fides_delim~https://www.certainteed.com/resources/CTC_HPD_Gyptone.pdf~fides_delim~CertainTeed Ceilings Gyptone by Saint Gobain~fides_delim~Benchmark or List <em>translator</em> ... ID: <em>10101</em>-41-4 ... associations are based on the HPD Priority Hazard Lists, the GreenScreen List <em>Translator</em>, and when.~fides_delim~totalcount
10101 translator~fides_delim~https://www.quora.com/I-want-to-become-a-medical-interpreter-Will-I-have-to-go-to-medical-school-or-can-I-just-learn-all-the-equivalent-medical-words-in-another-language~fides_delim~I want to become a medical interpreter. Will I have to ... - Quora~fides_delim~Originally Answered: Are healthcare <em>interpreters</em> always treated fairly by doctors? Are there any studies on this? Yes, we are. But, sometimes, we ...~fides_delim~totalcount
10101 translator~fides_delim~https://001yourtranslationservice.com/translations/encyclopedia/Translations-Mathematics-04.htm~fides_delim~Translations of Encyclopedia about Mathematics - Numbers ...~fides_delim~<em>Translating</em> Finnish French <em>Translations</em> French Finnish <em>Translating</em> German Russian ... For example, the number <em>10101</em> is read as follows: 1 is one, 0 is two, ...~fides_delim~totalcount
10101 translator~fides_delim~https://www.say-hello.com/profiles~fides_delim~Translator&#39;s profiles - Say-Hello~fides_delim~Order a <em>translation</em> 24/7. directly from <em>translators</em> in 150+ countries speaking over 125 languages. <em>Translator's</em> profiles ... <em>10101</em> - Melan.~fides_delim~totalcount
10101 translator~fides_delim~https://coolconversion.com/math/binary-octal-hexa-decimal/Convert__number_10101_in__~fides_delim~Convert binary number 10101 in decimal - CoolConversion~fides_delim~<em>10101</em> binary to decimal - binary to decimal Step-by-Step Number Base Converter/Calculator.~fides_delim~totalcount
10101 translator~fides_delim~https://m.apkpure.com/tagalog-to-korean-translator-offline/com.lightcurvesoftware.filipinotokoreantranslator~fides_delim~Tagalog to Korean Translator Offline APK for Android Download~fides_delim~Tagalog to Korean <em>Translator</em> Offline 1.1.1 APK download for Android. The app can translate sentences from tagalog to korean and korean to tagalog.~fides_delim~totalcount
10101 translator~fides_delim~https://zamlink-translation-solution.business.site/~fides_delim~Zamlink Translation Solution - Translator in Lusaka~fides_delim~Zambian Language <em>Translation</em>. We are a network of professional <em>translators</em> distributed around the 10 provinces of Zambia, who are accustomed to working both ...~fides_delim~totalcount
10101 translator~fides_delim~https://aapt.scitation.org/doi/pdf/10.1119/1.2344370~fides_delim~Wedding PC interfaces to interference and diffraction ...~fides_delim~by JL Ferguson · 1996 · Cited by 1 — PASCO scientific, <em>10101</em> Foothills ... ometer to PASCO's linear <em>translator</em>. ... the linear <em>translator</em> by means of an O-ring belt.~fides_delim~totalcount
10101 translator~fides_delim~http://www.bitsavers.org/test_equipment/datum/Datum_9210_Time_Code_Translator_Instruction_Manual_1972.pdf~fides_delim~Datum_9210_Time_Code_Trans...~fides_delim~The DATUM Model 9210 Time Code <em>Translator</em> operates as a reader using a serial time code as a time base. ... 5B <em>10101</em>--0153 i&lt;ESlSTof2- 7 5 !(_~fides_delim~totalcount
10101 translator~fides_delim~https://scholarworks.uvm.edu/cgi/viewcontent.cgi?article=1388&context=hcoltheses~fides_delim~A Translation of Barbi Marković&#39;s Novel “Superheroines”~fides_delim~by E Roach · 2020 — able to provide English-speaking readers a <em>translation</em> of a German novel that they ... a brain 0101 1010 <em>10101</em> 1 10100101 10101010 101 10 K was Communism.~fides_delim~totalcount
10101 translator~fides_delim~https://htdidb.industriopolis.eu/qemu-stm32.html~fides_delim~Qemu stm32 - Industriopolis~fides_delim~By using dynamic <em>translation</em>, it achieves very good performance. ... The order is as follows-gdb tcp::<em>10101</em> ^-S The QEMU system emulator provides a solution ...~fides_delim~totalcount
10101 translator~fides_delim~https://cdn.pasco.com/product_document/Linear-Translator-Basic-Optics-Manual-OS-8535A.pdf~fides_delim~Linear Translator Basic Optics Manual - PASCO scientific~fides_delim~The PASCO OS-8535A Linear <em>Translator</em> is designed to be ... The Linear <em>Translator</em> consists of a base with mounting hard- ... <em>10101</em> Foothills Blvd.~fides_delim~totalcount
10101 translator~fides_delim~http://3.imimg.com/data3/RF/FO/MY-2577995/russian-language-translation-services.pdf~fides_delim~Lingo Brochure~fides_delim~<em>10101</em>. On the other hand, machine <em>translation</em> often proves to be laborious and cumbersome to understand and it's even of the most inferior quality.~fides_delim~totalcount
10101 translator~fides_delim~http://www.americanscholarspress.us/conferences/pdf/NAST6-2017.pdf~fides_delim~Proceedings of the Sixth Northeast Asia International ...~fides_delim~Thoughts on <em>Translation</em> from Chinese to Foreign Languages Through the <em>Translation</em> Practice ... 9841 <em>10101</em> 19942. 167413 183769 351182.~fides_delim~totalcount
10101 translator~fides_delim~https://instituteofcatholicculture.org/thou-art-peter-part-ii/~fides_delim~Thou Art Peter...Part II - Institute of Catholic Culture~fides_delim~“Thou art Kepha and upon this kepha I will build my Church.” <em>Translating</em> the text into Greek is where the difficulty occurs. In Greek, the word for rock is ...~fides_delim~totalcount
10101 translator~fides_delim~https://m.yelp.com/biz/khoon-translation-skokie~fides_delim~KHOON TRANSLATION - 10101 Old Orchard Crt, Skokie, IL~fides_delim~Khoon <em>Translation</em> - CLOSED in Skokie, reviews by real people. Yelp is a fun and easy way to find, recommend and talk about what's great and not so great in ...~fides_delim~totalcount
10101 translator~fides_delim~https://www.binaryhexconverter.com/binary-to-ascii-text-converter~fides_delim~Binary to Ascii Text Converter~fides_delim~yh it is really helpful buh i kinda have a problem how do you convert back from ascii to binary/?. Kasie 2021-03-09 15:23:46. It help me with <em>translating</em>.~fides_delim~totalcount
10101 translator~fides_delim~https://staticpro.comelitgroup.com/storage/2018/11/10282/MT_SGRBS100-L_EN.pdf~fides_delim~SGRBS100/L - Comelit Group SpA~fides_delim~4) When the wire to wireless <em>translator</em> (by itself or piloted by the Wirelex) is ... <em>10101</em>. 4. German DIN tone *. 1200Hz-500Hz swept every 1000ms (1Hz).~fides_delim~totalcount
10101 translator~fides_delim~https://www.wikihow.com/Decode-Binary-Numbers~fides_delim~How to Decode Binary Numbers: 6 Steps (with Pictures)~fides_delim~1.Remember that in binary 1 is "on: and 0 is "off."
2.Choose the binary number that you want to decode.
3.Give each number a value, starting from the extreme right.
For example, using the number 1001001, 1=1, +0=2, +0=4, +1=8, +0=16, +0=32, +1=64.
The number ...~fides_delim~totalcount
10101 translator~fides_delim~https://www.clear.rice.edu/comp425/slides/L31.pdf~fides_delim~2-Level Page Tables~fides_delim~(+) Address <em>translation</em> (TLB lookup) in parallel with cache lookup ... VA = 101 1111 PA = 11 1111. <em>10101</em>. 10111. Assumes cache block size of w bytes w BYTES ...~fides_delim~totalcount
10101 translator~fides_delim~https://ncalculators.com/digital-computation/binary-gray-code-converter.htm~fides_delim~Binary to Gray Code Converter - Ncalculators~fides_delim~<em>10101</em>, 11111, 21. 10110, 11101, 22. 10111, 11100, 23. 11000, 10100, 24. 11001, <em>10101</em>, 25. 11010, 10111, 26. 11011, 10110, 27. 11100, 10010, 28.~fides_delim~totalcount
10101 translator~fides_delim~https://study.com/academy/lesson/what-is-255-in-binary-how-to-steps.html~fides_delim~What is 255 in Binary? - How-to &amp; Steps - Study.com~fides_delim~It is possible to reach the number 255 using only base 2, or binary, numbers. Explore what 255 is in binary numbers with a step-by-step ...~fides_delim~totalcount
10101 translator~fides_delim~https://www.lyricinterpretations.com/clutch/10001110101~fides_delim~Clutch: 10001110101 Meaning - Lyric Interpretations.com~fides_delim~Before <em>translation</em>, if you cycle through to the 10,001,110,101 word, you come to the first word of this passage: ergah teros undalum meriah phalos gerenta.~fides_delim~totalcount
10101 translator~fides_delim~https://buildgp.com/wp-content/uploads/2022/09/166_ToughRock_Fire_Resistant_Gypsum_Board_HPD.pdf~fides_delim~ToughRock® Fire Resistant Gypsum Board by Georgia-Pacific ...~fides_delim~Benchmark or List <em>translator</em> Score ... BM-1. Nanomaterial . ... ID: <em>10101</em>-41-4 ... LT-UNK List <em>Translator</em> Benchmark Unknown (the chemical is.~fides_delim~totalcount
10101 translator~fides_delim~https://leeduser.buildinggreen.com/sites/default/files/credit_documentation/63_HPD_GOLD%20BOND%20XP%20FIRE-SHIELD%20GYPSUM%20BD.pdf~fides_delim~Gold Bond® XP® Fire-Shield® Gypsum Boards by National ...~fides_delim~Benchmark or List <em>translator</em> Score ... LT-UNK ... SUBSTANCE NOTES: May also include CASRN <em>10101</em>-41-4 (LT-UNK; No warnings found on HPD Priority lists).~fides_delim~totalcount
10101 translator~fides_delim~https://www.w3resource.com/convert/number/binary-to-octal.php~fides_delim~Convert Binary to Octal - w3resource~fides_delim~<em>10101</em>, 25. 10110, 26. 10111, 27. 11000, 30. 11001, 31. 11010, 32. 11011, 33. 11100, 34. 11101, 35. 11110, 36. 11111, 37. 100000, 40.~fides_delim~totalcount
10101 translator~fides_delim~https://community.nxp.com/t5/P-Series/Regarding-etsec-controller-of-P1022/m-p/772015/highlight/true~fides_delim~Re: Regarding etsec controller of P1022 - NXP Community~fides_delim~cfg_serdes_ports : <em>10101</em>. We are using both ethernet controllers in SGMII mode. ... GPIO1_13 Floating connected to a level <em>translator</em> device~fides_delim~totalcount
10101 translator~fides_delim~https://stackoverflow.com/questions/63363158/upload-file-to-google-translator-for-translation~fides_delim~Upload file to Google Translator for translation - Stack Overflow~fides_delim~Upload file to Google <em>Translator</em> for <em>translation</em> ... I know that I can use googletrans for text <em>translation</em>. ... <em>10101's</em> user avatar.~fides_delim~totalcount
10101 translator~fides_delim~https://communities.bentley.com/products/pipe_stress_analysis/f/autopipe-forum/110495/plant3d-pcf-import~fides_delim~Plant3D PCF Import - AutoPIPE Forum - Bentley Communities~fides_delim~With the PCF <em>translator</em> you can import PCF files from Autodesk Plant3D. This works quite well for the geometry, but I'm trying to tweak the ...~fides_delim~totalcount
10101 translator~fides_delim~https://www.codecademy.com/forum_questions/50ec7f9fa380fe8a3f00000a~fides_delim~1.2: Code - Codecademy~fides_delim~a = parseInt(101010, 2) * parseInt(<em>10101</em>, 2); b = parseInt(111111, 2) * parseInt(101, 2); c = parseInt(111101, 2) * parseInt(10, 2); console.log(a + b + c);~fides_delim~totalcount
10101 translator~fides_delim~https://www.atanet.org/starting-your-career/nine-questions-from-language-majors-on-their-next-steps-to-becoming-a-translator-or-interpreter/~fides_delim~Nine Questions from Language Majors on Their Next Steps to ...~fides_delim~It's important to have a strong linguistic foundation, but other skills can be helpful to <em>translators</em> and <em>interpreters</em> too. Many freelancers ...~fides_delim~totalcount
10101 translator~fides_delim~https://biharsarkariresult.com/~fides_delim~Bihar Sarkari Result : BiharSarkariResult.Com, Sarkari Result ...~fides_delim~Patna High Court <em>Translator</em> Recruitment 2022 Apply Online · Bihar LRC Vacancy 2022 – [<em>10,101</em>] Clerk, Amin, Kanoonago, Officer – Cancelled ...~fides_delim~totalcount
10101 translator~fides_delim~https://learn.sparkfun.com/tutorials/binary/counting-and-converting~fides_delim~Counting and Converting - Binary - SparkFun Learn~fides_delim~5, 101, 21, <em>10101</em>. 6, 110, 22, 10110. 7, 111, 23, 10111. 8, 1000, 24, 11000. 9, 1001, 25, 11001. 10, 1010, 26, 11010. 11, 1011, 27, 11011.~fides_delim~totalcount
10101 translator~fides_delim~https://codebeautify.org/binary-to-text~fides_delim~Best Binary to Text Converter / Translator / Decoder~fides_delim~Binary to Text Online works well on Windows, MAC, Linux, Chrome, Firefox, Edge, and Safari. It's also called Binary <em>Translator</em> or Binary Decoder.~fides_delim~totalcount
10101 translator~fides_delim~https://www.govinfo.gov/app/details/CFR-2011-title47-vol4/CFR-2011-title47-vol4-sec73-827~fides_delim~47 CFR 73.827 - Content Details - GovInfo~fides_delim~Section 73.827 - Interference to the input signals of FM <em>translator</em> or FM booster stations. Date. October 1, 2011. Citation ...~fides_delim~totalcount
10101 translator~fides_delim~https://mathworld.wolfram.com/GrayCode.html~fides_delim~Gray Code -- from Wolfram MathWorld~fides_delim~by EW Weisstein · 2003 · Cited by 14 — 5, 111, 25, <em>10101</em>, 45, 111011. 6, 101, 26, 10111, 46, 111001. 7, 100, 27, 10110, 47, 111000. 8, 1100, 28, 10010, 48, 101000. 9, 1101, 29, 10011, 49, 101001.~fides_delim~totalcount
