10140 w 44th ave~fides_delim~https://wrah.com/~fides_delim~Wheat Ridge Animal Hospital – 24/7 Veterinary Emergency ...~fides_delim~... specialty services, and primary care for dogs and cats. 303-424-3325. Contact Us. Wheat Ridge Animal Hospital | <em>10140 W 44th Ave</em>, Wheat Ridge, CO 80033 ...~fides_delim~totalcount
10140 w 44th ave~fides_delim~https://www.yelp.com/biz/wheat-ridge-animal-hospital-wheat-ridge~fides_delim~WHEAT RIDGE ANIMAL HOSPITAL - 27 Photos &amp; 305 Reviews~fides_delim~Map · <em>10140 W 44th Ave</em>. Wheat Ridge, CO 80033. Directions · (303) 424-3325. Call Now · More Info. Services for Wheat Ridge Animal Hospital, Hours · From the ...~fides_delim~totalcount
10140 w 44th ave~fides_delim~https://www.mapquest.com/us/colorado/wheat-ridge-animal-hospital-372109852~fides_delim~Wheat Ridge Animal Hospital - MapQuest~fides_delim~United States › Colorado › Wheat Ridge ›. Wheat Ridge Animal Hospital. <em>10140 W 44th Ave</em> Wheat Ridge CO 80033. (303) 424-3325. Claim this business.~fides_delim~totalcount
10140 w 44th ave~fides_delim~https://www.mapquest.com/us/co/wheat-ridge/80033-2804/10140-w-44th-ave-39.778142,-105.111091~fides_delim~10140 W 44th Ave, Wheat Ridge, CO - MapQuest~fides_delim~View detailed information and reviews for <em>10140 W 44th Ave</em> in Wheat Ridge, CO and get driving directions with road conditions and live traffic updates along ...~fides_delim~totalcount
10140 w 44th ave~fides_delim~https://www.realtor.com/realestateandhomes-detail/10140-W-44th-Ave_Wheat-Ridge_CO_80033_M14236-13864~fides_delim~10140 W 44th Ave, Wheat Ridge, CO 80033 | realtor.com®~fides_delim~See <em>10140 W 44th Ave</em>, Wheat Ridge, CO 80033, a single family home located in the Fruitdale neighborhood.View property details, similar homes, and the nearby ...~fides_delim~totalcount
10140 w 44th ave~fides_delim~https://www.waze.com/live-map/directions/wheat-ridge-animal-hospital-w-44th-ave-10140?to=place.w.167051662.1670451082.4492037~fides_delim~Driving directions to Wheat Ridge Animal Hospital, 10140 W ...~fides_delim~Realtime driving directions to Wheat Ridge Animal Hospital, <em>10140 W 44th Ave</em>, Wheat Ridge, based on live traffic updates and road conditions – from Waze ...~fides_delim~totalcount
10140 w 44th ave~fides_delim~https://www.zillow.com/homedetails/10140-W-44th-Ave-Wheat-Ridge-CO-80033/13733027_zpid/~fides_delim~10140 W 44th Ave, Wheat Ridge, CO 80033 | Zillow~fides_delim~<em>10140 W 44th Ave</em>, Wheat Ridge, CO 80033 is currently not for sale. The 1178 Square Feet single family home is a 3 beds, 1 bath property.~fides_delim~totalcount
10140 w 44th ave~fides_delim~https://www.denvervet.com/site/veterinary-services-thornton/emergency-vet~fides_delim~Emergency Vet in Thornton - Caring Hands Veterinary Hospital~fides_delim~Address: 945 West 124th Avenue, Westminster, CO 80234. To navigate, press the arrow keys. ... Address: <em>10140 W. 44th Ave</em>, Wheat Ridge, CO 80033.~fides_delim~totalcount
10140 w 44th ave~fides_delim~https://www.facebook.com/wheatridgeanimalhospital/~fides_delim~Wheat Ridge Animal Hospital - Home | Facebook~fides_delim~<em>10140 West 44th Avenue</em>, Wheat Ridge, CO 80033 · Rating · 4.3 · 6,016 people checked in here · (303) 424-3325 · https://wheatridge.ethosvet.com/ · Providing ...~fides_delim~totalcount
10140 w 44th ave~fides_delim~https://www.jeffersonanimal.com/emergency/~fides_delim~Emergency | Jefferson Animal Clinic~fides_delim~12520 W 64th Ave Arvada, CO 80004. Phone: (303) 420-7387 · www.aucvet.com. Wheat Ridge Animal Hospital <em>10140 W 44th Ave</em>. Wheat Ridge, Co 80033~fides_delim~totalcount
10140 w 44th ave~fides_delim~https://www.trulia.com/home/10140-W-44th-Ave-Wheat-Ridge-CO-80033-337566928~fides_delim~10140 W 44th Ave, Wheat Ridge, CO 80033 | Trulia~fides_delim~<em>10140 W 44th Ave</em>, Wheat Ridge, CO 80033. See the estimate, review home details, and search for homes nearby.~fides_delim~totalcount
10140 w 44th ave~fides_delim~https://www.aspcapetinsurance.com/vet-locator/vet-clinic-details/?vetId=28255~fides_delim~Wheat Ridge Animal Hospital and Emergency~fides_delim~<em>10140 W 44th Ave</em> Wheat Ridge, CO 80033. (303) 424-3325. Get back up to 90% on vet bills with. ASPCA Pet Health Insurance. Quick Quote 1-888-716-1203 ...~fides_delim~totalcount
10140 w 44th ave~fides_delim~https://www.petcardia.com/~fides_delim~Petcardia Veterinary Cardiology~fides_delim~... Veterinary Specialists of Northern Colorado 227 W 67th Ct, Loveland, CO ... <em>10140 W. 44th Ave</em>, Wheat Ridge, CO ... 5886 Tutt Blvd., Colorado Springs, CO~fides_delim~totalcount
10140 w 44th ave~fides_delim~https://breckenridgeanimalclinic.com/services/emergency-services/~fides_delim~Emergency Services | Breckenridge Animal Clinic~fides_delim~<em>10140 W 44th Ave</em>, Wheat Ridge. Specialty Services. ER/ Criticalist, Cardio, Dentistry, Derm, IM, Ophtho, Oncology, Neuro, Surgery, Radiology. Hospital.~fides_delim~totalcount
10140 w 44th ave~fides_delim~https://www.movoto.com/wheat-ridge-co/10140-w-44th-ave-wheat-ridge-co-80033/pid_ygo9eqot9g/~fides_delim~10140 w 44th Ave, Wheat Ridge, CO 80033 - Movoto.com~fides_delim~PUBLIC RECORD - Built in —, this - bedrooms, - bathrooms Lot/Land property at <em>10140 w 44th Ave</em>, Wheat Ridge, CO 80033 is approximately - square feet.~fides_delim~totalcount
10140 w 44th ave~fides_delim~https://www.evanseastvet.com/services/emergency/~fides_delim~Emergency Pet Services | Evans East Animal Hospital~fides_delim~Animal Emergency &amp; Specialty Care Center · 17701 Cottonwood Dr Parker, CO 80134 · (720) 842-5050 · Wheat Ridge Animal Hospital · <em>10140 W 44th Ave</em>~fides_delim~totalcount
10140 w 44th ave~fides_delim~https://reviews.birdeye.com/wheat-ridge-veterinary-specialists-148600422512124~fides_delim~Wheat Ridge Veterinary Specialists Reviews, Ratings - Birdeye~fides_delim~1140 customer reviews of Wheat Ridge Veterinary Specialists. One of the best Emergency Pet Hospital, Veterinarians, Healthcare business at <em>10140 W 44th Ave</em>, ...~fides_delim~totalcount
10140 w 44th ave~fides_delim~https://www.veritasvetpartners.com/~fides_delim~Veritas Veterinary Partners~fides_delim~3135 Victory Blvd. Staten Island, NY 10314. 917-830-1380 ... 8650 W Tropicana Ave B-107. Las Vegas, NV 89147 ... <em>10140 W 44th Ave</em>, Wheat Ridge, CO 80033.~fides_delim~totalcount
10140 w 44th ave~fides_delim~https://www.clockwisemd.com/hospitals/7129/visits/new~fides_delim~DEACTIVATED Wheat Ridge Animal Hospital~fides_delim~<em>10140 W 44th Ave</em>, Wheat Ridge, CO 80033, USA · 303-424-3325. Welcome to Wheat Ridge Animal Hospital's Emergency and Critical Care Department's online ...~fides_delim~totalcount
10140 w 44th ave~fides_delim~https://ahcd.vet/emergencies~fides_delim~Urgent Care &amp; After-Hours Emergencies~fides_delim~<em>10140 W 44th Ave</em>. Wheat Ridge, CO 80033 303-424-3325. Open 24 Hours. Northside Emergency Pet Clinic 945 W 124th Ave. Westminster, CO 80234~fides_delim~totalcount
10140 w 44th ave~fides_delim~https://www.careanimal.com/emergency~fides_delim~Emergencies - Care Animal Hospital~fides_delim~12520 W 64th Ave. Arvada, CO 80004. 303-420-PETS (7387). Visit Website &gt;. Wheat Ridge Animal Hospital. <em>10140 W 44th Ave</em>. Wheat Ridge, CO 80033.~fides_delim~totalcount
10140 w 44th ave~fides_delim~https://therehabvets.com/resources/~fides_delim~Veterinary ER Info - Rehab Vets~fides_delim~WEST. Wheat Ridge Animal Hospital <em>10140 W. 44th Ave</em>, Wheat Ridge 80033 303-424-3325 · Animal Urgent Care 12520 W. 64th Ave, Arvada 80004~fides_delim~totalcount
10140 w 44th ave~fides_delim~https://www.loc8nearme.com/colorado/wheat-ridge/wheat-ridge-animal-hospital/4806287/~fides_delim~Wheat Ridge Animal Hospital - Loc8NearMe~fides_delim~Wheat Ridge Animal Hospital at <em>10140 W 44th Ave</em>, Wheat Ridge CO 80033 - ⏰hours, ✓address, map, ➦directions, ☎️phone number, customer ratings and ...~fides_delim~totalcount
10140 w 44th ave~fides_delim~https://www.washingtonparkvc.com/emergency.pml~fides_delim~Emergency - Washington Park Veterinary Clinic - Denver, CO~fides_delim~<em>10140 W 44th Ave</em>. Wheat Ridge, CO 80033. Veterinary Emergency Group. (720) 574-9834. 3845 E. Colfax Ave. Denver, CO 80206 ...~fides_delim~totalcount
10140 w 44th ave~fides_delim~https://harmonyvetcenter.com/emergency/~fides_delim~Emergency information offered by our hospital~fides_delim~12520 W 64th Ave, Arvada, CO 80004. Get Directions. AlpenGlow Veterinary Specialty &amp; Emergency Center ... <em>10140 W 44th Avenue</em> Wheat Ridge, CO 80033.~fides_delim~totalcount
10140 w 44th ave~fides_delim~https://www.indiantreeanimalhospital.com/emergencies~fides_delim~Veterinary Emergency Care in Arvada | Indian Tree Animal ...~fides_delim~<em>10140 W 44th Ave</em>, Wheat Ridge CO 80033 303-424-3325. They will notify Indian Tree Animal Hospital of any patients they have seen overnight, ...~fides_delim~totalcount
10140 w 44th ave~fides_delim~https://emergencyvet247.com/animal-hospital/wheat-ridge-animal-hospital/~fides_delim~Wheat Ridge Animal Hospital - Emergency Vet 24/7~fides_delim~Wheat Ridge Animal Hospital. Phone: (303) 424-3325. <em>10140 W 44th Avenue</em> Wheat Ridge CO 80033. USA. Directions. URL: https://wheatridge.ethosvet.com/ ...~fides_delim~totalcount
10140 w 44th ave~fides_delim~https://www.parkcountyanimalhospital.com/veterinary-services/emergency.html~fides_delim~Veterinary Emergency Care Fairplay CO~fides_delim~Veterinary Referral Center of Colorado 3550 S. Jason Street Englewood, CO 80110 (303) 874-7387. Wheat Ridge Animal Hospital <em>10140 W 44th Ave</em>.~fides_delim~totalcount
10140 w 44th ave~fides_delim~https://lakewoodvet.com/contact/~fides_delim~Contact Us - Lakewood Veterinary Hospital~fides_delim~However, outside our business hours, we recommend you contact the following emergency pet hospital in Colorado. Wheat Ridge Animal Hospital. <em>10140 W 44th Ave</em>~fides_delim~totalcount
10140 w 44th ave~fides_delim~https://5280vet.com/emergencies/~fides_delim~Pet Emergency Room in Denver, CO - 5280 Veterinary Care~fides_delim~3845 E Colfax Avenue Denver, CO 80206 720-574-9834 · Wheat Ridge Animal Hospital <em>10140 W 44th Avenue</em> ... Located on the corner of Gilpin St and E 31st Ave.~fides_delim~totalcount
10140 w 44th ave~fides_delim~https://urbanvetcare.com/emergency/~fides_delim~Emergency and After Hours Clinics - Urban Vet Care~fides_delim~Wheat Ridge Animal Hospital. <em>10140 W 44th Ave</em>. Wheat Ridge, CO 80033 303-424-3325. Northside Emergency Pet Clinic. 945 W 124th Ave~fides_delim~totalcount
10140 w 44th ave~fides_delim~https://www.jeffco.us/410/Emergency-Vets~fides_delim~Emergency Vets | Jefferson County, CO~fides_delim~5546 W Canyon Trail. Littleton CO 80127. Phone: 303-979-4040. Deer Creek Animal Hospital. 10148 W Chatfield Avenue ... <em>10140 W 44th Avenue</em>.~fides_delim~totalcount
10140 w 44th ave~fides_delim~https://ccvetc.com/emergencies~fides_delim~Emergencies - Clear Creek Veterinary Clinic~fides_delim~Wheat Ridge Animal Hospital at <em>10140 W 44th Ave</em>., Wheat Ridge | 303.424.3325. We refer after hours care to fully staffed clinics and hospitals for the simple ...~fides_delim~totalcount
10140 w 44th ave~fides_delim~https://wheatridge.ethosvet.com/news-article/new-hospital-opening/~fides_delim~New Hospital Opening - Wheat Ridge Animal Hospital~fides_delim~The state-of-the-art facility is located at 44th and Kipling in Wheat Ridge, Colo., ... 303-424-3325 | <em>10140 W 44th Ave</em>, Wheat Ridge, CO 80033.~fides_delim~totalcount
10140 w 44th ave~fides_delim~https://www.pawlicy.com/vets-near-me/co/wheat-ridge/wheat-ridge-animal-hospital-5840/~fides_delim~Wheat Ridge Animal Hospital Info &amp; How To Save~fides_delim~<em>10140 W 44th Ave</em>, Wheat Ridge CO 80033. Specialties: Small Animals, Emergency Services, Preventative Services. Hours: Monday - Open 24 hours~fides_delim~totalcount
10140 w 44th ave~fides_delim~https://www.geniusvets.com/pet-care/find/colorado/cambridge-park/veterinarians~fides_delim~Pet Care Information and Veterinarians in Cambridge Park ...~fides_delim~<em>10140 W 44th Ave</em>, Wheat Ridge, CO 80033 ; 10474 W 38th Ave, Wheat Ridge, CO 80033. (720) 456-6599 ; 1985 Miller St, Denver, CO 80215. (720) 459-8783 ; 3695 Kipling ...~fides_delim~totalcount
10140 w 44th ave~fides_delim~https://foursquare.com/v/wheat-ridge-animal-hospital/4b095698f964a520e31523e3~fides_delim~Wheat Ridge Animal Hospital - Veterinarian - Foursquare~fides_delim~... Photo taken at Wheat Ridge Animal Hospital by Sara W. on 2/5/; Photo taken at Wheat Ridge Animal Hospital by John ... <em>10140 W 44th Ave</em> (btw W. 38th Ave.~fides_delim~totalcount
10140 w 44th ave~fides_delim~https://www.yourmesavet.com/services/emergencies/18340~fides_delim~Emergency Vet Golden CO | After Hours Veterinarian~fides_delim~<em>10140 W 44th Avenue</em> Wheat Ridge, CO 80033. Arvada - Animal Urgent Care. (303) 420-7387 12520 W 64th Avenue Arvada, CO 80004 ... 9770 East Alameda Avenue~fides_delim~totalcount
10140 w 44th ave~fides_delim~https://www.carecredit.com/doctor-locator/Eye-Exams-in-WHEAT-RIDGE-CO-80033/Wheat-Ridge-Animal-Hospital/~fides_delim~Wheat Ridge Animal Hospital | CareCredit™ - CareCredit~fides_delim~<em>10140 W 44TH AVE</em>, WHEAT RIDGE, CO 80033. (303) 424-3325. (303) 424-3325 · www.wheatridgeanimal.com. Specialties: Eye Exams, Optometrist, Vision, ...~fides_delim~totalcount
10140 w 44th ave~fides_delim~https://www.boutonveterinaryhospital.com/emergencies.html~fides_delim~Veterinarian in Littleton, CO US :: Emergencies~fides_delim~CVSG. 401 E. County Line Rd. Littleton, CO 80122. Phone: 303-794-1188. Wheat Ridge Animal Hospital. <em>10140 W 44th Ave</em>. Wheat Ridge, CO 80033.~fides_delim~totalcount
10140 w 44th ave~fides_delim~https://bearvalleyvet.com/services/emergency-pet-care/~fides_delim~Emergency Pet Care Near Me 80227~fides_delim~2201 Wadsworth Blvd. 303.239.1200. Wheat Ridge Animal Hospital <em>10140 W 44th Ave</em>. 303.424.3325. Pet First Aid Kit. Bear Valley Veterinary Care ...~fides_delim~totalcount
10140 w 44th ave~fides_delim~https://garrisonanimalcare.com/emergency-referrals/~fides_delim~Emergency Referrals - Garrison Animal Care Clinic~fides_delim~<em>10140 W 44th Ave</em>. Wheat Ridge, CO 80033 303-424-3325 · http://www.wheatridgeanimal.com/. Evolution Veterinary Specialists 34 Van Gordon St, Ste. 160~fides_delim~totalcount
10140 w 44th ave~fides_delim~https://www.thecenterforanimalwellness.com/services/emergencies/~fides_delim~EMERGENCY REFERRALS in Denver, CO~fides_delim~9770 East Alameda Avenue Denver, CO 80247. Phone: (303) 366-2639 ... <em>10140 W 44th Ave</em> Wheat Ridge, CO 80033. Phone: (303) 424-3325.~fides_delim~totalcount
10140 w 44th ave~fides_delim~https://chvh.com/emergency~fides_delim~Emergency | Veterinarian in Thornton, CO~fides_delim~945 W 124th Ave, Westminster, CO 80234 phone: 303-252-7722 https://emergencypetclinics.co... Wheatridge Animal Hospital. <em>10140 W 44th Ave</em>.~fides_delim~totalcount
10140 w 44th ave~fides_delim~https://www.gsdeventsonline.com/Results/VetsXL_wp.php~fides_delim~VetsXL Members~fides_delim~Renae L. Muller, 4325 Auburn Blvd, Suite 100 ... Dr. Jenna C. Dockweiler, <em>10140 W 44th Ave</em>. ... Dr. Annette Gutzwiller, DVM, 1624 W. War Memorial Dr.~fides_delim~totalcount
10140 w 44th ave~fides_delim~https://www.greyhoundadoption.com/veterinary-resources~fides_delim~Veterinary Resources - Colorado Greyhound Adoption~fides_delim~~fides_delim~totalcount
10140 w 44th ave~fides_delim~https://www.mandalayahco.com/emergency-care~fides_delim~Services 4 - Mandalay Animal Hospital~fides_delim~12520 W. 64th Avenue Arvada, CO 80004. Hours Open 24/7 ... 945 W. 124th Avenue Westminster, CO 80234 ... <em>10140 W. 44th Avenue</em> Wheat Ridge, CO 80033.~fides_delim~totalcount
10140 w 44th ave~fides_delim~http://www.germanshepherddog.com/members/breeding/hip-elbow/sv-vets/~fides_delim~SV Vets - United Schutzhund Clubs of America~fides_delim~Wheat Ridge Animal Hospital, <em>10140 W. 44th Ave</em> Wheat Ridge, CO, 80033, CO, 303-424-3325, https://wheatridge.ethosvet.com/ · https://www.facebook.com/ ...~fides_delim~totalcount
10140 w 44th ave~fides_delim~https://www.petassure.com/veterinarians-in-arvada-co/?CountContracted=8&CountNonContracted=81~fides_delim~Find Veterinarians in Arvada, CO - Pet Assure~fides_delim~<em>10140 W 44th Ave</em>, Wheat Ridge, CO 80033. Report an error with this listing. Invite to Pet Assure. Non-Participating Veterinarian ...~fides_delim~totalcount
10140 w 44th ave~fides_delim~https://www.glassdoor.com/Location/Ethos-Veterinary-Health-Wheat-Ridge-Location-EI_IE1648052.0,23_IL.24,35_IC1148208.htm~fides_delim~Ethos Veterinary Health Wheat Ridge, CO Office - Glassdoor~fides_delim~Ethos Veterinary Health Wheat Ridge, CO office. <em>10140 W 44th Ave</em> Wheat Ridge, CO, 80033 Get Directions. Ethos Veterinary Health Wheat Ridge, CO Reviews.~fides_delim~totalcount
10140 w 44th ave~fides_delim~https://www.pissedconsumer.com/company/wheat-ridge-animal-hospital/customer-service.html~fides_delim~Contact Wheat Ridge Animal Hospital Customer Service~fides_delim~Corporate Office Address: Wheat Ridge Animal Hospital. <em>10140 W 44th Ave</em>. Wheat Ridge, Colorado 80033. United States ...~fides_delim~totalcount
10140 w 44th ave~fides_delim~https://www.businessyab.com/explore/united_states/colorado/jefferson_county/wheat_ridge/applewood_villages/west_44th_avenue/10140/leonard_jonas_dvm_ms_dacvim.html~fides_delim~Leonard Jonas, DVM, MS, DACVIM - Wheat ridge - BusinessYab~fides_delim~Leonard Jonas, DVM, MS, DACVIM is located in Jefferson County of Colorado state. On the street of <em>West 44th Avenue</em> and street number is <em>10140</em>.~fides_delim~totalcount
10140 w 44th ave~fides_delim~https://www.yellowpages.com/wheat-ridge-co/emergency-vets~fides_delim~Best 30 Emergency Vets in Wheat Ridge, CO with Reviews~fides_delim~<em>10140 W 44th Ave</em>. Wheat Ridge, CO 80033. From Business: Operational since 1955, Wheat Ridge Animal Hospital is a provider of state-of-the-art medical and ...~fides_delim~totalcount
10140 w 44th ave~fides_delim~https://www.bbb.org/us/co/wheat-ridge/profile/veterinarian/wheat-ridge-animal-hospital-pc-1296-15885~fides_delim~Business Profile - for - Wheat Ridge Animal Hospital Pc - BBB~fides_delim~Location of This Business: <em>10140 W 44th Ave</em>, Wheat Ridge, CO 80033-2990. Email this Business. BBB File Opened: 3/10/1996. Years in Business: 43.~fides_delim~totalcount
10140 w 44th ave~fides_delim~https://www.vidavetcare.com/service/pet-emergency/~fides_delim~Animal Urgent Care | Emergency Pet Services | Denver, CO~fides_delim~<em>10140 W 44th Ave</em>, Wheat Ridge, CO 80033 (303) 424-3325 · VCA Alameda East Veterinary Hospital 9770 E Alameda Ave, Denver, CO 80247~fides_delim~totalcount
10140 w 44th ave~fides_delim~https://dogpainrelief.com/directory-paid_pre_spe/listing/dr-darin-dell/~fides_delim~Dr. Darin Dell - Center for Dog Pain Relief~fides_delim~Dr. Darin Dell. Dermatology. Contact Information. Wheat Ridge Animal Hospital. <em>10140 W 44th Ave</em>, Wheat Ridge, Colorado 80033.~fides_delim~totalcount
10140 w 44th ave~fides_delim~https://www.usa-veterinarians.com/4312/wheat-ridge-animal-hospital~fides_delim~Wheat Ridge Animal Hospital - USA Veterinarians~fides_delim~Wheat Ridge, CO 80033; <em>10140 W 44th Ave</em>. (303) 424-3325 · wheatridge.ethosvet.com · Website. Review. Call. Quotes. Wheat Ridge Animal Hospital ...~fides_delim~totalcount
10140 w 44th ave~fides_delim~https://www.epets.co/vet/55159/wheat-ridge-animal-hospital~fides_delim~Wheat Ridge Animal Hospital - Vets - ePets~fides_delim~Location: Wheat Ridge Animal Hospital, West 44th Avenue, Wheat Ridge, CO, USA - Get Directions; Formatted Address: <em>10140 W 44th Ave</em>, Wheat Ridge, CO 80033, ...~fides_delim~totalcount
10140 w 44th ave~fides_delim~https://arvadapress.com/stories/wheat-ridge-unveils-state-of-the-art-animal-hospital,245324~fides_delim~Wheat Ridge unveils state-of-the-art animal hospital~fides_delim~<em>10140 W. 44th Ave</em>., Wheat Ridge. 24-hour emergency and critical care services. Phone: 303-424-3325. wrah@wrah.com. www.wheatridgeanimal.com ...~fides_delim~totalcount
10140 w 44th ave~fides_delim~https://online.acvs.org/acvsssa/rflcustomdisplay.detail_page?p_vendor_serno=108274~fides_delim~Lindsay Renee Phillips, DVM, DACVS (SA) - ACVS Board ...~fides_delim~Lindsay Renee Phillips, DVM, DACVS (SA); Wheat Ridge Veterinary Specialists Wheat Ridge Animal Hospital <em>10140 W 44th Ave</em> Wheat Ridge, CO 80033-2990~fides_delim~totalcount
10140 w 44th ave~fides_delim~https://vistapawsmobile.com/experiencing-an-emergency/~fides_delim~Experiencing an Emergency?~fides_delim~<em>10140 W 44th Ave</em> Wheat Ridge, CO 80033. Phone: 303-424-3325 · wheatridge.ethosvet.com. Emergency Referral. Evolution Veterinary Specialists~fides_delim~totalcount
10140 w 44th ave~fides_delim~https://www.manta.com/c/mmfk8k4/wheat-ridge-animal-hospital-inc~fides_delim~Wheat Ridge Animal Hospital, Inc - Veterinarians - Manta~fides_delim~Wheat Ridge Animal Hospital, Inc; <em>10140 West 44th Avenue</em>; Wheat Ridge, CO 80033 · (303) 940-1239 · Visit Website · Map pin Get Directions.~fides_delim~totalcount
10140 w 44th ave~fides_delim~https://avmajournals.avma.org/view/journals/javma/259/S1/javma.21.03.0162.xml~fides_delim~Journal of the American Veterinary Medical Association~fides_delim~Individuals wishing to reproduce the images should contact Wheat Ridge Animal Hospital, <em>10140 W 44th Ave</em>, Wheat Ridge, CO 80033.~fides_delim~totalcount
10140 w 44th ave~fides_delim~https://www.dnb.com/business-directory/company-profiles.wheat_ridge_animal_hospital_inc.722ef9eec23f2ea65b54560ca383b816.html~fides_delim~Wheat Ridge Animal Hospital, Inc. Company Profile~fides_delim~Address: <em>10140 W 44TH Ave</em> Wheat Ridge, CO, 80033-2990 United States See other locations. Phone: Website: wheatridge.ethosvet.com. Employees (all sites):.~fides_delim~totalcount
10140 w 44th ave~fides_delim~https://www.homewardboundah.com/emergency.html~fides_delim~Emergency Contacts - Homeward Bound Animal Hospital~fides_delim~12520 W 64th Ave, Arvada, CO 80004 303.420.7387 · Wheatridge Animal Hospital <em>10140 W 44th Ave</em>, Wheat Ridge, CO 80033 303.424.3325. Dog wearing a shower cap.~fides_delim~totalcount
10140 w 44th ave~fides_delim~https://www.commercialcafe.com/commercial-property/us/co/wheat-ridge/10140-west-44th-avenue/~fides_delim~10140 West 44th Avenue, Wheat Ridge, CO | Office Building~fides_delim~Check <em>10140 West 44th Avenue</em> space availability — located at <em>10140 West 44th Avenue</em>, Wheat Ridge, CO 80033. Find all the property information you need, ...~fides_delim~totalcount
10140 w 44th ave~fides_delim~https://www.lakewood.org/Government/Departments/Police/Animal-Control-Information/Rabies-Sick-and-Injured-Animals~fides_delim~Rabies, Sick and Injured Animals - City of Lakewood~fides_delim~<em>10140 W. 44th Ave</em>., Wheat Ridge, CO 80033. 303-424-3325 · Animal Critical Care. 2201 Wadsworth Blvd., Lakewood, CO 80214.~fides_delim~totalcount
10140 w 44th ave~fides_delim~https://scratchpay.com/veterinary-partner-network/emergency-vet-hospitals-in-Colorado-Berthoud~fides_delim~Veterinary Financing | Emergency Veterinarians in Berthoud ...~fides_delim~<em>10140 West 44th Avenue</em>, Wheat Ridge, CO 80033 http://wheatridge.ethosvet.com · (561) 267-1461. Emergency Veterinary Hospital. FIND A PAYMENT PLAN.~fides_delim~totalcount
10140 w 44th ave~fides_delim~https://arvadaflats.com/urgent-care~fides_delim~Urgent Care | Veterinarian in Arvada, CO~fides_delim~Urgent Care · Wheat Ridge Animal Hospital <em>10140 W</em>. <em>44th</em> Pl, Wheat Ridge 303-424-3325 · Animal Critical Care and Emergency Services 1597 Wadsworth <em>Blvd</em>, Lakewood~fides_delim~totalcount
10140 w 44th ave~fides_delim~https://www.petsbest.com/veterinarians/CO/Wheat%20Ridge~fides_delim~Find Veterinarians in Wheat Ridge, CO - Pets Best Insurance~fides_delim~... LLC and underwritten by American Pet Insurance Company, a New York insurance company headquartered at 6100 4th <em>Ave</em>. S. Suite 200 Seattle, WA 98108.~fides_delim~totalcount
10140 w 44th ave~fides_delim~https://www.1800petmeds.com/vetdirectory?postalCode=80031&startingPage=100&horizontalView=true&pageChange=true~fides_delim~Veterinarians near 80031 - PetMeds~fides_delim~<em>10140 WEST 44TH AVE</em>. WHEATRIDGE, CO 80033. 7207248010. 7.883 miles from 80031. WELLHAVEN PET HEALTH. 3480 PARK AVE W BLDG G. DENVER, CO 80216.~fides_delim~totalcount
10140 w 44th ave~fides_delim~https://arvada.macaronikid.com/guides/60a2d39af9372a0a6e7d7da8/dog-parks%2C-vets-and-pet-care-in-arvada%2C-golden%2C-wheat-ridge-~-mackid~fides_delim~Dog Parks, Vets &amp; Pet Care in Arvada, Golden, Wheat Ridge~fides_delim~What we love about West Arvada Dog Park: The park is fenced and safe for dogs to run off leash (please ... <em>10140 W 44th Ave</em>, Wheat Ridge~fides_delim~totalcount
10140 w 44th ave~fides_delim~https://www.belrea.edu/employer/ethosvet/~fides_delim~Ethos Veterinary Health - Bel-Rea Institute of Animal Technology~fides_delim~<em>10140 W 44th Ave</em>, Wheat Ridge, CO 80033 test View on Map · Email: desparragoza@ethosvet.com · Telephone: 8588757500 ...~fides_delim~totalcount
10140 w 44th ave~fides_delim~https://emergencyvetsusa.com/wheat-ridge-co/~fides_delim~Emergency Vets In Wheat Ridge CO | Looking For An ER Vet ...~fides_delim~Address: <em>10140 W 44th Ave</em>, Wheat Ridge, CO 80033. Website: wheatridge.ethosvet.com. Description: Wheat Ridge is a 24-hour emergency/critical care, ...~fides_delim~totalcount
10140 w 44th ave~fides_delim~https://learn.caetainternational.com/courses/november-caeta-lab~fides_delim~Advanced Euthanasia Techniques Workshop - CAETA~fides_delim~<em>10140 W. 44th Ave</em>. Wheat Ridge, CO 80033. Who should attend: Veterinarians, Veterinary technicians/nurses, Veterinary social workers, shelter personnel and ...~fides_delim~totalcount
10140 w 44th ave~fides_delim~https://www.commercialsearch.com/commercial-property/us/co/wheat-ridge/10140-west-44th-avenue/~fides_delim~10140 West 44th Avenue - Wheat Ridge - CommercialSearch~fides_delim~<em>10140 West 44th Avenue</em> at <em>10140 West 44th Avenue</em>, Wheat Ridge, CO 80033 — access information on space availability, contact details and more.~fides_delim~totalcount
10140 w 44th ave~fides_delim~https://weblink.ci.wheatridge.co.us/WebLink/0/doc/179388/Page1.aspx~fides_delim~WZ-15-09 - IIS Windows Server~fides_delim~The existing Public improvements along the West 44th Avenue frontage of ... Wheat Ridge, CO 80033-8001 Re: Wheat Ridge Animal Hospital <em>10140 W. 44th Ave</em>.~fides_delim~totalcount
10140 w 44th ave~fides_delim~https://www.fidocure.com/find-a-clinic~fides_delim~Find a Clinic - FidoCure~fides_delim~<em>10140 W 44th Ave</em>, Wheat Ridge, CO 80033, USA. wheatridge.ethosvet.com · (303) 424-3325. Dr. Kayla Harding. Dr. Gabriella Sfiligoi. Veterinary Cancer Care.~fides_delim~totalcount
10140 w 44th ave~fides_delim~https://www.findhealthclinics.com/US/Wheat-Ridge/418162514892401/Petcardia-Veterinary-Cardiology~fides_delim~Petcardia Veterinary Cardiology - FindHealthClinics~fides_delim~<em>10140 W 44TH Avenue</em> Wheat Ridge, CO ... 6279 W. 38th Avenue, Suite 3. Wheat Ridge, 80033 ... 9085 W 44th Ave Wheat Ridge, 80033-3002.~fides_delim~totalcount
10140 w 44th ave~fides_delim~https://nextdoor.com/pages/wheat-ridge-animal-hospital-denver-co/~fides_delim~Wheat Ridge Animal Hospital - 404 Connections - Nextdoor~fides_delim~<em>10140 W 44th Ave</em>. Wheat Ridge. CO. 80033. US. +13034243325. wrahfeedback@ethosvet.com. https://wheatridge.ethosvet.com/. 39.77773622617191.~fides_delim~totalcount
10140 w 44th ave~fides_delim~https://safer.fmcsa.dot.gov/query.asp?searchtype=ANY&query_type=queryCarrierSnapshot&query_param=USDOT&original_query_param=NAME&query_string=1216769&original_query_string=A%20TIP%20TOP%20TREE%20COMPANY%20LLC~fides_delim~Company Snapshot A TIP TOP TREE ... - SAFER Web~fides_delim~Physical Address: <em>10140 W 44TH AVE</em> WHEAT RIDGE, CO 80033. Phone: (303) 431-7910. Mailing Address: <em>10140 W 44TH AVE</em> WHEAT RIDGE, CO 80033.~fides_delim~totalcount
10140 w 44th ave~fides_delim~https://www.zoominfo.com/c/petcardia-llc/400760446~fides_delim~Petcardia - Overview, News &amp; Competitors | ZoomInfo.com~fides_delim~Compassion for families. Providing support throughout Colorado.Read More. Headquarters. <em>10140 W 44th Ave</em>, Wheat Ridge, Colorado, 80033, United States.~fides_delim~totalcount
10140 w 44th ave~fides_delim~https://cathysdogs.com/24-hour-emergency-care/~fides_delim~24-Hour Emergency Care - Cathy&#39;s Doggies~fides_delim~5485 <em>W</em> 20<sup>th</sup> <em>Ave</em>, Edgewater, CO 80214 720-996-1200. Can stay with pet during any procedure and overnight if needed. Wheatridge Animal Hospital <em>10140 W 44th</em> ...~fides_delim~totalcount
10140 w 44th ave~fides_delim~https://www.bloomberg.com/profile/company/0410007D:US~fides_delim~Wheat Ridge Animal Hospital Inc - Company Profile and News~fides_delim~ADDRESS. <em>10140 West 44th Avenue</em> Wheat Ridge, CO 80033 United States. WEBSITE. wheatridge.ethosvet.com. NO. OF EMPLOYEES. --. Most Popular.~fides_delim~totalcount
10140 w 44th ave~fides_delim~https://vymaps.com/US/Wheat-Ridge-Animal-Hospital-132060/~fides_delim~Wheat Ridge Animal Hospital, Jefferson - VYMaps.com~fides_delim~Wheat Ridge Animal Hospital is a Veterinary Care, located at: <em>10140 W 44th Ave</em>, Wheat Ridge, CO 80033, USA.~fides_delim~totalcount
10140 w 44th ave~fides_delim~https://onlinelibrary.wiley.com/doi/abs/10.1111/vec.12836~fides_delim~Retrospective evaluation of paired plasma creatinine and ...~fides_delim~by KM Zersen · 2019 · Cited by 5 — Mathis, Wheat Ridge Animal Hospital, <em>10140 W 44th Ave</em>., Wheat Ridge, CO 80033. Read the full text. About. Related ...~fides_delim~totalcount
10140 w 44th ave~fides_delim~https://gallant.com/clinic/alana-kuzmik-wheat-ridge-animal-hospital-wheat-ridge/~fides_delim~Alana Kuzmik - Wheat Ridge Animal Hospital - Gallant~fides_delim~Address. <em>10140 W 44th Ave</em>; Wheat Ridge, CO 80033. Location. Google Map. Don't see your clinic? If your practice doesn't appear in the directory, ...~fides_delim~totalcount
10140 w 44th ave~fides_delim~https://veritasvetpartners.applytojob.com/apply/N8ZZpSPz70/Veterinary-Phone-Agent~fides_delim~Veterinary Phone Agent - Career Page - JazzHR~fides_delim~Location: <em>10140 W 44th Ave</em>, Wheat Ridge, CO 80033. Apply today to learn how Wheat Ridge Animal Hospital can be your next career home!~fides_delim~totalcount
10140 w 44th ave~fides_delim~https://www.healthgrades.com/pharmacy-directory/co-colorado/wheat-ridge~fides_delim~Pharmacies near Wheat Ridge, CO - Healthgrades~fides_delim~5957 <em>W 44th Ave</em>Wheat Ridge, CO 80212. 1.6 mi away ... KING SOOPERS PHARMACY #57 at 5301 W 38TH AVE, WHEATRIDGE, CO ... <em>10140</em> W Colfax AveLakewood, CO 80215.~fides_delim~totalcount
10140 w 44th ave~fides_delim~https://www.simplyhired.com/job/SwkLiBxk4I3sWozJPG_a8iu1cn1JJkQzGOLAzLOM0H5XIzl2B9xDrA~fides_delim~Radiologist - Veritas Veterinary Partners | Wheat Ridge, CO~fides_delim~Location: <em>10140 W 44th Ave</em>, Wheat Ridge, CO 80033. Apply today to learn how Wheat Ridge Animal Hospital can be your next career home!~fides_delim~totalcount
10140 w 44th ave~fides_delim~https://www.chamberofcommerce.com/united-states/colorado/wheat-ridge/veterinarian/2015404459-petcardia-veterinary-cardiology-at-wheat-ridge-animal-hospital~fides_delim~Petcardia Veterinary Cardiology at Wheat Ridge Animal Hospital~fides_delim~Petcardia Veterinary Cardiology at Wheat Ridge Animal Hospital at <em>10140 W 44th Ave</em>, Wheat Ridge, CO 80033. Get Petcardia Veterinary Cardiology at Wheat ...~fides_delim~totalcount
10140 w 44th ave~fides_delim~https://mountainparksvet.com/experiencing-an-emergency/~fides_delim~Experiencing an Emergency?~fides_delim~During Business Hours. Mountain Parks Veterinary Hospital Get Directions | 303-674-3156 ; After Business Hours. Wheat Ridge Animal Hospital <em>10140 W 44th Ave</em>~fides_delim~totalcount
10140 w 44th ave~fides_delim~https://newsletter.retrieverresults.com/veterinarians/3820/patrice-m-mich/~fides_delim~Patrice M. Mich - Retriever Results~fides_delim~https://wheatridge.ethosvet.com/. Business Phone Number. 303-424-3325. Business Fax. 303-420-8360. Business Address. <em>10140 W 44th Ave</em>. City. Wheat Ridge.~fides_delim~totalcount
10140 w 44th ave~fides_delim~https://www.jcmh.org/wp-content/uploads/2022/12/Veterinary-Care-and-Pet-Supplies-Low-Cost.pdf~fides_delim~Veterinary Care and Pet Supplies~fides_delim~Cash and Checks are only accepted form of payment. Emergency Services. Wheat Ridge Animal Hospital. 303-424-3325 Blood bank 303-996-1366. <em>10140 W 44th Ave</em> ...~fides_delim~totalcount
10140 w 44th ave~fides_delim~https://www.ziprecruiter.com/c/Veritas-Veterinary-Partners/Job/Veterinary-Technician-General-Practice/-in-Wheat-Ridge,CO?jid=bc1db1b4ac86f45f~fides_delim~Veterinary Technician - General Practice Job in Wheat Ridge ...~fides_delim~Location: <em>10140 W 44th Ave</em>, Wheat Ridge, CO 80033. Apply today to learn how Wheat Ridge Animal Hospital can be your next career home!~fides_delim~totalcount
10140 w 44th ave~fides_delim~https://www.vccfund.org/index.php?xsearch[0]=CO&xsearch_id=membership_search&src=membership&srctype=membership_lister~fides_delim~Membership - Veterinary Care Charitable Fund~fides_delim~1607 Grand Ave Suite 11. Glenwood Springs , CO 81601. Phone: 9709456762 ... 4825 Astrozon Blvd. Lot 289E ... <em>10140 West 44th Avenue</em>. Wheat Ridge, CO 80033.~fides_delim~totalcount
10140 w 44th ave~fides_delim~https://www.indeed.com/viewjob?jk=2712e836180bea52~fides_delim~Veterinarian - Dermatologist - Wheat Ridge, CO 80033 - Indeed~fides_delim~Location: <em>10140 W 44th Ave</em>, Wheat Ridge, CO 80033. Apply today to learn how Wheat Ridge Animal Hospital can be your next career home!~fides_delim~totalcount
10140 w 44th ave~fides_delim~https://www.indeed.com/viewjob?jk=f08d2384b54b9c28~fides_delim~Veterinary Client Care Specialist - Wheat Ridge, CO 80033~fides_delim~Location: <em>10140 W 44th Ave</em>, Wheat Ridge, CO 80033. Apply today to learn how Wheat Ridge Animal Hospital can be your next career home!~fides_delim~totalcount
10140 w 44th ave~fides_delim~https://data.nwfdailynews.com/pain-pills/colorado/practitioners/?page=15~fides_delim~See how millions of prescription pills moved through Colorado~fides_delim~COOPER, GARY WARD (DDS) (STE 200 2110 SOUTHGATE RD, COLORADO SPRINGS), 2,000. JONAS, LEONARD D DVM MS (<em>10140 WEST 44TH AVENUE</em>, WHEAT RIDGE), 2,000.~fides_delim~totalcount
