10140 se division st~fides_delim~https://www.zillow.com/homedetails/10140-SE-Division-St-Portland-OR-97266/53934503_zpid/~fides_delim~10140 SE Division St, Portland, OR 97266 | Zillow~fides_delim~<em>10140 SE Division St</em>, Portland, OR 97266 is currently not for sale. The 1274 Square Feet single family home is a 3 beds, 1 bath property.~fides_delim~totalcount
10140 se division st~fides_delim~https://www.wweek.com/music/2022/02/09/no-6-because-a-semi-secret-all-ages-club-with-a-strict-vaccination-policy-is-the-hottest-place-for-underground-music-in-portland/~fides_delim~No. 6 Because a Semi-Secret, All-Ages Club With a Strict ...~fides_delim~<em>10140 SE Division St</em>. (Comfy) ... address: <em>10140 SE Division St</em>. It's an unassuming location right next to a burrito shop and a paint store, ...~fides_delim~totalcount
10140 se division st~fides_delim~https://www.redfin.com/OR/Portland/10140-SE-Division-St-97266/home/26324861~fides_delim~10140 SE Division St, Portland, OR 97266 | Redfin~fides_delim~<em>10140 SE Division St</em> is a 1,274 square foot house on a 0.37 acre lot with 3 bedrooms and 1 bathroom. This home is currently off market - it last sold on May ...~fides_delim~totalcount
10140 se division st~fides_delim~https://www.mapquest.com/us/oregon/hathaway-enterprises-356906306~fides_delim~Hathaway Enterprises - 10140 SE Division St - MapQuest~fides_delim~Get directions, reviews and information for Hathaway Enterprises in Portland, OR. You can also find other Services NEC on MapQuest.~fides_delim~totalcount
10140 se division st~fides_delim~https://www.loopnet.com/property/10140-se-division-st-portland-or-97266/41051-R244252/~fides_delim~10140 Se Division St, Portland, OR 97266 - Property Record~fides_delim~View information about <em>10140 Se Division St</em>, Portland, OR 97266. See if the property is available for sale or lease. View photos, public assessor data, ...~fides_delim~totalcount
10140 se division st~fides_delim~https://www.instagram.com/soraboyd/?hl=en~fides_delim~@soraboyd (@soraboyd) • Instagram photos and videos~fides_delim~New Flash 9.18. Promo's profile picture. Promo. Yattoo's profile picture. Yattoo. Flash's profile picture. Flash. MTV's profile picture.~fides_delim~totalcount
10140 se division st~fides_delim~https://www.facebook.com/Swissarmywifeband/~fides_delim~Swiss Army Wife - Home | Facebook~fides_delim~Posters for upcoming shows that bookers post to their Instagram accounts only list an address: <em>10140 SE Division St</em>. It's an unassuming location right next ...~fides_delim~totalcount
10140 se division st~fides_delim~https://stayhappening.com/e/glow-pdx-E3LUVQ0Y1RYW~fides_delim~GLOW PDX - 10140 SE Division St - Stay Happening~fides_delim~GLOW PDX at <em>10140 SE Division St</em>, 10140 Southeast Division Street, Portland, United States on Sat Jul 16 2022 at 07:00 pm to 11:30 pm.~fides_delim~totalcount
10140 se division st~fides_delim~https://getpersona.app/directory/listing/hathaway-enterprises-682-876-1150-10140-se-division-st-portland-oregon-97266/~fides_delim~10140 SE DIVISION ST, Portland, Oregon 97266 - Persona ...~fides_delim~HATHAWAY ENTERPRISES – (682) 876-1150 – <em>10140 SE DIVISION ST</em>, Portland, Oregon 97266. Painter in Portland, Oregon. Be the first to review.~fides_delim~totalcount
10140 se division st~fides_delim~https://www.orartswatch.org/weekly-previews-assid-queens-at-hoan-kiem/~fides_delim~Weekly previews: Assid Queens at Hoan Kiem~fides_delim~Assid Queens, with performances by Father's Milk, Rawt, Lunatik Hex, and Darylin Monstone, is at Hoan Kiem (<em>10140 SE Division</em>, Portland) on ...~fides_delim~totalcount
10140 se division st~fides_delim~https://wallpaper-installation-services.cmac.ws/hathaway-enterprises/3138/~fides_delim~Hathaway Enterprises - Wallpaper and Wallcovering Installation~fides_delim~Hathaway Enterprises at <em>10140 SE Division St</em>. Reviews, photos, directions, hours, links and more for this and other Portland, OR Wallpaper and Wallcovering ...~fides_delim~totalcount
10140 se division st~fides_delim~https://www.angi.com/companylist/us/or/portland/hathaway-enterprises-reviews-245332.htm~fides_delim~HATHAWAY ENTERPRISES Reviews - Portland, OR | Angi~fides_delim~See reviews for HATHAWAY ENTERPRISES in Portland, OR at <em>10140 SE DIVISION ST</em> from Angi members or join today to leave your own review.~fides_delim~totalcount
10140 se division st~fides_delim~https://www.propertyiq.com/or/portland/se-division_st~fides_delim~Se Division St Portland, OR - Owner Property Records~fides_delim~<em>10140</em> W <em>Se Division St</em> Portland OR 97266. Features. 8,174 sq. ft. $1,677 taxes in 2021; Commercial. Owners &amp; Residents. Hathaway Robert. Hathaway Phiyen.~fides_delim~totalcount
10140 se division st~fides_delim~https://www.eventbrite.com/d/or--chenoweth/music--performances/~fides_delim~Chenoweth, OR Music Performances - Eventbrite~fides_delim~<em>10140 SE Division St</em> • Portland, OR. Starts at $5.00. Cyberpunk Zion Volume 1. Save Cyberpunk Zion Volume 1 to your collection.~fides_delim~totalcount
10140 se division st~fides_delim~https://www.eventbrite.com/d/or--parkdale/music--events/events~fides_delim~Parkdale, OR Events - Eventbrite~fides_delim~725 SE 207th Ave • Gresham, OR. Starts at $53.00 ... <em>10140 SE Division St</em> • Portland, OR. Starts at $5.00. Cyberpunk Zion Volume 1.~fides_delim~totalcount
10140 se division st~fides_delim~https://www.buildzoom.com/contractor/hathaway-enterprises~fides_delim~Hathaway Enterprises | Portland | Read Reviews + Get a Bid~fides_delim~Address: <em>10140 SE Division St</em> Portland, Portland, OR 97266 Edit. Do you work for this business? Unlock this free profile to update company info and see ...~fides_delim~totalcount
10140 se division st~fides_delim~https://www.buzzfile.com/business/Hathaway-Enterprises-503-251-2905~fides_delim~Hathaway Enterprises in Portland, OR - (503) 251-2905 - Profile~fides_delim~Hathaway Enterprises is located at <em>10140 SE Division St</em>, Portland, OR 97266. This location is in Multnomah County and the Portland-Vancouver-Hillsboro, ...~fides_delim~totalcount
10140 se division st~fides_delim~https://www.kitsapsun.com/story/entertainment/blogs/kitsap-ae/2020/03/03/kitsap-entertainment-calendar/4938908002/~fides_delim~Kitsap entertainment calendar~fides_delim~... by Central Kitsap High School, <em>10140</em> Frontier Pl. NW, Silverdale, 360-662-2400, ... 18732 <em>Division St</em>. NE, Suquamish: 7 p.m.; donations ...~fides_delim~totalcount
10140 se division st~fides_delim~https://www.realtor.com/realestateandhomes-detail/2122-SE-101st-Ave_Portland_OR_97216_M11908-44338~fides_delim~2122 SE 101st Ave, Portland, OR 97216 | realtor.com®~fides_delim~Comparison of 2122 <em>SE</em> 101st Ave, Portland, OR 97216 with Nearby Homes: Photo of property at 11531 <em>Se</em> Morrison <em>St</em>, Portland, OR 97216.~fides_delim~totalcount
10140 se division st~fides_delim~https://goallevents.com/e/cole-tennimon-presents-glow-party-2-E200023112102951~fides_delim~Cole Tennimon presents “Glow Party 2” | Sat August 13, 2022~fides_delim~Cole Tennimon presents “Glow Party 2” upcoming event happening in <em>10140 SE Division St</em>, Portland, OR 97266-1330, United States on Sat Aug 13 ...~fides_delim~totalcount
10140 se division st~fides_delim~https://docs.oklahomacounty.org/AssessorWP5/SubdivisionSearch.asp?SubDivisionName=RIDGEFIELD~fides_delim~WP50 Oklahoma County Assessor Subdivision Search~fides_delim~~fides_delim~totalcount
10140 se division st~fides_delim~https://www.yellowpages.com/portland-or/mip/hathaway-enterprises-24622216~fides_delim~Hathaway Enterprises - Portland, OR 97266 - Yellow Pages~fides_delim~Details. Phone: (503) 251-2905. Address: <em>10140 SE Division St</em>, Portland, OR 97266. People Also Viewed. Miller Paint Co. 10114 SE Division St Ste B, Portland ...~fides_delim~totalcount
10140 se division st~fides_delim~https://issuu.com/willametteweek/docs/48.14_-_willamette_week_february_9_2022~fides_delim~Willamette Week, February 9, 2022 - Volume 48, Issue 14 - Issuu~fides_delim~<em>10140 SE DIVISION ST</em>., PAGE 17. Stone Barn's batch of whiskey made with yakisoba was turned into hand sanitizer.~fides_delim~totalcount
10140 se division st~fides_delim~http://search.sunbiz.org/Inquiry/CorporationSearch/SearchResultDetail?inquirytype=OfficerRegisteredAgentName&directionType=Initial&searchNameOrder=NEUMANNCORNELIA%20P010000931512&aggregateId=domp-p01000093151-1b346b46-81f1-4cee-b6c0-43e606af6da3&searchTerm=Neumann%20Cisneros%20%20%20%20Miguel&listNameOrder=NEUMANNCISNEROSMIGUEL%20P020000115544~fides_delim~Detail by Officer/Registered Agent Name - Sunbiz.org~fides_delim~Florida <em>Division</em> of Corporations ... 10544 <em>SE</em> 151 <em>ST</em> SUMMERFIELD, FL 34491. Mailing Address. <em>10140 SE</em> 139 PL SUMMERFIELD, FL 34491. Changed: 07/29/2007.~fides_delim~totalcount
10140 se division st~fides_delim~https://www.dandb.com/businessdirectory/hathawayenterprises-portland-or-27183704.html~fides_delim~Hathaway Enterprises - Portland , OR - Company Data~fides_delim~<em>10140 SE DIVISION ST</em> PORTLAND, OR 97266 Get Directions · (503) 251-2905 · www.hathawayenterprises.com. Business Info. Founded 1977; Incorporated; Annual ...~fides_delim~totalcount
10140 se division st~fides_delim~https://www.portland.gov/revenue/documents/new-business-list-august-2022/download~fides_delim~August 2022 - New Business List~fides_delim~3050 <em>SE DIVISION ST</em>. Lessors of Residential Buildings and Dwellings. PORTLAND OR 97202-1996. 15TH AVE BOUTIQUE. 5727 NE 18TH AVE. Not Available.~fides_delim~totalcount
10140 se division st~fides_delim~https://projects.oregonlive.com/maps/delinquent/~fides_delim~Delinquent property taxes in the Portland area - Oregon Live~fides_delim~87TH DIVISION LLC % PALACE CONSTRUCTION, 8733 <em>SE DIVISION ST</em>, PORTLAND, $72,012. GREENWAY PROPERTIES LLC, 4135 NW ST HELENS RD, PORTLAND, $71,204.~fides_delim~totalcount
10140 se division st~fides_delim~http://insurance.mo.gov/Contribute%20Documents/WBMounceyREF.pdf~fides_delim~Case No. l31024569C - Missouri Department of Insurance~fides_delim~2014. the Consumer Affairs <em>Division</em> submitted a Petition to the ... and maHing address of <em>10140 Southeast</em> State Rte. 371, <em>St</em>. ... <em>St</em>. Joseph, MO 64507.~fides_delim~totalcount
10140 se division st~fides_delim~https://www.healthgrades.com/group-directory/in-indiana/highland/aspen-dental-xby9ps0b~fides_delim~Aspen Dental, Highland, IN - Healthgrades~fides_delim~<em>10140</em> Indianapolis Blvd Ste A, Highland IN, 46322 ... 1290 Geary St <em>SE</em>, Albany OR 97322. CallDirections ... 2860 W <em>Division St</em> Ste 102, Saint Cloud MN 56301.~fides_delim~totalcount
10140 se division st~fides_delim~https://www.govinfo.gov/content/pkg/USCOURTS-mied-1_16-cv-10140/pdf/USCOURTS-mied-1_16-cv-10140-0.pdf~fides_delim~united states district court - GovInfo~fides_delim~while incarcerated in a state prison in <em>St</em>. Louis, Michigan from 2004 to 2007. Case 1:16-cv-<em>10140</em>-TLL-PTM ECF No. 24 filed 06/17/16 PageID.~fides_delim~totalcount
10140 se division st~fides_delim~https://connect.ncdot.gov/letting/Division%203%20Letting/02-18-2016/DC00153_Mailing_Labels.pdf~fides_delim~daniel c raing sr - Connect NCDOT~fides_delim~<em>10140</em> US 421 N. CLINTON, NC 28328. TIM MEYER ... 3100 MONROE LANE <em>S.E.</em>. BOLIVIA, NC 28422. BRUCE WAYNE COWARD ... <em>S. T.</em> WOOTEN CORPORATION. PO Box 2408.~fides_delim~totalcount
10140 se division st~fides_delim~https://m.yelp.com/search?find_desc=Used+Furniture+Stores&find_loc=Southeast+Portland%2C+Portland%2C+OR~fides_delim~Top 10 Best Used Furniture Stores near Southeast Portland ...~fides_delim~4035 <em>SE Division St</em>, Portland, OR 97202. (503) 234-6343. "This place is a gem! ... <em>10140</em> SW Allen Blvd, Ste D Beaverton, OR 97005. (503) 626-2566.~fides_delim~totalcount
10140 se division st~fides_delim~https://www.yelp.com/search?find_desc=strip+clubs&find_loc=Southeast+Portland%2C+Portland%2C+OR~fides_delim~Top 10 Best strip clubs near Southeast Portland, Portland, OR~fides_delim~Reviews on Strip Clubs in <em>Southeast</em> Portland, Portland, OR - Devils Point, Lucky Devil Lounge, ... 3213 <em>SE Division St</em>, Portland, OR 97202. Curbside Pickup.~fides_delim~totalcount
10140 se division st~fides_delim~https://www.mouser.com/ProductDetail/3M-Electronic-Solutions-Division/10140-3000PE?qs=vTdArO7BBRWczI2rQghVxQ%3D%3D~fides_delim~10140-3000PE 3M Electronic Solutions Division | Mouser~fides_delim~<em>10140</em>-3000PE 3M Electronic Solutions <em>Division</em> D-Sub Micro-D Connectors 40P PLUG SOLDER datasheet, inventory, &amp; pricing.~fides_delim~totalcount
10140 se division st~fides_delim~https://www.portlandoregon.gov/transportation/article/676841~fides_delim~(EPAEE) E. Portland Access to Employment &amp; Education~fides_delim~<em>SE DIVISION ST</em>. <em>SE DIVISION ST</em>. OREGON. 1. 2. Title Sheet. Index Of Sheets Cont'd. ... PORTLAND ADVENTIST MEDICAL. <em>SE</em> MARKET ST. 10123. <em>SE</em> MARKET ST. <em>10140</em>.~fides_delim~totalcount
10140 se division st~fides_delim~https://cocofinder.com/name/robert-hathaway/or~fides_delim~Robert Hathaway in Oregon(OR) - Found at 179 Cities~fides_delim~<em>10140 SE Division St</em>, Portland, OR 2645 Birch St, Lebanon, OR AND 1 MORE. Previous Locations. Portland, OR Westerville, OH. Phone number. 503-251-2905.~fides_delim~totalcount
10140 se division st~fides_delim~https://www.adfg.alaska.gov/sf/SARR/AWC/index.cfm?ADFG=nomSearch.nomDetails&NomID=85-254~fides_delim~Nomination Details - Anadromous Waters Catalog - Sport Fish~fides_delim~Nomination Changes To The AWC. Region Map(quad) AWC Stream #, Stream Name, Action Taken, Species*, Comments. Southwestern MOUNT KATMAI C-3 324-20-<em>10140</em>-2245 ...~fides_delim~totalcount
10140 se division st~fides_delim~https://www.superpages.com/beaverton-or/bpp/amp/apm-printworks-496510047~fides_delim~APM Printworks 10140 SW Allen Blvd, Beaverton, OR 97005~fides_delim~APM Printworks ; NW Printed Solutions. 523 <em>SE</em> Yamhill St, Portland, OR ; Rhino Digital Printing. 1235 <em>SE Division St</em> Ste 108, Portland, OR ; Office Depot. 604 SW ...~fides_delim~totalcount
10140 se division st~fides_delim~https://www.trulia.com/p/or/portland/3579-ne-fremont-st-portland-or-97212--2117703325~fides_delim~3579 NE Fremont St, Portland, OR 97212 - Trulia~fides_delim~3579 NE Fremont <em>St</em>, Portland, OR 97212 is a 1816 sqft, 3 bed, ... 15107 <em>SE</em> Dayspring Ln #30, Clackamas, OR 97015 ... <em>10140</em> NW Cornell Rd, Portland, OR.~fides_delim~totalcount
10140 se division st~fides_delim~https://www.manta.com/c/mm46tqv/hathaway-enterprises~fides_delim~Hathaway Enterprises - Painter in Portland, Oregon - Manta~fides_delim~Hathaway Enterprises; <em>10140 Se Division</em> Street; Portland, OR 97266 · (503) 251-2905 · Visit Website · Map pin Get Directions. Similar Businesses.~fides_delim~totalcount
10140 se division st~fides_delim~https://onlinelibrary.wiley.com/doi/10.1002/jmri.10140~fides_delim~Differentiation of clinically benign and malignant breast ...~fides_delim~by Y Guo · 2002 · Cited by 996 — ... Health Science Center, <em>San</em> Antonio, Texas. Search for more papers by this author. First published: 23 July 2002. https://doi.org/10.1002/jmri.<em>10140</em>.~fides_delim~totalcount
10140 se division st~fides_delim~https://casetext.com/case/tippins-v-nwi-1-inc~fides_delim~Tippins v. NWI-1 Inc., Case No. 16-cv-10140 - Casetext~fides_delim~NWI-1 Inc. UNITED STATES DISTRICT COURT EASTERN DISTRICT OF MICHIGAN NORTHERN <em>DIVISION</em>. Aug 12, 2016. Case No. 16-cv-<em>10140</em> (E.D. Mich. Aug.~fides_delim~totalcount
10140 se division st~fides_delim~https://lms.parkeronline.org/etrakit3/viewAttachment.aspx?Group=PROJECT&ActivityNo=SP14-0023&key=ECON%3A140825025340528~fides_delim~Phase I Environmental Site Assessment 10140 Parkglenn ...~fides_delim~Way at <em>10140</em> Parkglenn Way, Parker, Douglas County Colorado. ... Waste <em>Division</em>, (CDPHE), was contacted regarding environmental records for ...~fides_delim~totalcount
10140 se division st~fides_delim~https://trimet.org/max/stations.htm~fides_delim~MAX Light Rail Stations - TriMet~fides_delim~<em>SE</em> Main St · <em>SE Division St</em> · <em>SE</em> Powell Blvd · <em>SE</em> Holgate Blvd · Lents Town Center/<em>SE</em> Foster Rd · <em>SE</em> Flavel St · <em>SE</em> Fuller Rd · Clackamas Town Center Transit Center ...~fides_delim~totalcount
10140 se division st~fides_delim~https://www.law.com/newyorklawjournal//~fides_delim~New York Law Journal~fides_delim~7 in Illinois Northern District Court by Faruqi &amp; Faruqi, LLP and <em>ST</em> Legal ... <em>S.E.</em> Clark &amp; Associates was slapped with a breach-of-contract lawsuit on ...~fides_delim~totalcount
10140 se division st~fides_delim~https://www.kpvi.com/sports/mizzou-basketball-vs-no-25-arkansas-numbers-to-know-for-wednesdays-sec-rematch/article_92258711-4ce4-5867-b59c-354bbd4954ce.html~fides_delim~Mizzou basketball vs. No. 25 Arkansas: Numbers to know for ...~fides_delim~5: <em>Division</em> I players shooting 55% from the field and 40% from ... in the SEC with an average crowd of <em>10,140</em>, up from 6,600 last year.~fides_delim~totalcount
10140 se division st~fides_delim~https://en.wikipedia.org/wiki/Mount_Elbrus~fides_delim~Mount Elbrus - Wikipedia~fides_delim~Mount Elbrus is the highest and most prominent peak in Russia and Europe. It is situated in the western part of the Caucasus and is the highest peak of the ...~fides_delim~totalcount
10140 se division st~fides_delim~https://www.ancestry.com/1940-census/usa/Oregon/Martha-Pedersen_20qvkx~fides_delim~Martha Pedersen in the 1940 Census | Ancestry®~fides_delim~<em>10140 S E Division</em> Plympton, Multnomah, Oregon. Household Members, Age. Lodger, Tullius Motyteus, 79. Head, Courad Pedersen, 53. Wife, Martha Pedersen, 52 ...~fides_delim~totalcount
10140 se division st~fides_delim~https://www.galco.com/ea800-10140.html~fides_delim~EA800-10140 - Galco~fides_delim~LIMIT SWITCH, LS-HZ LOC-CW/CCW-SP-UL-BRZ-SL2XCB2.~fides_delim~totalcount
10140 se division st~fides_delim~https://localadventurer.com/best-places-to-instagram-portland-oregon/~fides_delim~25 Most Popular Spots to Instagram Portland Oregon~fides_delim~1125 <em>SE Division St</em> Suite 103, 97202, map. One of our friends introduced us to this banana mural down the street from her house, which was once illegal ...~fides_delim~totalcount
10140 se division st~fides_delim~http://cyclemafia.com/c9hnc3wh/healing-rooms-california.html~fides_delim~Healing rooms california. Together, they will discuss the ...~fides_delim~See more Home to the Healing Rooms of the <em>Santa</em> Maria Valley—where ... from 6:00pm to 7:30pm at Circle K Revival Ranch <em>10140</em> Bruceville Road Elk Grove ...~fides_delim~totalcount
10140 se division st~fides_delim~https://www.compass.com/listing/10140-buffton-drive-st-louis-mo-63123/1039158135336623873/~fides_delim~10140 Buffton Drive, St. Louis, MO 63123 | Compass~fides_delim~<em>10140</em> Buffton Drive, <em>St</em>. Louis, MO 63123 is a multi-family home not currently listed. This is a 0-bed, ... Sub <em>division</em> Name: Lakeshire Park.~fides_delim~totalcount
10140 se division st~fides_delim~https://greatfallsmt.net/resolution/resolution-10140~fides_delim~Resolution 10140 | City of Great Falls Montana~fides_delim~... TO EXTEND THE BOUNDARIES OF THE CITY OF GREAT FALLS TO INCLUDE LOT 4, BLOCK 1, OF <em>DIVISION</em> ADDITION, LOCATED IN THE NE¼ OF SECTION 2, TOWNSHIP 20 NORTH, ...~fides_delim~totalcount
