10140 w flamingo rd~fides_delim~https://local.albertsons.com/nv/las-vegas/10140-w-flamingo-rd.html~fides_delim~10140 W Flamingo Rd - Las Vegas~fides_delim~Visit your neighborhood Albertsons located at <em>10140 W Flamingo Rd</em>, Las Vegas, NV, for a convenient and friendly grocery experience!~fides_delim~totalcount
10140 w flamingo rd~fides_delim~https://local.pharmacy.albertsons.com/nv/las-vegas/10140-w-flamingo-rd.html~fides_delim~Albertsons Pharmacy Hualapai & Flamingo~fides_delim~Visit your neighborhood Albertsons Pharmacy located at <em>10140 W Flamingo Rd</em>, Las Vegas, NV for a convenient and friendly pharmacy experience!~fides_delim~totalcount
10140 w flamingo rd~fides_delim~https://www.mapquest.com/us/nevada/albertsons-265340583~fides_delim~Albertsons, 10140 W Flamingo Rd, Las Vegas, NV, ...~fides_delim~Visit your neighborhood Albertsons located at <em>10140 W Flamingo Rd</em>, Las Vegas, NV, for a convenient and friendly grocery experience!~fides_delim~totalcount
10140 w flamingo rd~fides_delim~https://www.yelp.com/biz/us-post-office-las-vegas-7~fides_delim~10140 W Flamingo Rd, Las Vegas, NV - US Post Office~fides_delim~This is located inside the Albertsons grocery store (<em>Flamingo</em> and Hualapai). One way in, one way out. Upon entering, you go to the left,… read more.~fides_delim~totalcount
10140 w flamingo rd~fides_delim~https://www.yelp.com/biz/albertsons-las-vegas-25~fides_delim~Albertsons - 10140 W Flamingo Rd, Las Vegas, NV~fides_delim~Map · <em>10140 W Flamingo Rd</em>. Las Vegas, NV 89147. Directions · (702) 562-1745. Call Now · More Info. Menu for Albertsons, Hours, Health Score · Known For. Yes. Offers ...~fides_delim~totalcount
10140 w flamingo rd~fides_delim~https://www.goodrx.com/pharmacy-near-me/albertsons-sav-on/nv/las-vegas/10140-w-flamingo-rd/1609822253~fides_delim~Albertsons (Sav-on) Pharmacy - 10140 W Flamingo Rd~fides_delim~Albertsons (Sav-on) Pharmacy at <em>10140 W Flamingo Rd</em> Las Vegas NV. Get pharmacy hours, services, contact information and prescription savings with GoodRx!~fides_delim~totalcount
10140 w flamingo rd~fides_delim~https://www.loopnet.com/property/10140-w-flamingo-rd-las-vegas-nv-89147/32003-16318411011/~fides_delim~10140 W Flamingo Rd, Las Vegas, NV 89147~fides_delim~View information about <em>10140 W Flamingo Rd</em>, Las Vegas, NV 89147. See if the property is available for sale or lease. View photos, public assessor data, ...~fides_delim~totalcount
10140 w flamingo rd~fides_delim~https://advertise.terraboost.com/products/albertsons-60726-10140-w-flamingo-road-las-vegas-nv-89147~fides_delim~10140 W. Flamingo Road, Las Vegas, NV, 89147~fides_delim~Advertise in your local community by sponsoring a wipe sanitizing kiosk at this ALBERTSONS, located at <em>10140 W</em>. <em>Flamingo Road</em> in Las Vegas, NV.~fides_delim~totalcount
10140 w flamingo rd~fides_delim~https://www.facebook.com/AlbertsonsLasVegasNV3021/~fides_delim~Albertsons - Home~fides_delim~Visit your neighborhood Albertsons located at <em>10140 W Flamingo Rd</em>, Las Vegas, NV, for a convenient and friendly grocery experience!~fides_delim~totalcount
10140 w flamingo rd~fides_delim~https://www.waze.com/live-map/directions/us/nv/las-vegas/albertsons-deli?to=place.ChIJl4-1_jO_yIAREbfUXPSBHR8~fides_delim~Driving directions to Albertsons Deli, 10140 W Flamingo ...~fides_delim~Realtime driving directions to Albertsons Deli, <em>10140 W Flamingo Rd</em>, Las Vegas, based on live traffic updates and road conditions – from Waze fellow ...~fides_delim~totalcount
10140 w flamingo rd~fides_delim~https://www.waze.com/live-map/directions/flamingo-promenade-shopping-center-w-flamingo-rd-10140-las-vegas?to=place.w.160366953.1603603996.2189247~fides_delim~Flamingo Promenade Shopping Center~fides_delim~Realtime driving directions to Flamingo Promenade Shopping Center, <em>10140 W Flamingo Rd</em>, Las Vegas, based on live traffic updates and road conditions – from ...~fides_delim~totalcount
10140 w flamingo rd~fides_delim~https://las-vegas.postofficehours.us/nevada/ALBERTSONS/10140-W-FLAMINGO-RD-89147/~fides_delim~LAS VEGAS 10140 W FLAMINGO RD 89147 Nevada Post Office~fides_delim~<em>10140 W FLAMINGO RD</em> 89147, LAS VEGAS, nevada. Check post offices nearby. Share. Hours of operation. Mon-Thu 11:00am - 3:30pm~fides_delim~totalcount
10140 w flamingo rd~fides_delim~https://insiderx.com/pharmacy-near-me/savon/nv/spring-valley/10140-w-flamingo-rd/1609822253~fides_delim~Sav-On Pharmacy - 10140 W FLAMINGO RD, Spring ...~fides_delim~Sav-On Pharmacy on <em>10140 W FLAMINGO RD</em>, Spring Valley NV 89147. Get pharmacy information and prescription medication discounts with InsideRx.~fides_delim~totalcount
10140 w flamingo rd~fides_delim~https://foursquare.com/v/albertsons/4bcb9ae8937ca593fff9a992~fides_delim~Albertsons - Grocery Store~fides_delim~... Photo taken at Albertsons by Jessica W. on 7/15/2018; Photo taken at Albertsons by ... local.albertsons.com/nv/las-vegas/<em>10140</em>-<em>w</em>-<em>flamingo-rd</em>.html.~fides_delim~totalcount
10140 w flamingo rd~fides_delim~https://weekly-ads.us/stores/las-vegas/albertsons/10140-w-flamingo-rd~fides_delim~Albertsons Las Vegas 10140 W Flamingo Rd - Weekly Ads~fides_delim~Check out the flyer with the current sales in Albertsons in Las Vegas - <em>10140 W Flamingo Rd</em>. ⭐ Weekly ads for Albertsons in Las Vegas - 10140 W Flamingo ...~fides_delim~totalcount
10140 w flamingo rd~fides_delim~https://www.rxspark.com/pharmacy-listings/savon-pharmacy-3021-10140-w-flamingo-rd-las-vegas-nv-89147-0000~fides_delim~Savon Pharmacy - Las Vegas, NV 89147~fides_delim~For more information, you may visit this pharmacy at <em>10140 W Flamingo Rd</em> Las Vegas, NV 89147 or call them directly at 7025621832.~fides_delim~totalcount
10140 w flamingo rd~fides_delim~https://www.loc8nearme.com/nevada/las-vegas/albertsons-pharmacy/2521987/~fides_delim~Albertsons Pharmacy - 10140 W Flamingo Rd, Las Vegas ...~fides_delim~Albertsons Pharmacy at <em>10140 W Flamingo Rd</em>, Las Vegas NV 89147 - ⏰hours, ✓address, map, ➦directions, ☎️phone number, customer ratings and comments.~fides_delim~totalcount
10140 w flamingo rd~fides_delim~https://www.postofficelocations.net/details/10140-W-Flamingo-Rd-Las-Vegas-NV-89147/~fides_delim~10140 W Flamingo Rd Las Vegas NV 89147~fides_delim~View this post office location located at <em>10140 W Flamingo Rd</em> Las Vegas NV 89147. Find the hours of operation and all contact information to get your mail ...~fides_delim~totalcount
10140 w flamingo rd~fides_delim~http://locations.vigoglobal.com/details/75db17ba2c7e52df4dff4ff679116619?q=&loc=Enterprise%2C+Clark+County%2C+Nevada%2C+nv&t=~fides_delim~ALBERTSONS #3021 - Las Vegas, Nevada NV - Vigo Locations~fides_delim~<em>10140 W Flamingo Rd</em>. Las Vegas NV 89147-8385. 702-562-1745 · Map &amp; Directions. Service Provider. PHOENIX. Brand. Western Union. Services.~fides_delim~totalcount
10140 w flamingo rd~fides_delim~https://www.hotcouponworld.com/albertsons-10140-w-flamingo-rd-las-vegas-nv/~fides_delim~Albertsons 10140 W Flamingo Rd Las Vegas, NV 89147 ...~fides_delim~See the ✳️ Albertsons normal store ⏰ hours ☎️ phone number, address, map and ⭐️ weekly ad for Las Vegas, NV.~fides_delim~totalcount
10140 w flamingo rd~fides_delim~https://photocake.com/nv/las-vegas/albertsons-3021-bky/~fides_delim~ALBERTSONS #3021 BKY | 10140 W FLAMINGO RD, LAS ...~fides_delim~Order personalized PhotoCake cakes at ALBERTSONS #3021 BKY at <em>10140 W FLAMINGO RD</em>, LAS VEGAS NV 89147. Celebrate any occassion with PhotoCake® custom cakes!~fides_delim~totalcount
10140 w flamingo rd~fides_delim~https://locations.orlandivaluta.com/details/75db17ba2c7e52df4dff4ff679116619~fides_delim~ALBERTSONS #3021 - Las Vegas, Nevada Nv - Orlandi Valuta~fides_delim~<em>10140 W Flamingo Rd</em>. Las Vegas Nv 89147-8385. 702-562-1745 · Map &amp; Directions. Service Provider. PHOENIX. Brand. Western Union. Services.~fides_delim~totalcount
10140 w flamingo rd~fides_delim~https://www.vegasnearme.com/group/albertsons-pharmacy~fides_delim~Albertsons Pharmacy on VegasNearMe~fides_delim~Albertsons. <em>10140 W Flamingo Rd</em>, Las Vegas, NV 89147. Albertsons. 10250 W Charleston Blvd, Las Vegas, NV 89135. Albertsons. 11720 W Charleston Blvd, ...~fides_delim~totalcount
10140 w flamingo rd~fides_delim~https://www.localmint.com/us/albertsons-pharmacy-flamingo-rd-hours-911863~fides_delim~Albertsons Pharmacy in 10140 W Flamingo Rd, Las Vegas, ...~fides_delim~Albertsons Pharmacy in <em>10140 W Flamingo Rd</em>, <em>10140 W Flamingo Rd</em>, Las Vegas, NV, 89147, Store Hours, Phone number, Map, Latenight, Sunday hours, Address, ...~fides_delim~totalcount
10140 w flamingo rd~fides_delim~https://www.healthgrades.com/pharmacy/albertsons-llc-pcyxda~fides_delim~ALBERTSONS LLC - Las Vegas, Nevada~fides_delim~<em>10140 W Flamingo Rd</em>. Las Vegas, NV 89147. (702) 562-1832. ALBERTSONS LLC is a pharmacy in Las Vegas, Nevada and is open 7 days per week.~fides_delim~totalcount
10140 w flamingo rd~fides_delim~https://location.westernunion.com/us/nv/las-vegas/75db17ba2c7e52df4dff4ff679116619~fides_delim~Las Vegas, NV, 89147-8385~fides_delim~Send money reliably through the Western Union located at <em>10140 W Flamingo Rd</em> Las Vegas, NV 89147-8385. Visit this page for all services at this location and ...~fides_delim~totalcount
10140 w flamingo rd~fides_delim~https://www.starbucks.com/store-locator/store/8115/us/flamingo~fides_delim~Flamingo & I-215, Las Vegas~fides_delim~9701 W. Flamingo Road, Las Vegas. Open until 8:00 PM ... <em>10140 W Flamingo Rd</em>, Las Vegas. Open until 8:00 PM ... West Sahara Blvd &amp; 215 Beltway, Las Vegas.~fides_delim~totalcount
10140 w flamingo rd~fides_delim~https://www.postallocations.com/nv/las-vegas/poe-flamingo~fides_delim~Post Office in Las Vegas, NV - Poe Flamingo Location~fides_delim~<em>10140 W Flamingo Rd</em>, Las Vegas, NV 89147. Contact Numbers. Phone: 702-871-1175. Fax: 702-243-6604. TTY: 877-889-2457. Toll-Free: 1-800-Ask-USPS® (275-8777).~fides_delim~totalcount
10140 w flamingo rd~fides_delim~https://www.yellowpages.com/las-vegas-nv/mip/albertsons-pharmacy-542060514~fides_delim~Albertsons Pharmacy - Las Vegas, NV 89147~fides_delim~Visit your neighborhood Albertsons Pharmacy located at <em>10140 W Flamingo Rd</em>, Las Vegas, NV for a convenient and friendly pharmacy experience! You will find our ...~fides_delim~totalcount
10140 w flamingo rd~fides_delim~http://www.myhereguide.com/b/albertsons-hours-las-vegas-nv-89147-b9331736~fides_delim~Albertsons - Las Vegas, NV - 10140 W Flamingo Rd~fides_delim~Find Albertsons hours and map on <em>W Flamingo Rd</em>, Las Vegas, NV. Store opening hours, closing time, address, phone number, directions.~fides_delim~totalcount
10140 w flamingo rd~fides_delim~https://www.uspostofficehours.org/location/nv_10140_poe-flamingo-post-office~fides_delim~Poe Flamingo Post Office - Las Vegas~fides_delim~<em>10140 W Flamingo Rd</em> Las Vegas, NV - 89147. 702-871-1175 Click to call There are no comments. Be the first to leave one below. Fax Number: 702-243-6604 ...~fides_delim~totalcount
10140 w flamingo rd~fides_delim~https://nvdmvnowkiosk.com/locations/las-vegas-albertsons-flamingo-rd/~fides_delim~Las Vegas Albertsons ~ Flamingo Rd | Nevada DMV Now~fides_delim~VEHICLE REGISTRATION RENEWALS IN 2 MINUTES! <em>10140 W</em>. <em>Flamingo Rd</em>. Las Vegas, NV 89147.~fides_delim~totalcount
10140 w flamingo rd~fides_delim~https://www.laurasleanbeef.com/where-to-buy/albertsons/10140-w-flamingo-rd/89101~fides_delim~Where To Buy~fides_delim~Albertsons. <em>10140 W Flamingo Rd</em> Las Vegas, NV 89101. Get Directions. To navigate, press the arrow keys. All Natural | Since 1985.~fides_delim~totalcount
10140 w flamingo rd~fides_delim~https://fastfoodinusa.com/starbucks/address-10140-w-flamingo-rd/~fides_delim~Starbucks in 10140 W Flamingo Rd‚ Las Vegas~fides_delim~Enjoy Starbucks food in <em>10140 W Flamingo Rd</em> Las Vegas‚ NV 89147 and leave your comments about the service‚ working hours and etc.~fides_delim~totalcount
10140 w flamingo rd~fides_delim~https://www.mystore411.com/store/view/23101464/US-Bank-Las-Vegas~fides_delim~Flamingo & Hualapai Albertsons Office in Las Vegas ...~fides_delim~US Bank Branch - Flamingo &amp; Hualapai Albertsons Office at <em>10140 W Flamingo Rd</em> in Las Vegas, Nevada 89147: store location &amp; hours, services, holiday hours, ...~fides_delim~totalcount
10140 w flamingo rd~fides_delim~https://locations.hrt.org/listing/savon-pharmacy-6021-10140-w-flamingo-rd-las-vegas-nv-89147.html~fides_delim~Savon Pharmacy #6021 10140 W Flamingo Rd Las Vegas ...~fides_delim~Savon Pharmacy #6021 <em>10140 W Flamingo Rd</em> Las Vegas NV 89147. Pharmacy. 0. 0. Additional Information. Contact. <em>10140 W Flamingo Rd</em> Las Vegas, Nevada 89147.~fides_delim~totalcount
10140 w flamingo rd~fides_delim~https://www.grocergaps.com/grocer-88091-albertsons-3021-las-vegas~fides_delim~Albertsons 3021 at 10140 W Flamingo Rd in Las Vegas, Nevada~fides_delim~Albertsons 3021 is located at <em>10140 W Flamingo Rd</em> in Las Vegas, Nevada. Their profile includes directions, ratings, ebt and snap details, ...~fides_delim~totalcount
10140 w flamingo rd~fides_delim~https://locatewp.com/location/albertsons-las-vegas-6021/~fides_delim~Albertsons-Las Vegas #6021 - WP Locator~fides_delim~Albertsons-Las Vegas #6021. To navigate, press the arrow keys. <em>10140 W Flamingo Rd</em> Las Vegas, NV 89147-8385. ×. Simple Locator Widget. Zip/Postal Code.~fides_delim~totalcount
10140 w flamingo rd~fides_delim~http://www.ebtcardbalance.com/albertsons-6021-snap-retailer-nevada-eld123186~fides_delim~Albertsons 6021 SNAP Retailer NV - EBT Card Balance~fides_delim~Albertsons 6021 is a SNAP retailer that accepts Nevada Quest Cards at <em>10140 W Flamingo Rd</em> Las Vegas NV.~fides_delim~totalcount
10140 w flamingo rd~fides_delim~https://pharmacy-near-me.com/pharmacy/sav-on-pharmacy-3021-89147-10140-w-flamingo-rd-las-vegas-nv-89147-8385-1609822253/~fides_delim~SAV ON PHARMACY #3021 10140 W FLAMINGO RD, LAS ...~fides_delim~It is located at <em>10140 W Flamingo Rd</em>, Las Vegas, NV 89147. A facility or a part of facility, where licensed pharmacists sell medications.~fides_delim~totalcount
10140 w flamingo rd~fides_delim~https://www.bank-locations.com/usbank_locations/30564-Las+Vegas-NV.html~fides_delim~U.S. Bank Flamingo &amp; Hualapai Albertsons Office~fides_delim~U.S. Bank Flamingo &amp; Hualapai Albertsons Office - <em>10140 W Flamingo Rd</em> Locations &amp; Hours in Las Vegas, NV 89147. Find locations, bank hours, phone numbers ...~fides_delim~totalcount
10140 w flamingo rd~fides_delim~https://maps.roadtrippers.com/us/las-vegas-nv/shopping/albertsons-las-vegas-nv--29~fides_delim~Albertsons, Las Vegas - NV~fides_delim~<em>10140 W Flamingo Rd</em> Las Vegas, Nevada, USA · (702) 562-1745. 1,692.1 mi ... WorldMark Las Vegas-Tropicana Avenue. 3.1; $$$; 1,687.0 mi.~fides_delim~totalcount
10140 w flamingo rd~fides_delim~https://www.singlecare.com/pharmacy/smiths-pharmacy-9350-west-flamingo-rd-las-vegas-nv-1659396273~fides_delim~Save up to 80% on your Rx at Smiths Pharmacy 9350 West ...~fides_delim~9350 West Flamingo Rd, Las Vegas, NV 89147 ... Conveniently, Smiths Pharmacy is located at 9350 West Flamingo Rd, ... <em>10140 W FLAMINGO RD</em> · Walgreens~fides_delim~totalcount
10140 w flamingo rd~fides_delim~http://phppd.providence.org/Intel/Pharmacy/View/560707982395902?Distance=0&GoBackFromSearch=False&GoToSearch=True&HealthPlanBaseID=260000&HealthPlanID=261100&MemberSearch=False&Page=2056&ProvSwedishPHS=False&ProviderTypeName=Pharmacy&SearchGroup=Intel&ShowAll=False&Sort=NameAZ&TruHearing=True&Type=Pharmacy&ProviderSERPIndex=7&OrderedHPProvIDString=560707982380136%2C560707982380616%2C560707982392162%2C560707982396709%2C560707982382689%2C560707982378852%2C560707982395442%2C560707982395902%2C560707982383448%2C560707988746195~fides_delim~Sav-On Pharmacy 3021~fides_delim~Open a location dialog with the map focused on the address: <em>10140 W Flamingo Rd</em>, Las Vegas, NV 89147 <em>10140 W Flamingo Rd</em>, Las Vegas, NV 89147.~fides_delim~totalcount
10140 w flamingo rd~fides_delim~https://order.cakes.com/bakeries/albertsons-3021-bky/cakes/~fides_delim~10140 W FLAMINGO RD, LAS VEGAS, NV, 89147~fides_delim~A variety of null cakes and cupcakes online at Cakes.com. Personalize your cake order and pick up from ALBERTSONS #3021 BKY at <em>10140 W FLAMINGO RD</em>, ...~fides_delim~totalcount
10140 w flamingo rd~fides_delim~https://www.uspostofficelocations.com/poe-flamingo-post-office-nevada-pl51517~fides_delim~Poe Flamingo Post Office 89147~fides_delim~Poe Flamingo post office location at <em>10140 W Flamingo Rd</em> Las Vegas Nevada 89147. View hours of operations, phone number, services provides including money ...~fides_delim~totalcount
10140 w flamingo rd~fides_delim~https://www.medicarelist.com/supplier/sav-on-pharmacy-3021-10140-w-flamingo-las-vegas-nv/~fides_delim~Sav-on Pharmacy #3021 - Medicare Supplier in Las Vegas, NV~fides_delim~It is located at <em>10140 W Flamingo Rd</em>, Las Vegas, Nevada 89147. You can reach out to the office of Sav-on Pharmacy #3021 via phone at (702) 562-1832.~fides_delim~totalcount
10140 w flamingo rd~fides_delim~https://dmvkiosks.info/kiosknv/dmv-now-kiosk-las-vegas-albertsons-flamingo-rd-near-me-find-kiosks-locations/~fides_delim~DMV Now Kiosk LAS VEGAS Albertsons – Flamingo Rd~fides_delim~Processing Fees and Payment Options. DMV NOW KIOSKS LOCATIONES IN Las Vegas Albertsons – Flamingo Rd. <em>10140 W</em>. <em>Flamingo Rd</em>. Las Vegas, NV 89147 ...~fides_delim~totalcount
10140 w flamingo rd~fides_delim~https://www.tellows.com/num/7025621745~fides_delim~Grocery store Albertsons from Nevada mit 7025621745~fides_delim~Visit your neighborhood Albertsons located at <em>10140 W Flamingo Rd</em>, Las Vegas, NV, for a convenient and friendly grocery experience!~fides_delim~totalcount
10140 w flamingo rd~fides_delim~https://www-lv.talispoint.com/talispoint/data/DIRECTORY/SAFEWAY/dmfpanel/3021.pdf~fides_delim~In the event of a work related Injury...~fides_delim~Sav-On Pharmacy. Pharmacy. <em>10140 W Flamingo Rd</em>. Las Vegas, NV 89147. (702) 562-1832. Albertsons - 3021. <em>10140 W Flamingo Rd</em>. Las Vegas, NV 89147. 11/1/2022.~fides_delim~totalcount
10140 w flamingo rd~fides_delim~https://medisf.traasgpu.com/mfis/3fb295aedecc1260.pdf~fides_delim~DON'T DO THE DRIVE! - Find a DMV kiosk near you!~fides_delim~2701 E. Sahara Ave. Albertsons - Flamingo &amp; Hualapai. <em>10140 W</em>. <em>Flamingo Rd</em>. DMV - Las Vegas West Flamingo. 8250 W ...~fides_delim~totalcount
10140 w flamingo rd~fides_delim~https://www.storesinfo.com/albertsons/nevada/las-vegas/wcharlestonblvd2.html~fides_delim~Albertsons in Las Vegas, 10250 W Charleston Blvd. Location~fides_delim~Albertsons - Las Vegas 10250 W Charleston Blvd, Las Vegas, NV 89135. Store hours, map locations, phone number ... <em>10140 W Flamingo Rd</em>, Las Vegas, NV 89147.~fides_delim~totalcount
10140 w flamingo rd~fides_delim~https://www.postofficelocator.org/albertsons-post-office-nevada-pl34656~fides_delim~Albertsons in Las Vegas, NV - Post Office Locations~fides_delim~The post office name is located at <em>10140 W Flamingo Rd</em> Las Vegas, NV 89147. If you live near the office and have questions, you can go there and speak with ...~fides_delim~totalcount
10140 w flamingo rd~fides_delim~https://usps-track.us/state/nevada/las-vegas/Poe-Flamingo-Post-Office.html~fides_delim~Poe Flamingo Post Office | Nevada | Zip-89147~fides_delim~Find USPS Poe Flamingo Post Office ✔️ Address : <em>10140 W Flamingo Rd</em>-Las Vegas NV -89147. USPS poe flamingo, ⏰ Hours Contacts and Zip Code Look.~fides_delim~totalcount
10140 w flamingo rd~fides_delim~https://www.city-data.com/locations/Albertsons/Las-Vegas-Nevada-2.html~fides_delim~Albertsons locations in Las Vegas, NV - Business Profiles~fides_delim~1300 E. Flamingo Rd. · 89109 · (702) 733-2947 ; 8410 FARM ROAD · 89131 · (702) 658-2030 ; <em>10140 WEST FLAMINGO ROAD</em> · 89147 · (702) 562-1745 ; 11720 W. Charleston Blvd.~fides_delim~totalcount
10140 w flamingo rd~fides_delim~https://www.postofficehours.net/office/10140-W-Flamingo-Rd-Las-Vegas-NV-89147/~fides_delim~Post Office in Las Vegas, NV | PostOfficeHours.net~fides_delim~<em>10140 W Flamingo Rd</em> Las Vegas, NV 89147. (702) 243-8682. (702) 243-8682. Hours of Operation: Mon-Fri 11:00am-2:30pm 3:00pm-7:00pm Sat-Sun closed.~fides_delim~totalcount
10140 w flamingo rd~fides_delim~https://www.restaurantji.com/nv/spring-valley/starbucks-/~fides_delim~Starbucks Spring Valley, NV 89147 - Menu, 24 Reviews ...~fides_delim~Latest reviews, photos and ratings for Starbucks at <em>10140 W Flamingo Rd</em> in Spring Valley - view the ✓menu, ⏰hours, ☎️phone number, ☝address and ...~fides_delim~totalcount
10140 w flamingo rd~fides_delim~https://www.jenmor.com/florist/Nevada/Las_Vegas~fides_delim~Same Day Flower Delivery in by your FTD florist~fides_delim~Albertsons Floral #6029, 5975 W Tropicana Ave ... Scentimental Stems, 6370 W Flamingo Rd Ste 27 ... Albertsons Floral #6021, <em>10140 W Flamingo Rd</em>~fides_delim~totalcount
10140 w flamingo rd~fides_delim~https://heypharmacy.com/024499410/Sav-On_Pharmacy~fides_delim~Sav-On Pharmacy~fides_delim~Pharmacy/chemists Food shop. Sav-On Pharmacy is a pharmacy on <em>10140 W Flamingo Rd</em> in Las Vegas. Update description. Address: <em>10140 W Flamingo Rd</em>~fides_delim~totalcount
10140 w flamingo rd~fides_delim~https://www.tripadvisor.com/RestaurantsNear-g45963-d10192248-oa180-PKWY_Tavern_Flamingo-Las_Vegas_Nevada.html~fides_delim~Restaurants near PKWY Tavern Flamingo - Las Vegas~fides_delim~Restaurants near PKWY Tavern Flamingo, Las Vegas on Tripadvisor: Find ... 9820 <em>W Flamingo Rd</em>, Las Vegas, NV 89147-8085 ... <em>10140 W</em> Tropicana Ave Ste 122.~fides_delim~totalcount
10140 w flamingo rd~fides_delim~https://www.hoursmap.com/b/starbucks-hours-las-vegas-nv-89147-b12203484~fides_delim~Starbucks Las Vegas, NV Hours and Location~fides_delim~Find Starbucks hours and map in Las Vegas, NV. Store opening hours, closing time, address, phone number, directions.~fides_delim~totalcount
10140 w flamingo rd~fides_delim~https://www.carismaflorists.com/florist/Nevada/Las_Vegas/1~fides_delim~Same Day Flower Delivery in by your FTD florist~fides_delim~Albertsons Floral #6021, <em>10140 W Flamingo Rd</em> Las Vegas, NV, 89147 prime$ · Albertsons Floral #6060, 11720 W Charleston Blvd Las Vegas, NV, 89135 prime$.~fides_delim~totalcount
10140 w flamingo rd~fides_delim~https://oleavicin.com/pages/store-locator-1~fides_delim~Store Locator~fides_delim~7075 West Ann Road. Las Vegas, NV 89130 ... Albertsons. 8350 West Cheyenne Ave. Las Vegas, NV 89129 ... <em>10140 W</em>. <em>Flamingo Road</em>. Las Vegas, NV 89147.~fides_delim~totalcount
10140 w flamingo rd~fides_delim~https://mailboxlocate.com/offices/1362540-emerald~fides_delim~Emerald Post Office~fides_delim~4030 S Jones Blvd Las Vegas, NV 89103. Phone: 702-889-1001. Parking: Parking Lot Available ... <em>10140 W Flamingo Rd</em>. Las Vegas, NV 89147.~fides_delim~totalcount
10140 w flamingo rd~fides_delim~https://lasvegassun.com/blogs/news/2020/mar/18/essential-businesses-las-vegas-coronavirus/~fides_delim~What's open in Las Vegas during the 30-day COVID-19 ...~fides_delim~<em>10140 W</em>. <em>Flamingo Road</em> (702.562.1745) 6 a.m. to 9 p.m. daily. 8350 W. Cheyenne Ave. (702.395.2700) 6 a.m. to 11 p.m. daily.~fides_delim~totalcount
10140 w flamingo rd~fides_delim~https://tools.usps.com/find-location.htm?location=1381586~fides_delim~Post Office - SHOSHONE~fides_delim~POE FLAMINGO. <em>10140 W FLAMINGO RD</em>. LAS VEGAS NV 89147 ... HOMESTEAD. 3001 E KELLOGG RD. PAHRUMP NV 89061 ...~fides_delim~totalcount
10140 w flamingo rd~fides_delim~https://www.buzzfile.com/business/Starbucks-Licensed-Store-702-562-1745~fides_delim~Albertson's LLC in Las Vegas, NV - (702) 562-1745~fides_delim~Albertson's is located at <em>10140 W Flamingo Rd</em>, Las Vegas, NV 89147. This location is in Clark County and the Las Vegas-Henderson-Paradise, NV Metropolitan ...~fides_delim~totalcount
10140 w flamingo rd~fides_delim~https://weeklyflyer.com/store/albertsons-hualapai-flamingo-nevada~fides_delim~Albertsons Hualapai &amp; Flamingo Nevada - Weekly Flyer~fides_delim~Albertsons Hualapai &amp; Flamingo Nevada Weekly Ad Flyer for <em>10140 W Flamingo Rd</em> Las Vegas, NV 89147. This store is very organized and clean nothing is out of ...~fides_delim~totalcount
10140 w flamingo rd~fides_delim~https://www.tiendeo.us/Stores/las-vegas-NV/bank-of-america-w-flamingo-rd/434798~fides_delim~Bank of America branch | 10114 W Flamingo Rd, Las Vegas NV~fides_delim~Browse the latest Bank of America catalogue in 10114 W Flamingo Rd, Las Vegas NV, "Bank of America Advantage ... <em>10140 W Flamingo Rd</em>. 89147 - Las Vegas NV.~fides_delim~totalcount
10140 w flamingo rd~fides_delim~https://www.hutchinsonsflowers.net/florist/Nevada/Las_Vegas/1~fides_delim~Same Day Flower Delivery in by your FTD florist~fides_delim~Albertsons Floral #6021, <em>10140 W Flamingo Rd</em> Las Vegas, NV, 89147 prime$ · Smith's Floral #315 Attn Floral Manager, 8525 W Warm Springs Rd~fides_delim~totalcount
10140 w flamingo rd~fides_delim~https://www.mcinerneysflowershop.com/florist/Nevada/Las_Vegas~fides_delim~Same Day Flower Delivery in by your FTD florist~fides_delim~Albertsons Floral #6021, <em>10140 W Flamingo Rd</em> Las Vegas, NV, 89147 prime$ · Smith's Floral #349 Attn Floral Manager, 10100 W Tropicana Ave~fides_delim~totalcount
10140 w flamingo rd~fides_delim~https://www.charleysflowers.com/florist/Nevada/Las_Vegas~fides_delim~Same Day Flower Delivery in by your FTD florist~fides_delim~Smith's #351 Attn Floral Manager, 6130 <em>W</em> Tropicana Ave Las Vegas, NV, 89103 prime$ ... Sympathy Lovely Flowers, 8665 <em>W Flamingo Rd</em> #119~fides_delim~totalcount
10140 w flamingo rd~fides_delim~https://postofficefinder.org/nv/clark/las-vegas/89147/poe-flamingo/~fides_delim~POE FLAMINGO, NV Post Office - Las Vegas~fides_delim~POE FLAMINGO Post Office. Address: <em>10140 W FLAMINGO RD</em> LAS VEGAS, NV 89147 - 8385. Phone #: 702-871-1175. Hours: Mon-Fri: 09:30 AM - 01:00 PM 02:00 PM ...~fides_delim~totalcount
10140 w flamingo rd~fides_delim~https://www.osc.ct.gov/empret/healthin/MDPN/updt10272015/Maintenance%20Drug%20Pharmacy%20Network%20-%2010.27.15%20NV.pdf~fides_delim~Maintenance Drug Pharmacy Network - Osc.ct.gov~fides_delim~461 W WILLIAMS AVE. FALLON. NV. 89406-2734 775-867-3700 ... 1990 W SUNSET RD. HENDERSON. NV. 89014-2398 702-454-0671 ... <em>10140 W FLAMINGO RD</em>. LAS VEGAS.~fides_delim~totalcount
10140 w flamingo rd~fides_delim~https://npiprofile.com/npi/1255774980~fides_delim~JOHN V TRAN PHARM D, NPI 1255774980 - Pharmacist ...~fides_delim~John Tran a provider in <em>10140 W Flamingo Rd</em> Las Vegas, Nv 89147. Taxonomy code 183500000X with license number 16957 (NV).~fides_delim~totalcount
10140 w flamingo rd~fides_delim~https://www.acmefloralshop.com/florist/Nevada/Las_Vegas~fides_delim~Same Day Flower Delivery in by your FTD florist~fides_delim~Albertsons Floral #3016, 10250 W Charleston Blvd ... Manan Flowers Boutique, 6680-10 W Flamingo Rd ... Albertsons Floral #6021, <em>10140 W Flamingo Rd</em>~fides_delim~totalcount
10140 w flamingo rd~fides_delim~https://npino.com/pharmacy/1609822253-sav-on-pharmacy-%233021/~fides_delim~Sav On Pharmacy #3021 in Las Vegas, Nevada~fides_delim~The current location address for Sav On Pharmacy #3021 is <em>10140 W Flamingo Rd</em>, , Las Vegas, Nevada and the contact number is 702-562-1832 ...~fides_delim~totalcount
10140 w flamingo rd~fides_delim~https://tax.nv.gov/uploadedFiles/taxnvgov/Content/Forms/Tobacco%20Retail%20Accounts%202-7-17.pdf~fides_delim~LICENSED TOBACCO RETAIL ACCOUNTS 2/7/2017~fides_delim~<em>10140 W FLAMINGO RD</em>. LAS VEGAS. NV 891478385. 1003297978 038 ALBERTSONS #6024. 2835 S NELLIS BLVD. LAS VEGAS. NV 891217505.~fides_delim~totalcount
10140 w flamingo rd~fides_delim~https://www.zillow.com/homedetails/10140-W-Reflections-Blvd-207-Sunrise-FL-33351/42994594_zpid/~fides_delim~10140 W Reflections Blvd #207, Sunrise, FL 33351~fides_delim~<em>10140 W</em> Reflections <em>Blvd</em> #207, Sunrise, FL 33351 is currently not for sale. The 1105 Square Feet condo home is a 2 beds, 2 baths property.~fides_delim~totalcount
10140 w flamingo rd~fides_delim~https://pharmacygps.com/drugstore/sav-on-pharmacy-3021-1609822253/~fides_delim~Sav On Pharmacy #3021 - Pharmacy in Las Vegas, NV~fides_delim~This pharmacy is owned and operated by Albertsons Llc. It is located at <em>10140 W Flamingo Rd</em>, Las Vegas and it's customer support contact number is 702-562-1832.~fides_delim~totalcount
10140 w flamingo rd~fides_delim~https://www.nvcovidfighter.org/covid-19-vaccine-locator~fides_delim~COVID-19 Vaccine Locato~fides_delim~Get Directions. HENDERSON PEDIATRICS. 1490 W SUNSET RD UNIT 150, HENDERSON, Nevada, 89014 ... <em>10140 W</em>. <em>Flamingo Road</em>, Las Vegas, NV, 89147. (702) 562-1832.~fides_delim~totalcount
10140 w flamingo rd~fides_delim~https://www.reviewjournal.com/business/instacart-expands-grocery-pickup-service-to-include-albertsons-2426334/~fides_delim~Instacart expands to Albertsons in Las Vegas~fides_delim~10250 W. Charleston Blvd., Las Vegas, NV 89135. — <em>10140 W</em>. <em>Flamingo Rd</em>., Las Vegas, NV 89147. Contact Subrina Hudson at ...~fides_delim~totalcount
10140 w flamingo rd~fides_delim~https://www.westflamingo.com/~fides_delim~West Flamingo Animal Hospital - Veterinarian and Pet Care ...~fides_delim~Animal Hospital &amp; Veterinarian- <em>West Flamingo</em> Animal Hospital offers veterinary medical facility by specialized veterinarian in Las Vegas.~fides_delim~totalcount
10140 w flamingo rd~fides_delim~https://www.hours.com/us/Safeway/Las-Vegas-Nevada/Flamingo-Rd/~fides_delim~Hours of Safeway Flamingo Rd in Summerlin South~fides_delim~Opening times Safeway <em>Flamingo Rd 10140</em> in Summerlin South. Also check out the late night shopping and Sunday shopping blocks for additional information.~fides_delim~totalcount
10140 w flamingo rd~fides_delim~https://www.wellrx.com/find-a-pharmacy-near-me/pharmacydetail/SAV-ON%20PHARMACY/2907232/False/~fides_delim~SAV ON PHARMACY 10140 W Flamingo Rd~fides_delim~SAV ON PHARMACY at <em>10140 W Flamingo Rd</em> | Pharmacy hours, directions, contact information, and save on prescription medication with WellRx.~fides_delim~totalcount
