10140 providence church lane~fides_delim~https://www.loopnet.com/property/10140-providence-church-ln-charlotte-nc-28277/37119-22538150/~fides_delim~10140 Providence Church Ln, Charlotte, NC 28277~fides_delim~View information about <em>10140 Providence Church Ln</em>, Charlotte, NC 28277. See if the property is available for sale or lease. View photos, public assessor ...~fides_delim~totalcount
10140 providence church lane~fides_delim~https://www.mapquest.com/us/north-carolina/providence-presbyterian-church-357163243~fides_delim~Providence Presbyterian Church - Charlotte~fides_delim~<em>10140 Providence Church Ln</em> Charlotte NC 28277. (704) 846-1079. Claim this business ... Providence Presbyterian is the oldest frame sanctuary in the country.~fides_delim~totalcount
10140 providence church lane~fides_delim~https://www.mapquest.com/us/nc/charlotte/28277/10140-providence-church-ln~fides_delim~10140 Providence Church Ln, Charlotte, NC~fides_delim~View detailed information and reviews for <em>10140 Providence Church Ln</em> in Charlotte, NC and get driving directions with road conditions and live traffic ...~fides_delim~totalcount
10140 providence church lane~fides_delim~https://ppc1767.org/~fides_delim~Providence Presbyterian Church in Charlotte, NC ...~fides_delim~From Bible study-based classes and Christian living electives for adults, to our ministries for youth and children, PPC offers a wide range of meaningful ...~fides_delim~totalcount
10140 providence church lane~fides_delim~https://ppc1767.org/contact/~fides_delim~Contact | Providence Presbyterian Church in Charlotte, NC~fides_delim~Do you have a question about Providence or need to let us know about a prayer concern? You may complete the contact form ... <em>10140 Providence Church Lane</em>~fides_delim~totalcount
10140 providence church lane~fides_delim~https://www.zillow.com/homedetails/10140-Providence-Church-Ln-Charlotte-NC-28277/54499449_zpid/~fides_delim~10140 Providence Church Ln, Charlotte, NC 28277~fides_delim~<em>10140 Providence Church Ln</em>, Charlotte, NC 28277 is currently not for sale. The -- sqft home type unknown home is a -- beds, -- baths property.~fides_delim~totalcount
10140 providence church lane~fides_delim~https://www.redfin.com/NC/Charlotte/10140-Providence-Church-Ln-28277/home/65049525~fides_delim~10140 Providence Church Ln, Charlotte, NC 28277~fides_delim~Property located at <em>10140 Providence Church Ln</em>, Charlotte, NC 28277. View sales history, tax history, home value estimates, and overhead ...~fides_delim~totalcount
10140 providence church lane~fides_delim~https://www.waze.com/live-map/directions/us/nc/charlotte/providence-presbyterian-church?to=place.ChIJWbQl_bEnVIgRj-5J0ZOwKBo~fides_delim~Driving directions to Providence Presbyterian Church ...~fides_delim~Realtime driving directions to Providence Presbyterian Church, <em>10140 Providence Church Ln</em>, Charlotte, based on live traffic updates and road conditions ...~fides_delim~totalcount
10140 providence church lane~fides_delim~https://aanorthcarolina.org/locations/providence-presbyterian-church/~fides_delim~Providence Presbyterian Church - North Carolina – AA~fides_delim~Get Directions. <em>10140 Providence Church Ln</em> Charlotte, NC 28277. Sunday. 5:30 ...~fides_delim~totalcount
10140 providence church lane~fides_delim~https://www.southprovidencecounseling.com/take-action~fides_delim~Appointments — Michelle McDevitt-Askew Counseling, PLLC~fides_delim~Contact Michelle. Office Location. South Providence Counseling located at Providence Presbyterian Church <em>10140 Providence Church Lane</em> Charlotte, NC 28277.~fides_delim~totalcount
10140 providence church lane~fides_delim~https://charlotteaa.org/locations/providence-presbyterian-church/~fides_delim~Providence Presbyterian Church~fides_delim~Get Directions · <em>10140 Providence Church Ln</em> Charlotte, NC 28277 · Sunday. 5:30 pm The Way Home Group. In-person and Online. Monday. 5:30 pm THE ...~fides_delim~totalcount
10140 providence church lane~fides_delim~https://www.yelp.com/biz/providence-presbyterian-church-charlotte~fides_delim~Providence Presbyterian Church - Charlotte, NC~fides_delim~Providence Presbyterian Church is located at <em>10140 Providence Church Ln</em>, Charlotte, NC. Is this your business? Respond to reviews and customer messages.~fides_delim~totalcount
10140 providence church lane~fides_delim~https://www.charlotteonthecheap.com/venue/providence-presbyterian-church/~fides_delim~Providence Presbyterian Church~fides_delim~Providence Presbyterian Church: Handel's Messiah. Sunday, December 04, 2022 | 4:00 pm | FREE ... <em>10140 Providence Church Lane</em> Charlotte, NC.~fides_delim~totalcount
10140 providence church lane~fides_delim~https://www.charlotteonthecheap.com/providence-presbyterian-church-music/~fides_delim~Providence Presbyterian Church Summer Concert Series~fides_delim~Providence Presbyterian Church, at <em>10140 Providence Church Lane</em>, Charlotte, is presenting a FREE summer concert series.~fides_delim~totalcount
10140 providence church lane~fides_delim~https://m.facebook.com/ppc1767/events/~fides_delim~Providence Presbyterian Church - Events~fides_delim~Providence Presbyterian, one of Mecklenburg's oldest churches continues... ... 4:00 PM EDT. <em>10140 Providence Church Lane</em>,Charlotte,28277,US ...~fides_delim~totalcount
10140 providence church lane~fides_delim~https://www.facebook.com/ppc1767/~fides_delim~Providence Presbyterian Church - Home~fides_delim~<em>10140 Providence Church Ln</em>, Charlotte, NC 28277. Get Directions. 693 people checked in here. http://ppc1767.org/. (704) 846-1079. Presbyterian Church.~fides_delim~totalcount
10140 providence church lane~fides_delim~https://www.carolinatix.org/venues/detail/providence-presbyterian-church~fides_delim~Providence Presbyterian Church~fides_delim~Location: <em>10140 Providence Church Ln</em> Charlotte, NC 28277; Map Link: Providence Presbyterian Church · Home · Events · Venues · Special Offers · About Us ...~fides_delim~totalcount
10140 providence church lane~fides_delim~https://clclt.com/charlotte/providence-presbyterian-church/Location?oid=2939904~fides_delim~Providence Presbyterian Church | Ballantyne~fides_delim~Providence Presbyterian Church. <em>10140 Providence Church Lane</em> ... Sun., June 26, 4-5 p.m. 2022. See all past events at Providence Presbyterian Church ».~fides_delim~totalcount
10140 providence church lane~fides_delim~https://www.businessyab.com/explore/united_states/north_carolina/mecklenburg_county/charlotte/piper_glen_estates/providence_church_lane/10140/providence-presbyterian-church-704-846-1079.html~fides_delim~Providence Presbyterian Church - Charlotte~fides_delim~Providence Presbyterian Church at <em>10140 Providence Church Ln</em>, Charlotte, NC 28277 - ⏰hours, ✓address, map, ➦directions, ☎️phone number, ...~fides_delim~totalcount
10140 providence church lane~fides_delim~https://www.pdffiller.com/350949537-ScholarshipApp2016-17pdf-10140-Providence-Church-Lane-Charlotte-NC-28277-7048461079-www-ppc1767-~fides_delim~10140 Providence Church Lane Charlotte, NC 28277 ...~fides_delim~<em>10140 Providence Church Lane</em> Charlotte, NC 28277 7048461079 www.ppc1767.org 20162017 Grant and Loan Application Form Charles T. Smith Scholarship Loan David ...~fides_delim~totalcount
10140 providence church lane~fides_delim~https://charlottecultureguide.com/organization/675/providence-presbyterian-church~fides_delim~Providence Presbyterian Church | Charlotte Culture Guide~fides_delim~Providence Presbyterian Church. Celebrating, Learning and Serving Christ since 1767 ... <em>10140 Providence Church Lane</em> Charlotte, NC 28277 704 846-1079 phone~fides_delim~totalcount
10140 providence church lane~fides_delim~https://www.tripadvisor.com/LocationPhotoDirectLink-g49022-d19893579-i446617364-Providence_Presbyterian_Church_Cemetery-Charlotte_North_Carolina.html~fides_delim~So many old graves - Picture of Providence Presbyterian ...~fides_delim~Providence Presbyterian Church Cemetery, Charlotte Picture: So many old graves - Check out ... <em>10140 Providence Church Ln</em>, Charlotte, NC 28277-9722.~fides_delim~totalcount
10140 providence church lane~fides_delim~https://www.cmstory.org/exhibits/cemeteries-mecklenburg-county-cemeteries/providence-presbyterian-church?page=4~fides_delim~Providence Presbyterian Church~fides_delim~~fides_delim~totalcount
10140 providence church lane~fides_delim~https://www.ballantynemagazine.com/events/week/2022-07-02~fides_delim~Events for week of June 27, 2022~fides_delim~Providence Presbyterian Church <em>10140 Providence Church Lane</em>, Charlotte. Ongoing. June 26, 2022 @ 4:00 pm - August 7, 2022 @ 5:00 pm ...~fides_delim~totalcount
10140 providence church lane~fides_delim~https://www.ballantynemagazine.com/events/week/2022-07-25/~fides_delim~Events for week of July 25, 2022~fides_delim~Providence Presbyterian Church <em>10140 Providence Church Lane</em>, Charlotte. Ongoing. June 26, 2022 @ 4:00 pm - August 7, 2022 @ 5:00 pm ...~fides_delim~totalcount
10140 providence church lane~fides_delim~https://en.wikipedia.org/wiki/Providence_Presbyterian_Church_and_Cemetery~fides_delim~Providence Presbyterian Church and Cemetery~fides_delim~<em>Providence</em> Presbyterian <em>Church</em> and Cemetery is a historic Presbyterian <em>church</em> and cemetery located at <em>10140 Providence</em> ... Location, <em>10140 Providence</em> w <em>Lane</em>., Charlotte, North Carolina.~fides_delim~totalcount
10140 providence church lane~fides_delim~http://preschoolppps.blogspot.com/p/contact.html~fides_delim~Providence Presbyterian Preschool: Contact~fides_delim~Providence Presbyterian Preschool <em>10140 Providence Church Lane</em> Charlotte, NC 28277. Tel: 704-844-9206 email: preschool.ppps@gmail.com~fides_delim~totalcount
10140 providence church lane~fides_delim~https://www.na.org/meetingsearch/text-results.php?country=USA&state=North%20Carolina&city=Mineral%20Springs&zip=&street=&within=20&day=0&lang=&orderby=distance~fides_delim~Narcotics Anonymous Meeting Search Results~fides_delim~Providence Presbyterian Church <em>10140 Providence Church Lane</em> Charlotte, NC 28277. Fellowship Hall, Thursday Map, 7:00 pm (19:00)~fides_delim~totalcount
10140 providence church lane~fides_delim~https://www.care.com/b/l/providence-presbyterian-church/charlotte-nc~fides_delim~PROVIDENCE PRESBYTERIAN CHURCH~fides_delim~<em>PROVIDENCE</em> PRESBYTERIAN <em>CHURCH</em> in Charlotte, NC provides classes for kids from 2 to 4 years ... <em>10140 Providence</em> Rd W ... Dogwood <em>Lane</em> Children's Academy.~fides_delim~totalcount
10140 providence church lane~fides_delim~https://www.qcnews.com/calendar/?_escaped_fragment_=/show/?start=2020-06-01#!/details/Season-of-Joy-Free-Holiday-Concerts-by-The-Charlotte-Singers/11219380/2022-12-11T19~fides_delim~Season of Joy! Free Holiday Concerts by The Charlotte ...~fides_delim~Providence Presbyterian Church Christian Life Center. <em>10140 Providence Church Lane</em>. Charlotte, NC. Directions. Price. Free. Description.~fides_delim~totalcount
10140 providence church lane~fides_delim~https://nextdoor.com/events/nc/charlotte/providence-presbyterian-attic-sale-4240898~fides_delim~Mar 26 · Providence Presbyterian Attic Sale~fides_delim~Providence Presbyterian's attic sale is back! All proceeds go to supporting Providence's youth group. ... <em>10140 Providence Church Ln</em>.~fides_delim~totalcount
10140 providence church lane~fides_delim~http://charlotte.proskillsbasketball.com/location/54876~fides_delim~Location details for Providence Presbyterian Church~fides_delim~Location details for Providence Presbyterian Church : PSB Charlotte. ... <em>10140 Providence Church Ln</em>, Charlotte, NC, 28277. Get Directions ...~fides_delim~totalcount
10140 providence church lane~fides_delim~https://cub-scouts-pack-164.square.site/~fides_delim~Charlotte Pack 164: Home~fides_delim~The pack holds its meetings at the Providence Presbyterian Church located at <em>10140 Providence Church Lane</em>, Charlotte, NC 28277 ...~fides_delim~totalcount
10140 providence church lane~fides_delim~https://www.dnb.com/business-directory/company-profiles.providence_presbyterian_church.29ef9993bdf6b199bd709ad0795cf14f.html~fides_delim~Providence Presbyterian Church Company Profile~fides_delim~Looking for a credit report on Providence Presbyterian Church? ... Address: <em>10140 Providence Church Ln</em> Charlotte, NC, 28277-9722 United States.~fides_delim~totalcount
10140 providence church lane~fides_delim~https://www.presbyofcharlotte.org/wp-content/uploads/2020/11/ProvidenceMusicDirectorJobDescription.pdf~fides_delim~Director of Music Employer: Providence Presbyterian ...~fides_delim~<em>10140 Providence Church Ln</em>. Charlotte, NC 28277. Job Description: See attached document. Type: Part-time salaried employee with paid time off. Compensation:.~fides_delim~totalcount
10140 providence church lane~fides_delim~http://ww.charmeck.org/planning/rezoning/2017/191-206/2017-202%20Community%20Report.pdf~fides_delim~2017-202 Community Report.pdf~fides_delim~<em>PROVIDENCE</em> PRESBYTERIAN <em>CHURCH</em>. <em>10140 PROVIDENCE</em> RD. CHARLOTTE, NC 28277. 2017-202 ... 10928 Alderbrook <em>Lane</em>. Charlotte, NC 28270. 2017-202.~fides_delim~totalcount
10140 providence church lane~fides_delim~https://www.wfae.org/community-calendar/event/jazz-night-concert-10-06-2022-09-58-56~fides_delim~Jazz Night Concert - Charlotte~fides_delim~Providence Presbyterian Church. 7048461079. rob@ppc1767.org. Providence Presbyterian Church. <em>10140 Providence Church Lane</em>. Charlotte, North Carolina 28277.~fides_delim~totalcount
10140 providence church lane~fides_delim~https://www.yellowpages.com/charlotte-nc/providence-presbyterian-church~fides_delim~Providence Presbyterian Church in Charlotte, NC~fides_delim~Find 6 listings related to Providence Presbyterian Church in Charlotte on YP.com. ... (704) 846-1079. <em>10140 Providence Church Lane</em>. Charlotte, NC 28277.~fides_delim~totalcount
10140 providence church lane~fides_delim~https://tockify.com/wbtv.calendar/detail/646/1656273600000~fides_delim~Broadway Concert~fides_delim~Providence Presbyterian Church, <em>10140 Providence Church Lane</em>, Charlotte, NC 28277, USA map. Broadway music for all ages.~fides_delim~totalcount
10140 providence church lane~fides_delim~https://us.trip.com/travel-guide/attraction/charlotte/providence-presbyterian-church-129756892/~fides_delim~Providence Presbyterian Church attraction reviews~fides_delim~Open Open on Sun,9:00am-12:00pm;Open on Mon-Fri,10:00am-3:00pm. Address: <em>10140 Providence Church Ln</em>, Charlotte, NC 28277, USAMap. Providence Presbyterian ...~fides_delim~totalcount
10140 providence church lane~fides_delim~https://www.charlotteparent.com/listings/charlotte-schools/providence-presbyterian-preschool/~fides_delim~Providence Presbyterian Preschool - Charlotte Parent~fides_delim~Providence Presbyterian Preschool. <em>10140 Providence Church Lane</em>, Charlotte, NC 28277. http://www.preschoolppps.blogspot.com.~fides_delim~totalcount
10140 providence church lane~fides_delim~https://reaclanbook.wordpress.com/category/reunion/~fides_delim~reunion | The Reas of Mecklenburg County, NC~fides_delim~Place: Providence Presbyterian Church, <em>10140 Providence Church Lane</em>, Charlotte, NC 28227. Bring all your family members and join your ...~fides_delim~totalcount
10140 providence church lane~fides_delim~https://www.allbiz.com/business/providence-presbyterian-church_96U-704-846-1079~fides_delim~Providence Presbyterian Church | (704) 846-1079~fides_delim~Walt McCanless is the primary contact at Providence Presbyterian Church. ... <em>10140 Providence Church Ln</em>, Charlotte, NC 28277, United States~fides_delim~totalcount
10140 providence church lane~fides_delim~https://www.buzzfile.com/business/Providence-Presby-Preschool-704-846-1079~fides_delim~Providence Presbyterian Church in Charlotte, NC~fides_delim~Providence Presbyterian Church is located at <em>10140 Providence Church Ln</em>, Charlotte, NC 28277. This location is in Mecklenburg County and the Charlotte-Concord- ...~fides_delim~totalcount
10140 providence church lane~fides_delim~https://www.tributearchive.com/obituaries/26861655/mark-alexander~fides_delim~Mark Alexander Obituary~fides_delim~Memorials may be made to Providence Presbyterian Church. ... 2012 at 4:00pm at Providence Presbyterian Church, <em>10140 Providence Church Lane</em>, ...~fides_delim~totalcount
10140 providence church lane~fides_delim~https://www.federalpay.org/paycheck-protection-program/providence-presbyterian-church-charlotte-nc~fides_delim~Providence Presbyterian Church in Charlotte, NC~fides_delim~Providence Presbyterian Church is a non-profit organization located at <em>10140 Providence Church Ln</em> in Charlotte, North Carolina that received a ...~fides_delim~totalcount
10140 providence church lane~fides_delim~https://www.eventbrite.com/e/crowns-a-gospel-musical-tickets-495077599427~fides_delim~Crowns - A Gospel Musical Tickets, Multiple Dates~fides_delim~Eventbrite - C N Jenkins Memorial Presbyterian Church presents Crowns - A Gospel ... Providence Presbyterian Church <em>10140 Providence Church Lane</em> Charlotte, ...~fides_delim~totalcount
10140 providence church lane~fides_delim~https://hireayouthpastor.com/churches/2617/jobs/3376~fides_delim~Job at Providence Presbyterian Church~fides_delim~Directory of Youth Ministry (non-ordained). Job Description. Position Description: <em>Providence</em> Presbyterian <em>Church</em> has had an ongoing and active ministry to ...~fides_delim~totalcount
10140 providence church lane~fides_delim~https://prod.wp.cdn.aws.wfu.edu/sites/223/2022/04/PPC-Childrens-Ministry-Coordinator-Job-Description.pdf~fides_delim~Children's Ministry Coordinator (part-time, non-ordained)~fides_delim~Providence Presbyterian Church loves its children, and its congregation enjoys ... <em>10140 Providence Church Lane</em>. Charlotte, NC 28277 tricia@ppc1767.org.~fides_delim~totalcount
10140 providence church lane~fides_delim~https://vibrantpresbytery.org/misc/2018/Parkland-Encouragements.pdf~fides_delim~Parkland-Encouragements.pdf~fides_delim~Collegiate Presbyterian Church. 159 Sheldon Avenue. Ames, IA 50014 ... Druid Hills Presbyterian Church ... <em>10140 Providence Church Lane</em>.~fides_delim~totalcount
10140 providence church lane~fides_delim~http://borderlinena.org/?current-meeting-list=1~fides_delim~MEETING FORMAT LEGEND SERVICE ...~fides_delim~Providence Presbyterian church. <em>10140 Providence Church Lane</em>, Charlotte,. NC. 7:00 PM. Happy Joyous and Free (O,D). Serenity Club of York County.~fides_delim~totalcount
10140 providence church lane~fides_delim~https://findrecovery.com/aa_meeting/the-way-home-group-charlotte/~fides_delim~AA Meeting: THE WAY HOME GROUP – Charlotte~fides_delim~<em>10140 Providence Church Ln</em> Charlotte, NC Tuesday at 5:30 PM Discussion, Newcomer, Online Meeting, Open, Step Meeting, Wheelchair Access~fides_delim~totalcount
10140 providence church lane~fides_delim~https://www.impactybl.org/Default.aspx?tabid=786408&mid=863201&templateid=-1&ctl=viewallfieldstatus~fides_delim~Home of IMPACT Youth Basketball~fides_delim~Myers Park Presbyterian Church; Cornwell Center; Providence United Methodist ... <em>10140 Providence Church Lane</em> Charlotte North Carolina United States 28277.~fides_delim~totalcount
10140 providence church lane~fides_delim~https://www.goupstate.com/story/news/2008/11/23/leigh-anne-thomas/29477132007/~fides_delim~Leigh Anne Thomas~fides_delim~A memorial service will be 3:00 p.m. on Monday, November 24, 2008 at Providence Presbyterian Church, <em>10140 Providence Church Lane</em>, Charlotte, ...~fides_delim~totalcount
10140 providence church lane~fides_delim~https://www.psychologytoday.com/us/therapists/michelle-mcdevitt-askew-charlotte-nc/184344~fides_delim~Michelle McDevitt-Askew, Marriage & Family Therapist ...~fides_delim~South Providence Counseling <em>10140 Providence Church Lane</em> ... My therapeutic experience in medical and church settings informs my approach to ...~fides_delim~totalcount
10140 providence church lane~fides_delim~https://www.dignitymemorial.com/obituaries/charlotte-nc/john-patterson-5914612~fides_delim~John Patterson Obituary - ,~fides_delim~... family's church, Providence Presbyterian, <em>10140 Providence Church Lane</em>, Charlotte, ... Interment will be in the church cemetery prior to the service.~fides_delim~totalcount
10140 providence church lane~fides_delim~https://www.greatschools.org/north-carolina/charlotte/schools/?page=3&st%5B%5D=private~fides_delim~Charlotte Private Schools, 51-75 - Charlotte, NC~fides_delim~Providence Presbyterian Pre-School. <em>10140 Providence Church Lane</em>, Charlotte, NC, 28277. Private, PK. Homes for sale. Currently unrated.~fides_delim~totalcount
10140 providence church lane~fides_delim~https://homemetry.com/house/10032+PROVIDENCE+CHURCH+LN,+Charlotte+NC~fides_delim~10032 Providence Church Ln, Charlotte, NC 28277-9723~fides_delim~19 baths; Lot: 22.36 acres; Built in 2002. Providence Spring Elementary, Diane Adams. <em>10140 Providence Church Ln</em>, Charlotte, NC 28277-9722. Lot/Land.~fides_delim~totalcount
10140 providence church lane~fides_delim~https://www.heritagecares.com/obituaries/Helen-Good/Obituary~fides_delim~Obituary for Helen Mae Good - Heritage Funeral Home~fides_delim~Memorial services will be held at 2:00 pm, Tuesday April 30th at the Providence Presbyterian Church, <em>10140 Providence Church Lane</em>, Charlotte, NC 28277.~fides_delim~totalcount
10140 providence church lane~fides_delim~https://alcoholicsanonymous.com/aa-meeting/womens-serenity-charlotte/~fides_delim~Womens Serenity Charlotte | AlcoholicsAnonymous.com~fides_delim~Find more AA meetings in Charlotte, NC review all availabilities and filter by day, times and types. The Way Home Group Charlotte. <em>10140 Providence Church Lane</em> ...~fides_delim~totalcount
10140 providence church lane~fides_delim~https://mcdevittaskew.squarespace.com/s/2018-PDS-South-Providence-Counseling.pdf~fides_delim~MA, LMFT, LPC 10140 Providence Church Lane~fides_delim~South Providence Counseling. MA, LMFT, LPC. <em>10140 Providence Church Lane</em>. Licensed Marriage and Family Therapist. Charlotte, North Carolina 28277.~fides_delim~totalcount
10140 providence church lane~fides_delim~https://rollinhornets.org/practice-and-games/~fides_delim~Practice and Games – Charlotte Rollin&#39; Hornets~fides_delim~Location. Providence Presbyterian Church. <em>10140 Providence Church Ln</em>, Charlotte, NC 28277. Tournament Schedule. October 8-9: Clemson Classic (Near Clemson ...~fides_delim~totalcount
10140 providence church lane~fides_delim~https://vymaps.com/US/Providence-Presbyterian-Church-1686797/~fides_delim~Providence Presbyterian Church, North Carolina (+1 704- ...~fides_delim~<em>10140 Providence Church Ln</em>, Charlotte, NC 28277, USA | Church, Place Of Worship.~fides_delim~totalcount
10140 providence church lane~fides_delim~https://www.legacy.com/obituaries/legacy/obituary.aspx?n=jane-ellen-roberts&pid=183131420&fhid=5889~fides_delim~Jane Roberts Obituary (1986 - 2016) - Charlotte, NC~fides_delim~Funeral services are scheduled for 11:00 a.m. Wednesday, December 21st at Providence Presbyterian Church, <em>10140 Providence Church Lane</em>, Charlotte, NC 28277, ...~fides_delim~totalcount
10140 providence church lane~fides_delim~https://charlotte.axios.com/31730/hold-10-places-to-say-happy-birthday-to-jesus/~fides_delim~10 places to say Happy Birthday to Jesus, whether you have a ...~fides_delim~Providence Presbyterian Church. <em>10140 Providence Church Ln</em>. Services at 4:30 p.m., 6 p.m., 7 p.m., and 9:30 p.m. ...~fides_delim~totalcount
10140 providence church lane~fides_delim~https://schola.com/schools/north-carolina/charlotte/public-district/providence-spring-elementary_91929?new=1~fides_delim~Providence Spring Elementary~fides_delim~<em>Providence</em> Spring Elementary is a district school in Charlotte that serves grades K through 5. ... No Reviews. 10045 <em>Providence Church Ln</em> Charlotte NC 28277.~fides_delim~totalcount
10140 providence church lane~fides_delim~https://www.mooregraceministries.com/our-events/changing-our-lens-workshops~fides_delim~Changing Our Lens Workshops~fides_delim~Dr. Julia Robinson Moore and the Rev. Ricky Moore at Providence Presbyterian Church. ... <em>10140 Providence Church Lane</em>, Charlotte, NC 28277.~fides_delim~totalcount
10140 providence church lane~fides_delim~https://labyrinthlocator.com/locate-a-labyrinth?city=Charlotte+&state=NC&radius=50&simple_results=no&action=locate&offset=0~fides_delim~World-Wide Labyrinth Locator - Locate a Labyrinth~fides_delim~<em>10140 Providence Church Ln</em>. Charlotte, North Carolina 28277. United States. view map; Directions/notes: near the sanctuary; Contact: Carter Herman~fides_delim~totalcount
10140 providence church lane~fides_delim~https://vintageaerial.com/photos/north-carolina/mecklenburg/search?q=church&type=text~fides_delim~Search results for: church~fides_delim~Pineville United Methodist Church. 45-UME-31. 1982. 35. Church <em>10140 Providence Church Ln</em>, Charlotte, NC 28277 That may be Providence Rd running ...~fides_delim~totalcount
10140 providence church lane~fides_delim~https://charlottenc.gov/Transportation/Programs/Documents/Providence-Church-Lane.pdf~fides_delim~Providence Church Ln - Untitled~fides_delim~10000-100. 10524 10520. 10500-10533105 12. 10525010521. 10529. 10032. 10023. -10036-1015. <em>Providence Church Ln</em>. 1513645 ley. Park Ct. 5137. <em>10140</em>. 5127.~fides_delim~totalcount
10140 providence church lane~fides_delim~https://www.nwba.org/game/show/33487252?subseason=763296&referrer=6634217~fides_delim~Southeastern Rolling Rebels at Charlotte Rollin' Hornets - DII~fides_delim~Game Details · Game ID: 162775142468 · Venue: <em>10140 Providence Church Ln</em>, Charlotte, NC 28277, USA.~fides_delim~totalcount
10140 providence church lane~fides_delim~https://obits.al.com/us/obituaries/birmingham/name/james-brock-obituary?id=14164025~fides_delim~James Brock Obituary (2005)~fides_delim~A Memorial Service will be held at 2 o'clock Saturday, June 11, 2005, at Providence Presbyterian Church, <em>10140 Providence Church Lane</em>, ...~fides_delim~totalcount
10140 providence church lane~fides_delim~https://hankinsandwhittington.com/tribute/details/55331/Mark-Alexander/obituary.html~fides_delim~Obituary of Mark Alexander~fides_delim~Services will be held Sunday, June 24, 2012 at 4:00pm at Providence Presbyterian Church, <em>10140 Providence Church Lane</em>, Charlotte, NC 28277.~fides_delim~totalcount
10140 providence church lane~fides_delim~https://www.coordinatesfinder.com/coordinates/71545-providence-presbyterian-cemetery-charlotte-nc~fides_delim~GPS coordinates for Providence Presbyterian cemetery, ...~fides_delim~Latitude and longitude GPS coordinates for Providence Presbyterian cemetery, charlotte, ... Address: <em>10140 Providence Church Ln</em>, Charlotte, NC 28277, USA ...~fides_delim~totalcount
10140 providence church lane~fides_delim~https://www.scoopcharlotte.com/2018/12/19/midnight-mass-charlotte-other-holiday-services-by-neighborhood/~fides_delim~Midnight Mass in Charlotte and Other Holiday Services by ...~fides_delim~<em>10140 Providence Church Lane</em>. Christmas Eve: 4:30 p.m., 6 p.m., 7:30 p.m., 9:30 p.m.. St. Matthew Catholic Church~fides_delim~totalcount
10140 providence church lane~fides_delim~https://thegolfshopshow.com/wp-content/uploads/2020/09/2020-Lipka-Brochure.pdf~fides_delim~2020 Tim Lipka Memorial Golf Classic~fides_delim~<em>10140 Providence Church Lane</em>, Charlotte, NC 28277 by Monday, October 26th with a label including your name and the Tim Lipka Memorial Classic.~fides_delim~totalcount
10140 providence church lane~fides_delim~https://www.mccscouting.org/files/43551/open-house-schedule~fides_delim~It's easy to join.~fides_delim~Providence United Methodist Church ... Quail Hollow Presbyterian Church ... Thursday, September 1 7:00 pm <em>10140 Providence Church Ln</em> ...~fides_delim~totalcount
10140 providence church lane~fides_delim~https://npiprofile.com/npi/1306072186~fides_delim~About PROVIDENCE COUNSELING & TRAINING, INC.~fides_delim~Providence Counseling &amp; Training, Inc. a provider in <em>10140 Providence Church Ln</em> Charlotte, Nc 28277. Taxonomy code 101YP2500X with license number 6757 (NC).~fides_delim~totalcount
10140 providence church lane~fides_delim~https://stayhappening.com/e/crowns-a-gospel-musical-E3LUXOJK2VK2~fides_delim~Crowns - A Gospel Musical, Providence Presbyterian ...~fides_delim~Crowns - A Gospel Musical at Providence Presbyterian Church, <em>10140 Providence Church Lane</em>, Charlotte, United States on Sat Feb 11 2023 at 07:00 pm to Sun ...~fides_delim~totalcount
10140 providence church lane~fides_delim~https://www.throbertson.com/obituaries/Merrie-Jane-Pierce?obId=23843364~fides_delim~Merrie Jane Pierce Obituary - Visitation & Funeral Information~fides_delim~Memorial Service. Tuesday, February 01, 2022. 2:00PM. Providence Presbyterian Church <em>10140 Providence Church Lane</em> Charlotte, NC 28277. Get directions.~fides_delim~totalcount
10140 providence church lane~fides_delim~https://www.atharugs.com/chapters/region-5/hornets-nest-rug-hookers-north-carolina~fides_delim~Hornets' Nest Rug Hookers - North Carolina~fides_delim~<em>10140 Providence Church Ln</em>. Charlotte, NC 28277. United States. Meeting Information: Second Monday 10 am-2 pm Providence Presbyterian Church ...~fides_delim~totalcount
10140 providence church lane~fides_delim~https://www.findagrave.com/cemetery/1963077/providence-presbyterian-church-cemetery~fides_delim~Providence Presbyterian Church Cemetery~fides_delim~Search the <em>Providence</em> Presbyterian <em>Church</em> Cemetery cemetery located in North Carolina, United States of ... Get directions <em>10140 Providence Church</em> Road~fides_delim~totalcount
10140 providence church lane~fides_delim~https://www.charlotteobserver.com/news/local/article9246242.html~fides_delim~Christmas Eve services at Charlotte churches~fides_delim~<em>10140 Providence Church Lane</em>. www.ppc1767.org. Providence United Methodist. Candlelight family service: 3 p.m. Dec. 24.~fides_delim~totalcount
10140 providence church lane~fides_delim~https://opencorporates.com/companies/us_nc/1114921~fides_delim~Melissa Beck, PhD, PLLC :: North Carolina (US)~fides_delim~Free and open company data on North Carolina (US) company Melissa Beck, PhD, PLLC (company number 1114921), <em>10140 Providence Church Lane</em>, Charlotte, NC, ...~fides_delim~totalcount
10140 providence church lane~fides_delim~https://causes.benevity.org/causes/search/United%20States?page=32&city=%2522Charlotte%2522&tag=%2522religion%2522~fides_delim~Cause Search | Benevity Causes~fides_delim~KINGDOM BUILDERS CHURCH INTERNATIONAL ... CHAPPELL MEMORIAL BAPTIST CHURCH ... <em>10140 Providence Church Lane</em>, Charlotte, North Carolina, 28277, United States.~fides_delim~totalcount
10140 providence church lane~fides_delim~https://doctor.webmd.com/practice/melissa-queen-hargett-beck-phd-0f30233f-a8e8-47b8-835d-00898d558a57~fides_delim~Melissa Queen Hargett Beck Phd in Charlotte, NC~fides_delim~Melissa Queen Hargett Beck Phd Office Locations. Showing 1-1 of 1 Location. PRIMARY LOCATION. Melissa Queen Hargett Beck Phd. <em>10140 Providence Church Ln</em>.~fides_delim~totalcount
10140 providence church lane~fides_delim~https://www.gordonfuneralservice.com/obituaries/Richard-Alexander-Hudson-III?obId=20015654~fides_delim~Richard Alexander Hudson, III Obituary~fides_delim~Wednesday, February 24, 2021. 2:00PM. Providence Presbyterian Church Cemetery <em>10140 Providence Church Lane</em> Charlotte , NC 28277.~fides_delim~totalcount
10140 providence church lane~fides_delim~http://charlottesmartypants.com/2017/08/from-the-smarty-education-corner-5-tips-for-preparing-your-little-one-for-preschool/~fides_delim~5 Tips for Preparing your Little One for Preschool~fides_delim~Providence Presbyterian Preschool. <em>10140 Providence Church Lane</em> Charlotte, NC 28277. Tel: 704-844-9206 email: preschool.ppps@gmail.com~fides_delim~totalcount
10140 providence church lane~fides_delim~https://files.nc.gov/ncdcr/nr/MK0026.pdf~fides_delim~N/A N/A N/A~fides_delim~<em>Providence</em> Presbyterian <em>Church</em> and Cemetery ... <em>10140 Providence</em> Road ... Matthews, <em>Providence Church</em>, 81-94; Rumple, Presbyterians <em>ln</em> North ...~fides_delim~totalcount
10140 providence church lane~fides_delim~https://enquirerjournal.com/enquirer_journal/joe-hudson-weddington/article_d0a4a1d0-ddef-5f70-8811-9bf8f455fbf0.html~fides_delim~Joe Hudson | Weddington~fides_delim~26, at Providence Presbyterian Church, <em>10140 Providence Church Lane</em>, Charlotte, NC 28277, with visitation to follow in the Family Life ...~fides_delim~totalcount
10140 providence church lane~fides_delim~http://landmarkscommission.org/wp-content/uploads/2018/06/Providence-Presby-Church-SR.pdf~fides_delim~Providence Presbyterian Church~fides_delim~<em>Providence</em> Presbyterian <em>Church</em>. <em>10140 Providence</em> Rd. Matthews, NC 28105. Telephone: (704) 847-9585. 3. Representative photographs of the ...~fides_delim~totalcount
