10hi sa80 abc~fides_delim~https://www.airgas.com/product/Safety-Products/Fire-Equipment/Fire-Extinguishers/p/BB211340~fides_delim~Buckeye Fire Equipment Model 10HI SA80 ABC 10 lb ...~fides_delim~Buckeye's 10 LB Monoammonium Phosphate based fire extinguisher is designed for use in combating Class A, B, and C type fires.~fides_delim~totalcount
10hi sa80 abc~fides_delim~http://kmrentaleq.com/Fire-Extinguisher-Buckeye-EQ-10-HI-SA80-ABC.html~fides_delim~Fire Extinguisher | Buckeye EQ | 10 HI SA80 ABC - K&amp;M Rentals~fides_delim~Fire Extinguisher | Buckeye EQ | <em>10 HI SA80 ABC</em>. View detailed images (1) ... Extinguisher | Buckeye EQ | <em>10 HI SA80 ABC</em>. Buckeye 10lb ABC Fire Extinguisher.~fides_delim~totalcount
10hi sa80 abc~fides_delim~https://www.webstaurantstore.com/buckeye-10-lb-abc-fire-extinguisher-rechargeable-tagged-ul-rating-4a-80b-c/47210ABC.html~fides_delim~Buckeye 10 lb. ABC Fire Extinguisher (Rechargeable, Tagged)~fides_delim~Intended for use at temperatures -65 to 120 degrees Fahrenheit, this fire extinguisher is perfect for a variety of uses from restaurants and banquet halls ...~fides_delim~totalcount
10hi sa80 abc~fides_delim~http://buckeyefire.com/wp-content/uploads/2019/01/Buckeye-Catalog-Rev-E-Low-Res-Revised.pdf~fides_delim~Hand Held Fire Extinguishers - Buckeye Fire Equipment~fides_delim~<em>ABC</em> Dry Chemical is a multipurpose extinguishing agent that is suitable for use on Class A, Class B and Class C fires. Typical Uses: For public areas such as.~fides_delim~totalcount
10hi sa80 abc~fides_delim~https://abfire.com/wp-content/uploads/2018/06/abc-and-bc-extinguishers-2017.pdf~fides_delim~ABC and BC Extinguishers - AB Fire Equipment~fides_delim~BUCKEYE. -65° to 120°F (-54° to 49°C). INSTRUCTIONS. <em>10HI SA80 ABC</em>. 10HI SB80 ABC*. OPELL. 10 lb. ABC. Wall Mount. 4-A:80-B:C. 11340 (11390). 11341 (11349).~fides_delim~totalcount
10hi sa80 abc~fides_delim~https://buckeyef.com/support/safety-data-sheets/dry-chemical-agents/~fides_delim~Dry Chemical Agents - Safety Data Sheets~fides_delim~To view safety data sheets regarding Buckeye Fire's line of dry chemical fire extingishers, please view the documents we have provided.~fides_delim~totalcount
10hi sa80 abc~fides_delim~http://buckeyef.com/products/industrial-dry-chemical-systems/dry-chemical-extinguishers/product-data-sheets/~fides_delim~Product Data Sheets - Buckeye Fire Equipment~fides_delim~10 LB <em>ABC</em> 11340 &amp; 1134110 Short <em>ABC</em> 11310 · 20 LB <em>ABC</em> 12120 &amp; 12121 · 20 lb PK 12620 &amp;12621 · 30 LB <em>ABC</em> 12905 · 2.5 LB STD 13415 · 5 lb PK 11214 &amp; 25914.~fides_delim~totalcount
10hi sa80 abc~fides_delim~http://www.activarcpg.com/jl-industries/product/cosmic-extinguishers-multi-purpose-chemical~fides_delim~Cosmic Extinguishers - Multi Purpose ABC Dry Chemical~fides_delim~These units contain specially fluidized and siliconized mono ammonium phosphate powder, which smothers and breaks the chain reaction on Class B fires, ...~fides_delim~totalcount
10hi sa80 abc~fides_delim~https://www.iaprisonind.com/fire-extinguishers-2776.aspx~fides_delim~Fire Extinguishers - Iowa Prison Industries~fides_delim~Model <em>10 HI SA80 ABC</em> Fire Extinguishers. Empty. Qty 16. Priced Each. #193330319 - Fire Extinguishers.~fides_delim~totalcount
10hi sa80 abc~fides_delim~https://s3.amazonaws.com/s3-absupply-net/pdf/buckeye-fire-extinguisher-parts-parts-list.pdf~fides_delim~11 BUCKEYE – FIRE EXTINGUISHER PARTS - Amazon S3~fides_delim~DRY CHEMICAL. 5HI-SA40-ABC, 5HI-SB40-ABC, 5HI-SA-PK, 5.5HI-SA40-STD, <em>10HI</em>-<em>SA80-ABC</em>,. 10HI-SB80-ABC, 10S HI-SA-ABC, 10S HI-SA-STD, 10S HI-SA-PK, ...~fides_delim~totalcount
10hi sa80 abc~fides_delim~https://absupply.net/fire-safety-fire-extinguishers-parts-parts-accessories-buckeye-parts-dry-chemical.aspx~fides_delim~Dry Chemical - Buckeye Parts - Fire Extinguisher ...~fides_delim~Hose &amp; Nozzle Assembly (.144) - Buckeye Fire Extinguisher Parts (<em>10 HI SA80 ABC</em>, 10T HI SA80 ABC) Product Review Video of Buckeye 113277W. Price: $30.64.~fides_delim~totalcount
10hi sa80 abc~fides_delim~https://www.ameraproducts.com/FireExtinguishers_JL_Industries_Cosmic_10E.htm~fides_delim~JL Cosmic 10E Multi-Purpose ABC 10lbs. Fire Extinguisher~fides_delim~10 pound Fire Extinguisher. Multi-purpose chemical extinguisher. For use on Class A, B, and C Fires.~fides_delim~totalcount
10hi sa80 abc~fides_delim~https://harborshoppers.com/buckeye-10-lb-fire-extinguisher/~fides_delim~Buy Buckeye 10 lb. Fire Extinguisher - Harbor Shoppers~fides_delim~Description; Details; Shipping Details; Reviews (0); Questions &amp; Answers; Related Products. Buckeye 10 lb. Fire Extinguisher Unknown <em>10HI SA80 ABC</em> – Buckeye.~fides_delim~totalcount
10hi sa80 abc~fides_delim~https://www.brooksequipment.com/products/113277W/~fides_delim~Dry Chemical &gt; Halon 1211 &gt; Halotron I &gt; 113277W~fides_delim~(.144) (<em>10 HI SA80 ABC</em>, 10T HI SA80 ABC). 113277W ...~fides_delim~totalcount
10hi sa80 abc~fides_delim~https://www.auctionninja.com/waterbury-auction-gallery/product/10lb-buckeye-fire-extinguisher-abc-dry-chemical-4a80bc-11340-10hi-sa80-full-108710.html~fides_delim~10lb Buckeye Fire Extinguisher ABC Dry ... - Auction Ninja~fides_delim~10lb Buckeye Fire Extinguisher <em>Abc</em> Dry Chemical 4a80bc 11340 <em>10hi</em>-<em>sa80</em> Full from Waterbury Auction Gallery up for Sale at Auction Ninja!~fides_delim~totalcount
10hi sa80 abc~fides_delim~https://onlinesafetydepot.com/buckeye-fire-material-safety-data-sheet-standard-dry-chemical-fire-extinguishant/~fides_delim~Buckeye Fire Material Safety Data Sheet: Standard Dry ...~fides_delim~Buckeye Fire Material Safety Data Sheet: Standard Dry Chemical Fire Extinguishant. Download the official Buckeye <em>ABC</em> Dry Chemical Fire Agent MSDS spec sheet ...~fides_delim~totalcount
10hi sa80 abc~fides_delim~https://picclick.com/10lb-Buckeye-Fire-Extinguisher-ABC-Dry-Chemical-4A80BC-233363863403.html~fides_delim~10LB BUCKEYE FIRE Extinguisher ABC Dry Chemical ...~fides_delim~10LB BUCKEYE FIRE Extinguisher <em>ABC</em> Dry Chemical 4A80BC 11340 <em>10HI</em>-<em>SA80</em> 413283 - $49.99. FOR SALE! Excess stock room inventory in original box.~fides_delim~totalcount
10hi sa80 abc~fides_delim~https://www.parttarget.com/Buckeye-Fire-Equipment-Company-Inc_nsn-parts_700287_BFHBT-1350.html~fides_delim~Buckeye Fire Equipment Company Inc. NSN Parts: 700287~fides_delim~~fides_delim~totalcount
10hi sa80 abc~fides_delim~https://online.auctionnation.com/auction/27591/item/2-buckeye-fire-equipment-red-fire-extinguishers-mod-10-hi-sa80-abc-3289468/~fides_delim~(2) Buckeye Fire Equipment Red Fire Extinguishers~fides_delim~<em>10 HI SA80 ABC</em>. Print Save Ask About. Current Bid: $7.50 (bids: 2). High Bidder: 88709. Min Bid: $10.00. Bidding Ended: Mon, Jun 22, 2020 at 12:30:00 pm MT.~fides_delim~totalcount
10hi sa80 abc~fides_delim~https://www.veteransfire.com/products~fides_delim~Fire Alarms - Northampton Quakertown Stroudsburg PA~fides_delim~2.5lb ABC Dry Chemical with Vehicle Bracket – $29.00. 2.5lb ABC dry chemical with vehicle bracket 2.5SA-ABC ... 10lb ABC dry chemical <em>10HI</em>-<em>SA80-ABC</em>-11340 ...~fides_delim~totalcount
10hi sa80 abc~fides_delim~https://www.monroeextinguisher.com/product/ansul-sentry-10lb-abc-fire-extinguisher/~fides_delim~Ansul Sentry 10lb. ABC Fire Extinguisher~fides_delim~Description. SENTRY dry chemical extinguishers are designed for protection of light and ordinary hazards. These compact and portable extinguishers are ...~fides_delim~totalcount
10hi sa80 abc~fides_delim~https://www.auctionohio.com/lots/600cbc32-f201-11eb-b377-13400c55cb07~fides_delim~Pair of Fire Extinguishers - Auction Ohio~fides_delim~Fire Buckeye Equipment fire extinguisher, <em>10HI SA80 ABC</em>, classification 4A:80B:C, K-AnsulGuard fire extinguisher, No.~fides_delim~totalcount
10hi sa80 abc~fides_delim~https://www.k-bid.com/auction/30288/item/108~fides_delim~FIRE EXTINGUISHERS - K-BID.com~fides_delim~... 1 Buckeye model <em>10HI SA80 ABC</em> classified 4-A: 80-B: C 16 lbs dry chem and 1 Amerex model 441 dry chem fire extinguisher.~fides_delim~totalcount
10hi sa80 abc~fides_delim~https://firesupplyhouse.com/documentos/extintores/Extintor%20portatil,%20Tipo%20K/GBAR.EX2480%20-%20Dry-chemical%20Extinguishers,%20Hand%20and%20Wheeled%20_%20UL%20Product%20iQ.%20UL.pdf~fides_delim~GBAR.EX2480 - Dry-chemical Extinguishers, Hand and ...~fides_delim~<em>10HI SA80 ABC</em>, 10HI SB80 ABC, 10 HI RSA80 ABC, OS 10 ABC. 10. -65. 4-A:80-B:C. Yes. 13 HF ABC. 13. -65. 1-A:20-B:C. Yes. 13 HDHF ABC.~fides_delim~totalcount
10hi sa80 abc~fides_delim~http://www.abrasilsa.com/UL_Rating_10A120BC_GPCZ_BU.pdf~fides_delim~GPCZ.EX2480 - Dry-chemical Extinguishers, Portable, Marine~fides_delim~10 HF ABC, 10 HDHF ABC. 10. -65. 1-A:20-B:C. II. II. 10SHISA-ABC, 10 HI RSA ABC. 10. -65. 4-A:60-B:C. II. <em>10HI SA80 ABC</em>, 10HI SB80 ABC, ...~fides_delim~totalcount
10hi sa80 abc~fides_delim~https://www.wbparts.com/rfq/4210-01-568-6245.html~fides_delim~4210-01-568-6245 - WBParts~fides_delim~END ITEM IDENTIFICATION, MRAP - UNIQUE NSN - MRAP NO PERMANENT WSDC IDENTIFIED. PART NAME ASSIGNED BY CONTROLLING AGENCY, EXTINGUISHER,FIRE, 10 LB <em>ABC</em> ...~fides_delim~totalcount
10hi sa80 abc~fides_delim~https://www.norco-inc.com/ASSETS/DOCUMENTS/ITEMS/EN/BEC-25298AS-Catalog.pdf~fides_delim~fire extinguisher parts - Norco Inc~fides_delim~<em>10 HI sA80 ABC</em>, 10T HI sA80 ABC. 14. 126216W. Hose &amp; Nozzle Assembly (.180). 20s HI sA ABC. 21. Universal Hose Strap/Clip. SEE PAGE 218.~fides_delim~totalcount
10hi sa80 abc~fides_delim~https://www.21cpw.com/wp-content/uploads/2016/09/OSHA-20161846-st.louis-fire-extinguishers-citations.pdf~fides_delim~US Department of Labor Occupational Safety and Health ...~fides_delim~A fire extinguisher (Model Number: <em>10HI SA80 ABC</em> Model Number; Date of Inspection: 06/2016) at Dock Door S4, Column DW9) had viewing gauge ...~fides_delim~totalcount
10hi sa80 abc~fides_delim~https://www.yumpu.com/en/document/view/11657166/online-catalog-about-abc-fire-equipment-company~fides_delim~Online Catalog - About ABC Fire Equipment Company - Yumpu~fides_delim~Online Catalog - About ABC Fire Equipment Company. ... <em>10 HI</em>-SA-STD, 10T HI-<em>SA80</em>-<em>ABC</em>, 10T HI-SB80-ABC, 10S HI-SA-PK, <em>10HI</em>-SA-PK, <em>10HI</em>-SB-PK ...~fides_delim~totalcount
10hi sa80 abc~fides_delim~https://manualzz.com/doc/6278461/service-manual---buckeye-fire-equipment-company~fides_delim~SERVICE MANUAL | Manualzz~fides_delim~WELCOME TO BUCKEYE FIRE EQUIPMENT. ONLINE DOCUMENTATION. SERVICE. MANUAL. FOR. ALL SIZES OF. PORTABLE DRY CHEMICAL EXTINGUISHERS. 133401.~fides_delim~totalcount
10hi sa80 abc~fides_delim~https://www.facebook.com/marketplace/103795126325698/health-care-products/~fides_delim~Health Care Products for sale in Fredericksburg, Virginia~fides_delim~Extiguidor Modelo <em>10HI SA80 ABC</em> in Woodbridge, VA. $50. Extiguidor Modelo <em>10HI SA80 ABC</em>. Woodbridge, VA · KOHLER K-4639-0 Cachet Quiet Close Toilet Seat, ...~fides_delim~totalcount
10hi sa80 abc~fides_delim~https://website.informer.com/digitalfire.com.mx~fides_delim~digitalfire.com.mx at WI. Digital Fire - Website Informer~fides_delim~Keywords: digital fire, digitalfire, <em>10 hi sa80 abc</em>, model <em>10 hi sa80 abc</em>, extintores buckeye. Sep 22, 2022. Created: 2010-10-28. Expires: 2022-10-27.~fides_delim~totalcount
10hi sa80 abc~fides_delim~https://www.volza.com/exports-global/global-export-data-of-abc-to-united-states~fides_delim~Abc Exports from United States - Volza.com~fides_delim~~fides_delim~totalcount
10hi sa80 abc~fides_delim~https://www.scribd.com/document/340429433/Amerex-Ansul-Badger-Ul-Catalogo-Por-Partes~fides_delim~Amerex Ansul Badger Ul Catalogo Por Partes - Scribd~fides_delim~10 &amp; 10T HI <em>SA80 ABC</em> 17 149220BU Valve Assembly Aluminum (No Hanger 12 113287BU Hose &amp; Nozzle Assembly: Loop): <em>10 HI</em> SB 80 ABC 5 &amp; 5.5 lb. SB Extinguishers~fides_delim~totalcount
10hi sa80 abc~fides_delim~https://carkart.com/industrial-scientific-3069/pack-of-4-buckeye-11340-abc-multipurpose-dry-chemical-hand-held-fire-extinguisher-with-aluminum-valve-and-wall-hook-10-lbs-agent-capacity-ADIB08HSNNB5Q-10000752445~fides_delim~Pack of 4 Buckeye 11340 ABC Multipurpose Dry Chemical ...~fides_delim~Model: <em>10HI SA80 ABC</em> UPC : 084282745866. Only 1 left in stock - Order Now. Price: $359.97. Free Shipping. Taxes will be calculated at Checkout.~fides_delim~totalcount
10hi sa80 abc~fides_delim~https://www.nj.gov/dep/dwq/Files_Excel/PFAS_DLA_survey_results_MCUA.xlsx~fides_delim~Sheet - NJ.gov~fides_delim~55, AustarPharma, LLC, Michael Fountoulakis, 18 Mayfield Ave, Edison, 8873, Yes, Metro Fire &amp; Safety - Model <em>10HI SA80 ABC</em> Multi-Purpose Dry Chemical Fire ...~fides_delim~totalcount
10hi sa80 abc~fides_delim~https://www.wholesalehome.com/products/buckeye-11340-10-lb-tall-fire-extinguisher~fides_delim~Buckeye - 11340 10 lb ABC Dry Chemical Tall Fire Extinguisher~fides_delim~Buckeye's 10 LB Monoammonium Phosphate based fire extinguisher is designed for use in combating Class A (trash, wood, and paper), B (liquids and gases), ...~fides_delim~totalcount
10hi sa80 abc~fides_delim~https://jsp.backyardrevolutionsystemreview.info/pages/cv2-remap-optical-flow.html~fides_delim~Cv2 remap optical flow - backyardrevolutionsystemreview.info~fides_delim~Optical Flow.. cv2 remap optical flow; buckeye fire extinguisher <em>10hi sa80 abc</em>; amlogic mbox; ghosttube sls app; kendo grid virtual scrolling; the loss of ...~fides_delim~totalcount
10hi sa80 abc~fides_delim~https://vntnce.future-sports.eu/page/ktde~fides_delim~Kurshinsky chassis - Future Sports~fides_delim~101 freeway accident yesterday. perfect union lompoc albin boat manufacturer; buckeye fire extinguisher <em>10hi sa80 abc</em>. kubota bx2370 oil filter cross ...~fides_delim~totalcount
10hi sa80 abc~fides_delim~https://orzoc.computertec.info/en/idlewild-full-movie-123movies.html~fides_delim~Idlewild full movie 123movies~fides_delim~... briggs and stratton riding lawn mower engine. holy unblocker discord link. buckeye fire extinguisher <em>10hi sa80 abc</em>. cesium tutorial. zillow lemont pa.~fides_delim~totalcount
10hi sa80 abc~fides_delim~https://firehosedirect.com/products/commercial-grade-fire-extinguisher-10-pound-abc-dry-chemical~fides_delim~Commercial Grade Fire Extinguisher 10 Pound ABC Dry ...~fides_delim~These extinguishers contain specially fluidized and siliconized mono ammonium phosphate powder, which smothers and breaks the chain reaction on class B fires, ...~fides_delim~totalcount
10hi sa80 abc~fides_delim~https://www.buildsite.com/pdf/jlindustries/Cosmic-Fire-Extinguisher-Multipurpose-Chemical-SDS-1715654.pdf~fides_delim~Cosmic Fire Extinguisher - SDS - BuildSite~fides_delim~<em>ABC</em> Dry Chemical Fire Extinguishant. Synonym: Multi-Purpose Dry Chemical. Manufacturer: Buckeye Fire Equipment Company. 110 Kings Road.~fides_delim~totalcount
10hi sa80 abc~fides_delim~https://www.badgerfire.com/Documents/SDS_ENG_Apr_2015/SDS_Badger_Commercial%20ABC%20Dry%20Chemical.pdf~fides_delim~Commercial ABC Dry Chemical - SAFETY DATA SHEET~fides_delim~Commercial <em>ABC</em> Dry Chemical. (Fire Extinguishing Agent, Pressurized and. Non-pressurized). Revision Date: December 10, 2019. Page 1 of 9. 1. IDENTIFICATION.~fides_delim~totalcount
10hi sa80 abc~fides_delim~https://www.grainger.com/category/safety/fire-protection/fire-extinguishers~fides_delim~Fire Extinguishers - Grainger Industrial Supply~fides_delim~<em>ABC</em>. 2.5 lb. 1A:10B:C. Stored. No. Wall Mount. KIDDE. $34.90479W96. Monoammonium Phosphate. <em>ABC</em> ... Multi-Purpose <em>ABC</em>. <em>ABC</em>. 5.5 lb. 3A:40B:C.~fides_delim~totalcount
10hi sa80 abc~fides_delim~https://support.firstalert.com/s/article/How-long-do-fire-extinguishers-last~fides_delim~How long do fire extinguishers last? - First Alert~fides_delim~Although they don't have a true "expiration date," traditional fire extinguishers generally have a 10-12 year life expectancy. Disposable (non-rechargeable) ...~fides_delim~totalcount
10hi sa80 abc~fides_delim~https://fireextinguisherdepot.com/how-to-choose-a-fire-extinguisher-guide/~fides_delim~Choosing a Fire Extinguisher - Help Guide~fides_delim~<em>ABC</em> Dry Chemical Fire Extinguishers. Best option for homes, offices, hallways, apartment buildings, vehicles, boats and RVs. <em>ABC</em> Fire Extinguishers are "tri- ...~fides_delim~totalcount
