10k27~fides_delim~https://www.grainger.com/product/GOULDS-WATER-TECHNOLOGY-Shaft-Seal-Mfr-Part-10K27-24XR57~fides_delim~GOULDS WATER TECHNOLOGY, Mfr Part # 10K27, Shaft ...~fides_delim~Gasket Material: Silicon Carbide; Viton ; Brand: GOULDS WATER TECHNOLOGY ; Compatible with Pump Type: Straight Centrifugal ; UNSPSC: 0 ; Country of Origin: Mexico ( ...~fides_delim~totalcount
10k27~fides_delim~https://www.motion.com/products/sku/02497751~fides_delim~Goulds Water Technology (Xylem Inc) 10K27 - Motion~fides_delim~<em>10K27</em> Mechanical Seal for End Suction Pumps with Motor Frames 180–210. Warning icon. Quote Required Quote Required. AVAILABLE. SHIPPING. Factory Order.~fides_delim~totalcount
10k27~fides_delim~https://catalog.springerpumps.com/item/seal-mfg-g/sp-goulds-seal-replace/10k27sp~fides_delim~Replaces GOULDS PUMPS® 10K27 - Springer Pumps, LLC~fides_delim~OEM P/N, N/A <em>10K27</em>. OEM Name - P/N, N/A GOULDS PUMPS® <em>10K27</em>. Weight, N/A 5 lbs. Length, N/A 12 in304.80 mm. Width, N/A 12 in304.80 mm.~fides_delim~totalcount
10k27~fides_delim~https://www.shoppumps.com/Goulds-10K27-Mechanical-Seal-p/10k27.htm~fides_delim~Goulds 10K27 Mechanical Seal - ShopPumps.com~fides_delim~Goulds <em>10K27</em> Mechanical Seal. ... Quantity in Stock:6. Availability: Usually Ships in 24 Hours Product Code: <em>10K27</em>. Qty: Description. Goulds Mechanical Seal~fides_delim~totalcount
10k27~fides_delim~https://waterpumpspro.com/index.php?main_page=product_info&products_id=15746~fides_delim~Goulds 10K27 Mechanical Seal - Water Pumps Pro~fides_delim~Goulds <em>10K27</em> Mechanical Seal · Model: <em>10K27</em> · Manufactured by: Goulds.~fides_delim~totalcount
10k27~fides_delim~https://www.lockewell.com/index.php?main_page=product_info&products_id=2603~fides_delim~10K27 - Buy Goulds 3656 S Mechanical Seal - $197.74~fides_delim~<em>10K27</em> - Buy Goulds <em>10K27</em> Mechanical Seal repair part for 3656 S models online from Locke Well &amp; Pump Company Orlando Florida.~fides_delim~totalcount
10k27~fides_delim~https://www.pumpcatalog.com/goulds/pump-repair-parts/10k27/~fides_delim~Goulds Pump Repair Part 10K27 SIL-CAR/VITON SEAL~fides_delim~Goulds Repair Pump Part <em>10K27</em> SIL-CAR/VITON SEAL &amp; Other Pump Repair Parts &amp; Kits Available at www.PumpCatalog.com - Click to Order!~fides_delim~totalcount
10k27~fides_delim~https://www.control-specialties.com/goulds-10k27-mechanical-seal.html~fides_delim~Goulds 10K27 Mechanical Seal - Control Specialties~fides_delim~Quick Overview. Goulds <em>10K27</em> Mechanical Seal for the SSH Series Pump. Materials of construction are carbon/SC/Viton with a 180-210 frame. Be the ...~fides_delim~totalcount
10k27~fides_delim~https://pumpandmotors.com/index.php?main_page=product_info&products_id=19913~fides_delim~Goulds Pumps 10K27 mechanical Seal~fides_delim~Pump and Motors | Water Pumps for Commercial &amp; Residential Applications Goulds Pumps <em>10K27</em> mechanical Seal [<em>10K27</em>] - The Goulds <em>10K27</em> ...~fides_delim~totalcount
10k27~fides_delim~https://www.zoro.com/goulds-water-technology-shaft-seal-assembly-sil-carviton-seal-10k27/i/G8491813/~fides_delim~Shaft Seal Assembly, Sil-Car/Viton Seal - Zoro Tools~fides_delim~Order Goulds Water Technology Shaft Seal Assembly, Sil-Car/Viton Seal, <em>10K27</em> at Zoro.com. Great prices &amp; free shipping on orders over $50 when you sign in ...~fides_delim~totalcount
10k27~fides_delim~https://www.zoro.com/springer-parts-mechanical-seal-replaces-goulds-pumps-10k27-10k27sp/i/G606012480/~fides_delim~Mechanical Seal; Replaces GOULDS PUMPS 10K27~fides_delim~Order Springer Parts Mechanical Seal; Replaces GOULDS PUMPS <em>10K27</em>, 10K27SP at Zoro.com. Great prices &amp; free shipping on orders over $50 when you sign in or ...~fides_delim~totalcount
10k27~fides_delim~https://shop.andersonprocess.com/goulds-10k27-tc-seal.html~fides_delim~10K27 - TC Seal - Goulds Pumps Repair Parts~fides_delim~Buy Goulds # <em>10K27</em> TC Seal online from an authorized distributor — Your one stop shop for G&amp;L Series pump repair and replacement parts — UPC # 69766623692.~fides_delim~totalcount
10k27~fides_delim~https://www.springerparts.com/pump-parts-kits/ansi-pump-parts/10K27SP~fides_delim~Replaces GOULDS PUMPS® 10K27 | Springer Parts~fides_delim~Springer Parts 10K27SP Mechanical Seal; Replaces GOULDS PUMPS® <em>10K27</em>. sp-mech-seal-stat-style-1. The actual product may vary from images shown ...~fides_delim~totalcount
10k27~fides_delim~https://www.masonoliversupply.com/10K27/~fides_delim~10K27 - Mason Oliver Supply~fides_delim~... IN NO WAY INDICATE THAT WE ARE SUPPLYING OEM PUMPS OR PARTS OR REPRESENT THE OEM IN ANY WAY. Click the button below to add the <em>10K27</em> to your wish list.~fides_delim~totalcount
10k27~fides_delim~https://www.pumpproducts.com/goulds-10k27-mech-seal-standard-carbon-silicon-carbide-viton-type-21-material-1-x-2-6-1-1-2-x-2-1-2-6-2-x-2-1-2-6-2-1-2-x-3-6-1-x-2-8-1-1-2-x-2-1-2-8-2-x-2-1-2-8-1-x-2-10-connection-fits-model-9sh-9a-sh-9sh-4sh-5sh-6sh-10sh-10a-sh-10sh.html~fides_delim~Goulds 10K27, Mech. seal – standard, Carbon/silicon-carbide ...~fides_delim~Goulds <em>10K27</em>, Mech. seal – standard, Carbon/silicon-carbide/viton, Type 21 Material, 1 x 2-6, 1-1⁄2 x 2-1⁄2-6, 2 X 2-1⁄2-6, 2-1⁄2 x 3-6, 1 x 2-8, ...~fides_delim~totalcount
10k27~fides_delim~https://www.nriparts.com/products/centripro-10k27-pump-parts-and-accessories/412755~fides_delim~Centripro 10K27 Mechanical Pump Seal - NRI Industrial~fides_delim~Centripro <em>10K27</em> Mechanical Pump Seal. Product ID: S-617862. MFG #: <em>10K27</em>. Subscribe to CENTRIPRO. Get notified on new and inbound inventory.~fides_delim~totalcount
10k27~fides_delim~https://www.clrmarine.com/m4/GOU%2010K27--goulds-carb-carb-tc-viton-mech-sl-10k27.html~fides_delim~Goulds Carb/Carb/Tc/Viton Mech Sl 10K27 - CLR Marine~fides_delim~Goulds Carb/Carb/Tc/Viton Mech Sl <em>10K27</em>. Goulds-Pumps. Basic Info. Brand ITT. Manufacturer Goulds Pumps. Manufacturer Part Number <em>10K27</em>. Special Order~fides_delim~totalcount
10k27~fides_delim~https://www.bmebearings.com/products/xylem-centripro-10k27-mechanical-seal~fides_delim~Xylem CentriPro 10K27 Mechanical Seal~fides_delim~Goulds <em>10K27</em> mechanical seal--New Surplus--Opened Factory Box----10/20KH.~fides_delim~totalcount
10k27~fides_delim~https://www.walmart.com/ip/Goulds-10K27-Mech-seal-standard-Carbon-silicon-carbide-viton-Type-21-Material-1-x-2-6-1-1-2-2-1-2-6-2-X-2-1-2-3-6-2-8-2-1-2-8-2-10-Connection/539616645~fides_delim~Goulds 10K27, Mech. seal – standard, Carbon/silicon- ...~fides_delim~Arrives by Sat, Nov 12 Buy Goulds <em>10K27</em>, Mech. seal – standard, Carbon/silicon-carbide/viton, Type 21 Material, 1 x 2-6, 1-1/2 x 2-1/2-6, 2 X 2-1/2-6, ...~fides_delim~totalcount
10k27~fides_delim~https://inetmarine.com/goulds10k27carbcarbtcvitonmechsl.aspx~fides_delim~Goulds 10K27 CARB/CARB/TC/Viton MECH SL~fides_delim~Boatman's iNet Marine is committed to the needs of the boating community. We are here Monday through Friday 9-5 eastern time taking orders, filling orders, ...~fides_delim~totalcount
10k27~fides_delim~https://www.radwell.com/en-US/Buy/ITT/GOULDS%20PUMP/10K27/~fides_delim~10K27 by ITT - Buy or Repair at Radwell~fides_delim~<em>10K27</em> Machine Parts from ITT 2-Year Warranty - SHAFT SEAL, MECHANICAL, HIGH TEMPERATURE, FOR SH MODEL PUMPS.~fides_delim~totalcount
10k27~fides_delim~https://www.mescocorp.com/product/goulds-gl-sshs/~fides_delim~Goulds G&amp;L SSH-S Rebuild Kit (1.250&quot;) - Mesco Corporation~fides_delim~... FACE/SILICON CARBIDE STATIONARY SEAT; KIT INCLUDES: MECHANICAL SEAL. CASE O-RINGS &amp; IMPELLER O-RING; OEM #: GOULDS G&amp;L SEAL # <em>10K27</em>, GOULDS RPKSSH-S ...~fides_delim~totalcount
10k27~fides_delim~https://mdpumps.com/product/mechanical-seals/~fides_delim~Mechanical Seals - MD Pumps~fides_delim~SKU: 100se, 185, S185, 10K10, <em>10K27</em>, 10K64, TYPE 16, TYPE 68, TYPE 21, TYPE 31, TYPE 51, TYPE 52, TYPE 29, TYPE 40, TYPE 1648, TYPE 2648, TYPE 270F, ...~fides_delim~totalcount
10k27~fides_delim~https://pfcestore.com/product/goulds-mechanical-seal-assembly-7/~fides_delim~Goulds Mechanical Seal Assembly - PFC eStore~fides_delim~Part # : <em>10K27</em>. 4 in stock (can be backordered). Login or Register for Prices &amp; Ordering. SKU: <em>10K27</em> Category: Goulds Seal Kits.~fides_delim~totalcount
10k27~fides_delim~https://www.alldatasheet.com/view.jsp?Searchword=10K27&sField=1~fides_delim~10K27 Datasheet, PDF - ALLDATASHEET.COM~fides_delim~NVR10K270S-F Datasheet Leaded Metal Oxide Varistors - NIC-Components Corp. QA110K27CAU MATSUSHITA Compressor, Panasonic Battery Group.~fides_delim~totalcount
10k27~fides_delim~https://www.flickr.com/photos/unatemporadaenelinfierno/10692816714/~fides_delim~10k27 Tarde Montparnasse_0010 variante Uti 425 - Flickr~fides_delim~<em>10k27</em> Tarde Montparnasse_0010 variante Uti 425. Done. 26 views. Comment. Canon EOS 7D. ƒ/4.5; 35.0 mm; 1/60; 500; Off. Taken on November 27, 2010.~fides_delim~totalcount
10k27~fides_delim~https://www.flickr.com/photos/mcgavin-family/5283618390/~fides_delim~05-10K27-F8462.jpg | NIKON D3 | ISO:200 - Flickr~fides_delim~05-<em>10K27</em>-F8462.jpg. NIKON D3 | ISO:200 | Focal Length:105mm | Aperture:f/5.6 | Shutter:1/250 | Light Source:4 | Metering:5 | Flash:Fired | Exposure Value: ...~fides_delim~totalcount
10k27~fides_delim~https://www.allsealsinc.com/Cross-Reference-by-Manufacturer-G.html~fides_delim~Mechanical Seals - Cross Reference by Mfg.~fides_delim~~fides_delim~totalcount
10k27~fides_delim~https://www.chegg.com/homework-help/questions-and-answers/r-10k-c-01uf-vin-jout-c-01uf-r-10k27-vout-figure-1-rc-circuit-configuration-1-figure-2-rc--q78356371~fides_delim~R 10k + C HE 0.1uF + Vin Jout C 0.1uF 연 be R 10k27 Vout ...~fides_delim~Transcribed image text: R 10k + C HE 0.1uF + Vin Jout C 0.1uF 연 be R <em>10k27</em> Vout Figure 1 - RC Circuit Configuration 1 Figure 2 - RC Circuit Configuration 2 ...~fides_delim~totalcount
10k27~fides_delim~https://www.phoenixpumps.com/pdf/Goulds_End_Suction_Seal_Kit_Guide.pdf~fides_delim~Goulds Seal Oring Kit Guide.xlsx - Phoenix Pumps, Inc.~fides_delim~<em>10K27</em>. Carbon/Silicon-Carbide/Viton e-SH-M. 02SH10, 03SH08, 03SH10, 15SH10, 25SH08,. 25SH10. RPKESHM. 10K45. Carbon/Silicon-Carbide/Viton.~fides_delim~totalcount
10k27~fides_delim~https://www.nepal.ubuy.com/en/product/4SA5TTVBE-goulds-water-technology-10k27-shaft-seal-assembly-sil-car-viton-seal~fides_delim~GOULDS WATER TECHNOLOGY 10K27 Shaft Seal Assembly ...~fides_delim~Shop for GOULDS WATER TECHNOLOGY <em>10K27</em> Shaft Seal Assembly, Sil-CarViton Seal online at an affordable price in Ubuy Nepal. Get special offers, deals, ...~fides_delim~totalcount
10k27~fides_delim~https://pacesupply.com/Catalog/pumps-and-well/pump-controls-accessories-and-parts/pump-replacement-parts/gld10k27~fides_delim~Standard Type 21 Mechanical Seal, FKM Elastomers, Carbon ...~fides_delim~Goulds <em>10K27</em> Mechanical Seal, Standard Type 21, FKM Elastomers Material, Carbon Primary Ring Material, Silicon Carbide Mating Ring Material.~fides_delim~totalcount
10k27~fides_delim~https://www.xylem.com/siteassets/brand/goulds-water-technology/resources/parts/ragflo.pdf~fides_delim~Goulds Pumps - Xylem~fides_delim~<em>10K27</em>. Sil-carb./sil-carb./viton. 10K64. 10 Shaft sleeve – mechanical seal. 300SS. 4K66. Shaft sleeve – packed box. 300SS. 4K473. Zinc Plated. 6K2 (Qty. 4).~fides_delim~totalcount
10k27~fides_delim~https://safseals.com/replacement-pump-seals/goulds-pump-seals-2/~fides_delim~Goulds Pump Replacement Seals~fides_delim~SAF Replacement Seal for Goulds Pump <em>10K27</em>. Contact us today for a FREE no-obligation quote! CONTACT US. *Pump companies, pump models and seal models are ...~fides_delim~totalcount
10k27~fides_delim~https://www.sealsunlimitedinc.com/mechanical-seals/american-seals/1-000-1-437-shafts/m6/sjv-3538/~fides_delim~1.250X1.87X43W1.06CS1V-TYC316SS - Seals Unlimited Inc~fides_delim~<em>10K27</em>. Goulds Pumps. 764078125. Goulds Pumps. ICS / ICS-F. 1SS, 2SS. Goulds Pumps. S Group. 3656 AB/AI/BF. Goulds Pumps. S Group. 3756 AB/AI/BF.~fides_delim~totalcount
10k27~fides_delim~https://docs.legis.wisconsin.gov/document/administrativecode/Ins%203.27(10)(k)27.~fides_delim~Ins 3.27(10)(k)27. - Wisconsin Legislative Documents~fides_delim~1. Suicide or attempted suicide, while sane or insane. · 2. Intentional self-inflicted injury. · 3. Territorial restriction with no limitation of coverage while ...~fides_delim~totalcount
10k27~fides_delim~https://dotcotool.com/product/cleco-dotco-12l2752-84-right-angle-sander-grinder-fe-11000rpm-4-tp-27/~fides_delim~Cleco / Dotco 12L2752-84 Right Angle Sander / Grinder, FE ...~fides_delim~Cleco / Dotco 12L2752-84 Right Angle Sander / Grinder, FE, 11000RPM, 4'' TP 27. Dotco and Cleco Air Tools are viewed as the premier line of material removal ...~fides_delim~totalcount
10k27~fides_delim~https://images.kleen-ritecorp.com/Documents/ResourceLibrary/Pump%20Breakdown%20Data%20Sheets/Gould%20Pumps/Goulds-Pumps%20-%20RSFHSMGR-RepairParts.pdf~fides_delim~Goulds Pumps - Kleen-Rite~fides_delim~<em>10K27</em> – Carbon / Silicon Carbide / Viton. 1. Mech. seal – severe duty. 10K64 – Silicon Carbide / Silicon Carbide / Viton. 383A Retainer, seal spring.~fides_delim~totalcount
10k27~fides_delim~https://www.jaescompany.com/catalogo_prodotti.php?lang=en&producerid=10968&producer=GOULDS~fides_delim~goulds pump - Catalog - JAES Company~fides_delim~Catalog GOULDS PUMP · LB1035 · 1 X 1.5-8 · 1.1/2X2.1/2-8 · <em>10K27</em> · 10K55 · 10K62 · 10L3 9 · 10SH2K45C0.~fides_delim~totalcount
10k27~fides_delim~https://maxflopump.com/pumps/pdfs/34585_3.pdf~fides_delim~Goulds Pumps~fides_delim~Note: <em>10K27</em> Replaces obsolete 10K25 &amp; 10K13. IMPELLER OPTION CODE... For Optional Impeller Diameters modify catalog order no. with Impeller code listed ...~fides_delim~totalcount
10k27~fides_delim~https://www.waterpumpsnow.com/goulds-2ab21mc1g2a2-aquaboost/~fides_delim~Goulds 2AB21MC1G2A2 AquaBoost - Water Pumps Now~fides_delim~Type 21 Mechanical Seal and O-Ring (below). Rotary: Carbon. Stationary: Sil-Carbide. Elastomers: Viton. Metal Parts: 316 SS. Part Number: <em>10K27</em> ...~fides_delim~totalcount
10k27~fides_delim~https://www.dultmeier.com/pdfs/glAIFRM-Centrifugal-Transfer-Pumps-Cast-Iron.pdf~fides_delim~3656/3756 S, M &amp; L-Group~fides_delim~<em>10K27</em>. Sil-carb./sil-carb./viton. 10K64. 10. Shaft sleeve – mechanical seal. 300SS. 4K66. Shaft sleeve – packed box. 300SS. 4K473. Zinc Plated.~fides_delim~totalcount
10k27~fides_delim~http://www.baldeweinco.com/bcogenlistldgbkp1.asp~fides_delim~Stainless Products - Equipment Supplies - Baldewein Company~fides_delim~<em>10K27</em>, <em>10K27</em> Seal Kit Carbon/Tungsten Carbide/Viton, GLD0000023. 10K28, 10K28 Mechanical Seal, GLD0000024. 10K45, 10K45 Seal For M-3656 Chem Duty ...~fides_delim~totalcount
10k27~fides_delim~https://www.artmarketmonitor.com/2010/10/01/wsj-calls-bs-on-weathervane-market/red-painted-tin-bull-weathervane-5-10k27-5k/~fides_delim~Red-Painted Tin Bull Weathervane ($5-10k)$27.5k~fides_delim~Want to get Art Market Monitor's posts sent to you in our email? Sign up below by clicking on the Subscribe button.~fides_delim~totalcount
10k27~fides_delim~https://badcaps.net/forum/showthread.php?t=26764~fides_delim~Dynex 32 in flat screen - Badcaps Forums~fides_delim~I have a dynex <em>10k27</em> rev b with a problem, I have attached a jpeg of the screen. Help please. If you can see it the image smears, ...~fides_delim~totalcount
10k27~fides_delim~https://d1pkofokfruj4.cloudfront.net/media/upload/resource/m/Goulds-e-SH-Pump-Repair-Parts-ReSHSMGR-R2-2-21.pdf~fides_delim~e-SH Repair Parts - cloudfront.net~fides_delim~<em>10K27</em> – Carbon/Silicon-Carbide/Viton. 1. Mech. seal – high temp. 10K19 – Carbon/Silicon-Carbide/EPR. Mech. seal – severe duty.~fides_delim~totalcount
10k27~fides_delim~https://twitter.com/fadiasayfan/status/328210683571343360~fides_delim~fadiasayfan on Twitter: &quot;#متجركويتيات Follow Follow @10k27 ...~fides_delim~#متجركويتيات Follow Follow. @<em>10k27</em> · #كفرات_مول #Kuwait #Kuwaiti #KuwaitIstagram #KuwaitCity… http://instagram.com/p/YnixKLhwKC/.~fides_delim~totalcount
10k27~fides_delim~https://www.yumpu.com/en/document/view/18729025/repair-parts~fides_delim~Repair Parts - Yumpu~fides_delim~Viton seal <em>10K27</em>. Abrasive seal 10K64. 10 Shaft sleeve 304 SS 4K66. 11 ¼" pipe plug Cast iron 6K2. 12 Hex head screw - MA. Steel-zinc plated.~fides_delim~totalcount
10k27~fides_delim~https://learn.microsoft.com/en-us/openspecs/windows_protocols/ms-drm/b2c20174-51a3-4a97-9652-9448271d57d5~fides_delim~[MS-DRM]: Base64 and DRM - Microsoft Learn~fides_delim~... 3 5 F 22 W 39 n 56 4 6 G 23 X 40 o 57 5 7 H 24 Y 41 p 58 6 8 I 25 Z 42 q 59 7 9 J 26 a 43 r 60 8 <em>10 K 27</em> b 44 s 61 9 11 L 28 c 45 t 62 !~fides_delim~totalcount
10k27~fides_delim~https://www.instagram.com/art_picker/?hl=en~fides_delim~Art Picker (@art_picker) • Instagram photos and videos~fides_delim~Composition VIII by Vasilij Kandinskij | C 00 M 04 Y <em>10 K 27</em> | R. The Kiss by Francesco Hayez ----- C 0 M 11 Y 28. “The three ages of women” by Gustav Klimt ...~fides_delim~totalcount
10k27~fides_delim~https://gis.vgsi.com/bridgeportct/Streets.aspx?Name=DEAN%20PL~fides_delim~DEAN PL - Vision Government Solutions~fides_delim~42 DEAN PL #B106 Mblu: 61/ 2002/ 10/K 26/; 42 DEAN PL #B107 Mblu: 61/ 2002/ <em>10/K 27</em>/; 42 DEAN PL #B108 Mblu ...~fides_delim~totalcount
10k27~fides_delim~https://www.pausatf.org/2015-pacific-usatf-grand-prix-performances/~fides_delim~2015 Pacific USATF GRAND PRIX PERFORMANCES~fides_delim~... 57 41:37 0.8982 Marin Memorial Day <em>10K27</em> Kate Grace, 27 16:27 0.8977 Silicon Valley Turkey Trot28 Jo Anne Rowland, 67 57:49 0.8952 Capital City Classic ...~fides_delim~totalcount
10k27~fides_delim~https://pumpsforless.com/product/goulds-rpk3757s-kit/~fides_delim~Goulds RPK3757S Kit - PumpsForLess.com - Pumps For Less~fides_delim~Manufacturer: Goulds. Goulds RPK3757S Kit - Water Technologiy Xylem. Includes Part Numbers: 4K341, 4K11, <em>10K27</em>, 5K180, 5K210, 5K207, 5K206, 5K205 ...~fides_delim~totalcount
10k27~fides_delim~https://www.thomasnet.com/catalogs/productline/151959-2332-3072/springer-pumps-llc/goulds-pumps-174-mechanical-seals/~fides_delim~GOULDS PUMPS® Mechanical Seals Product Line - Thomasnet~fides_delim~~fides_delim~totalcount
10k27~fides_delim~https://www.numerade.com/ask/question/vitration-of-acetic-acid-in-vincgar-dralt-docr-titration-of-acetic-acid-in-vinegar-worksheet-uret-readings-trial-i-trial-42-viotatec-s-volume-vinegar-2500-ml-vinegar-000-ml-naoh-2500-ml-vine-13295/~fides_delim~Question - Numerade~fides_delim~... Na 912g NHAc 8484 N HAc Concentration of Acetic Acid in Vinegar; wt% 5.44 8.8 Wt% 5,40 wt% 8 % Ertror =<em>10 K 27</em> .87 o #.0 77.82 25.60 N = 0.qzg 282 X W0 ...~fides_delim~totalcount
10k27~fides_delim~https://quizlet.com/576619133/4020-midterm-1-flash-cards/~fides_delim~4020 midterm 1 Flashcards - Quizlet~fides_delim~If the production function is given by Y=AK^(1/3)L^(2/3) and A=<em>10, K = 27</em> and L = 8, total output equals: 120. A firm's profit is simply defined as.~fides_delim~totalcount
10k27~fides_delim~https://www.historical.waseca.mn.us/collection/artifacts?i=1233~fides_delim~E. F. Johnson Records (1233) - Artifacts from our Collection~fides_delim~... 20 pages; 1974 Annual Report, 20 pages; 1975 Annual Report, 24 pages; 1975 Annual Report on Form <em>10-K, 27</em> pages; and the May 9, 1975 Prospectus.~fides_delim~totalcount
10k27~fides_delim~https://www.ibm.com/docs/SS3LC4_7.5.3/com.ibm.wci.doc/ref_Base64_Encode_and_Decode_Functions.html~fides_delim~Base64 Encode and Decode functions - IBM~fides_delim~... 59 7 9 J 26 a 43 r 60 8 <em>10 K 27</em> b 44 s 61 9 11 L 28 c 45 t 62 + 12 M 29 d 46 u 63 / 13 N 30 e 47 v 14 O 31 f 48 w (pad) = 15 P 32 g 49 x 16 Q 33 h 50 y.~fides_delim~totalcount
10k27~fides_delim~https://www.sellerratings.com/amazon/usa/pumpsupplystore~fides_delim~pumpsupplystore on Amazon.com Marketplace~fides_delim~Goulds <em>10K27</em>. Goulds WS0311BF Submersible Sewage Pump, 1/3 HP, Single Phase, 115 V, 10.7 Max Amps. Goulds EP0411A Submersible Effluent Pump, 1/2.5 HP, ...~fides_delim~totalcount
10k27~fides_delim~http://2019annualreport.ppg.com/43/~fides_delim~PPG Annual Report and 10K 2019~fides_delim~2019 PPG ANNUAL REPORT AND FORM <em>10-K 27</em> Accounting Standards to be Adopted in Future Years Note 1, “Summary of Significant Accounting Policies” under Item 8 ...~fides_delim~totalcount
10k27~fides_delim~https://www.datasheetarchive.com/BZX62-datasheet.html~fides_delim~BZX62 datasheet &amp; applicatoin notes~fides_delim~... Maximum Operating Temp (Ã¸C)150Ã¾ Package StyleDO-7 Mounting StyleT American Microsemiconductor. Original, PDF · BZX62 Voltage725m pp/<em>10k27</em> diode BZX62 ...~fides_delim~totalcount
10k27~fides_delim~https://www.parttarget.com/4730-01-582-2780_4730015822780_SS-4-TSW-3.html~fides_delim~4730-01-582-2780 (SS-4-TSW-3) Data - Part Target~fides_delim~Let us help you source NSN parts like 4730-01-582-2780, hard to find, long lead time, and obsolete components. More Parts: 155-10Y11, 155-<em>10K27</em>, ...~fides_delim~totalcount
10k27~fides_delim~https://www.rfc-editor.org/rfc/inline-errata/rfc3548.html~fides_delim~rfc3548 - » RFC Editor~fides_delim~... 60 8 <em>10 K 27</em> b 44 s 61 9 11 L 28 c 45 t 62 + 12 M 29 d 46 u 63 / 13 N 30 e 47 v 14 O 31 f 48 w (pad) = 15 P 32 g 49 x 16 Q 33 h 50 y Special processing ...~fides_delim~totalcount
10k27~fides_delim~https://www.geteasysolution.com/k-10=27~fides_delim~k-10=27 - solution - GetEasySolution.com~fides_delim~-10 + 10 + k = 27 + 10 Combine like terms: -10 + 10 = 0 0 + k = 27 + <em>10 k = 27</em> + 10 Combine like terms: 27 + 10 = 37 k = 37 Simplifying k = 37 ...~fides_delim~totalcount
10k27~fides_delim~https://99designs.com/product-packaging-design/contests/basys-coffee-mug-package-design-1113233~fides_delim~Basys coffee mug package design | Product packaging contest~fides_delim~C C:13 M:9 Y:<em>10 K:27</em> R:177 G:179 B:179 #B1B3B3. Company name. BASYS Processing. The Brief. Existing website. basyspro.com. Description of the product.~fides_delim~totalcount
10k27~fides_delim~https://www.freesoft.org/CIE/RFC/2065/56.htm~fides_delim~Appendix: Base 64 Encoding - Freesoft~fides_delim~... 59 7 9 J 26 a 43 r 60 8 <em>10 K 27</em> b 44 s 61 9 11 L 28 c 45 t 62 + 12 M 29 d 46 u 63 / 13 N 30 e 47 v 14 O 31 f 48 w (pad) = 15 P 32 g 49 x 16 Q 33 h 50 y.~fides_delim~totalcount
10k27~fides_delim~https://www.tiktok.com/discover/usernames-for-girls-named-olivia~fides_delim~usernames for girls named olivia | TikTok Search~fides_delim~... treeminnie mouse statue primarkronaldi offered 750000 for rooney to run <em>10;k27</em> year old darwin nunezWakey wines cambridgebaby foot print christmas ...~fides_delim~totalcount
10k27~fides_delim~https://www.letsrun.com/forum/flat_read.php?thread=81453~fides_delim~How they trained: Mark Nenow - LetsRun.com~fides_delim~Mile, 4:02 (1986); 3000, 7:43 (1989); 5000, 13:18 (1984); track 10,000, 27:20.56 (1986); road <em>10-K, 27</em>:22 (1984). --Training Plan. Moderate to high miles, ...~fides_delim~totalcount
10k27~fides_delim~http://web.mit.edu/moiradev/src/util/rsaref/r_encode.c~fides_delim~web.mit.edu/moiradev/src/util/rsaref/r_encode.c~fides_delim~... 8 <em>10 K 27</em> b 44 s 61 9 11 L 28 c 45 t 62 + 12 M 29 d 46 u 63 / 13 N 30 e 47 v 14 O 31 f 48 w (pad) = 15 P 32 g 49 x 16 Q 33 h 50 y */ #define ENCODING(i) ...~fides_delim~totalcount
10k27~fides_delim~https://websecurityinfo.blogspot.com/2017/06/~fides_delim~June 2017 - Web Security Blog~fides_delim~... r 60 8 <em>10 K 27</em> b 44 s 61 9 11 L 28 c 45 t 62 + 12 M 29 d 46 u 63 / 13 N 30 e 47 v 14 O 31 f 48 w (pad) = 15 P 32 g 49 x 16 Q 33 h 50 y.~fides_delim~totalcount
10k27~fides_delim~https://www.cs.princeton.edu/courses/archive/spring17/cos333/base64.html~fides_delim~base64.html~fides_delim~... 60 8 <em>10 K 27</em> b 44 s 61 9 11 L 28 c 45 t 62 + 12 M 29 d 46 u 63 / 13 N 30 e 47 v 14 O 31 f 48 w (pad) = 15 P 32 g 49 x 16 Q 33 h 50 y The encoded output ...~fides_delim~totalcount
10k27~fides_delim~https://aminet.net/package/dev/gg/base64~fides_delim~dev/gg/base64.lha - Aminet~fides_delim~... r 60 8 <em>10 K 27</em> b 44 s 61 9 11 L 28 c 45 t 62 + 12 M 29 d 46 u 63 / 13 N 30 e 47 v 14 O 31 f 48 w (pad) = 15 P 32 g 49 x 16 Q 33 h 50 y The output stream ...~fides_delim~totalcount
10k27~fides_delim~https://datatracker.ietf.org/doc/rfc3548/~fides_delim~The Base16, Base32, and Base64 Data Encodings RFC 3548~fides_delim~... I 25 Z 42 q 59 7 9 J 26 a 43 r 60 8 <em>10 K 27</em> b 44 s 61 9 11 L 28 c 45 t 62 + 12 M 29 d 46 u 63 / 13 N 30 e 47 v 14 O 31 f 48 w (pad) = 15 ...~fides_delim~totalcount
10k27~fides_delim~https://www.cs.unh.edu/~pjh/courses/cs611/02spr/prog1.html~fides_delim~CS611 Programming Assignment 1~fides_delim~... I 25 Z 42 q 59 7 9 J 26 a 43 r 60 8 <em>10 K 27</em> b 44 s 61 9 11 L 28 c 45 t 62 + 12 M 29 d 46 u 63 / 13 N 30 e 47 v 14 O 31 f 48 w (pad) = 15 ...~fides_delim~totalcount
10k27~fides_delim~https://artpicker.tumblr.com/post/163789042280/embed~fides_delim~Embed a Tumblr Post~fides_delim~Composition VIII by Vasilij Kandinskij | C 00 M 04 Y <em>10 K 27</em> | R 187 G 176 B 162 | PANTONE 7529 C | #bbb0a2. #artpicker #art #artists on tumblr #paint ...~fides_delim~totalcount
10k27~fides_delim~https://mn.milesplit.com/meets/396951-bagleyfosston-invitational-2020/results/701473?type=raw~fides_delim~Bagley/Fosston Invitational 2020 - Complete Results (Raw)~fides_delim~... Warroad 7 20:48.5 4:10/K 25 23 1783 Nick Magnusson Roseau 11 20:49.2 4:10/K 26 24 1883 Evan Grover Warroad 11 20:52.0 4:<em>10/K 27</em> (&lt; 5) 1696 Devin Casares ...~fides_delim~totalcount
10k27~fides_delim~https://fcfoa2.files.wordpress.com/2020/06/summer-study-guide-2020-members-final-5.26.20.pdf~fides_delim~2020 STUDY GUIDE~fides_delim~R, 1/<em>10, K-27</em> c. R, 1/10, K-35; first touching d. K, 1/10, K-32. 59. A, 3/6, A-30. A12 fumbles behind the line of scrimmage. While the ball is rolling on ...~fides_delim~totalcount
10k27~fides_delim~http://www.bestrace.com/results/08/080901ET1.HTM~fides_delim~Eatontown Labor Day Kids 1 Miler - September 1, 2008~fides_delim~... 1-12F 8/10 8/<em>10 K 27</em> 12:04.9 0105 NIGERIA RICHARDSON ELFFORD NJ F 6 12:04 1-12F 9/10 9/10 K 28 13:37.8 0070 MELISSA ROBERTSON EATONTOWN ...~fides_delim~totalcount
10k27~fides_delim~http://www.buccaneersfan.com/PDF/Gameday-08/chiefs_1981_09_13.pdf~fides_delim~gmmt summaty~fides_delim~1-<em>10 K 27</em> Delaney, slant right side, gain 3 to K 30 (Kollar). 2- 7 K 30 Kenney, pass to Dixon, incomplete.~fides_delim~totalcount
10k27~fides_delim~https://zetcode.com/golang/base64/~fides_delim~Go Base64 - encoding/decoding binary data to/from ... - ZetCode~fides_delim~... r 60 8 <em>10 K 27</em> b 44 s 61 9 11 L 28 c 45 t 62 + 12 M 29 d 46 u 63 / 13 N 30 e 47 v 14 O 31 f 48 w (pad) = 15 P 32 g 49 x 16 Q 33 h 50 y ...~fides_delim~totalcount
10k27~fides_delim~https://boxden.com/showthread.php?t=3211729&goto=newpost~fides_delim~&quot;Doja&#39;s Inferno&quot; - Boxden.Com~fides_delim~The Watcher. '17. The Watcher topics gone triple plat - Number 1 spot <sup>x62</sup>. Props total: 195207 195 K Slaps total: 10481 <em>10 K 27</em> min ago ...~fides_delim~totalcount
10k27~fides_delim~https://www.icd10data.com/ICD10CM/Codes/K00-K95/K20-K31/K27-~fides_delim~Peptic ulcer, site unspecified K27 - ICD-10-CM Codes~fides_delim~A break in the lining of the lower part of the esophagus, the stomach, or the upper part of the small intestine. Peptic ulcers form when cells on the surface of ...~fides_delim~totalcount
10k27~fides_delim~https://www.youtube.com/watch?v=Quy4fsc6nBE~fides_delim~Mechanical Seal Repair on a Goulds MCC Series Pump~fides_delim~Chris repairs the mechanical seal (shaft seal) on a Gould&#39;s MCC Series transfer pump.Subscribe &amp; “Ring the Bell”: http://bit.ly/2CpXSsvHave&nbsp;...~fides_delim~totalcount
10k27~fides_delim~https://www.densoproducts.com/cam-crank-sensors-denso~fides_delim~Denso Camshaft/Crankshaft Sensors - DensoProducts.com~fides_delim~Shop Denso camshaft position sensors and crankshaft position sensors on DensoProducts.com - a full line Denso distributor.~fides_delim~totalcount
10k27~fides_delim~https://www.delcoremy.com/alternators~fides_delim~Medium &amp; Heavy Duty Alternators - Delco Remy~fides_delim~From brushless designs with fewer moving parts to remote sense to improve battery charge time, Delco Remy technology is second to none.~fides_delim~totalcount
10k27~fides_delim~https://www.boilersupplies.com/aftermarket-replacement-pump-seals/goulds-replacement-seals/646~fides_delim~Goulds Pump Replacement Seals | Boilersupplies.com~fides_delim~~fides_delim~totalcount
10k27~fides_delim~https://www.nytimes.com/interactive/2021/us/guantanamo-bay-detainees.html~fides_delim~The Guantánamo Docket - The New York Times~fides_delim~Since 2002, roughly 780 detainees have been held at the American military prison at Guantánamo Bay, Cuba. Thirty-five remain.~fides_delim~totalcount
10k27~fides_delim~https://www.flexaseal.com/replacement/?lang=es~fides_delim~Replacement Seals - John Crane, Burgmann, Flygt - Flexaseal~fides_delim~Remplazamos los sellos mecánicos originales en una gran variedad de bombas, compresores, agitadores y equipos rotativos en general. Remplazo directo para ...~fides_delim~totalcount
