10sek to eur~fides_delim~https://wise.com/us/currency-converter/sek-to-eur-rate?amount=10~fides_delim~10 Swedish Krona to Euro Exchange Rate. Convert SEK/EUR~fides_delim~5 SEK, 0.44733 EUR ; 10 SEK, <em>0.89466 EUR</em> ; 20 SEK, 1.78932 EUR ; 50 SEK, 4.47331 EUR.~fides_delim~totalcount
10sek to eur~fides_delim~https://sek.currencyrate.today/convert/amount-10-to-eur.html~fides_delim~10 Swedish Kronor (SEK) to Euros (EUR) - Currency Converter~fides_delim~10 SEK to EUR – Swedish Kronor to Euros. How much is kr10.00 – the ten swedish kronor is worth <em>€0.895</em> (EUR) today or Zero euros 90 cents as of ...~fides_delim~totalcount
10sek to eur~fides_delim~https://currencylive.com/exchange-rate/10-sek-to-eur-exchange-rate-today/~fides_delim~10 SEK to EUR Exchange Rate Today - Swedish Krona/Euro~fides_delim~The SEK/EUR mid-market exchange rate today is <em>0.0895</em>. That means that if you convert 10 SEK to EUR you'll get 0.9 EUR. It's worth knowing that the mid-market ...~fides_delim~totalcount
10sek to eur~fides_delim~https://moneyexchangerate.org/currencyexchange/sek/eur/10~fides_delim~10 SEK to EUR - Swedish Krona to Euro Exchange rate~fides_delim~Similar to 10 SEK EUR rates ; 10 Swedish Krona =<em> 0.89 Euro</em> ; 11 Swedish Krona = 0.98 Euro ; 12 Swedish Krona = 1.07 Euro ; 13 Swedish Krona = 1.16 Euro.~fides_delim~totalcount
10sek to eur~fides_delim~https://canjean.com/convert/10-SEK-in-EUR~fides_delim~10 SEK in EUR (Swedish Kronas to Euros) - CANJEAN~fides_delim~Conversion for 10 SEK in EUR = <em>€ 1.0457</em> - Fast forex trading and exchange rates conversion. Convert 10 Swedish Kronas (SEK) and Euros (EUR)~fides_delim~totalcount
10sek to eur~fides_delim~https://sek.fxexchangerate.com/eur/10-currency-rates.html~fides_delim~10(SEK) Swedish Krona(SEK) To Euro(EUR) Currency Rates ...~fides_delim~Convert Swedish Krona(SEK) To Euro(EUR) ; 5 SEK = 0.4469, 55.9359 ; 10 SEK = <em>0.8939, 111.8717</em> ; 15 SEK = 1.3408, 167.8076 ; 20 SEK = 1.7878, 223.7435 ...~fides_delim~totalcount
10sek to eur~fides_delim~https://currencyaz.com/converter/10-sek-to-eur~fides_delim~10 SEK to EUR - Convert Swedish Krona to Euro Exchange ...~fides_delim~Is it the right time to change your currencies ? ; <em>200 SEK = 17.72886 EUR</em>, 200 EUR = 2,256.20818 SEK ; 300 SEK = 26.59329 EUR, 300 EUR = 3,384.31227 SEK.~fides_delim~totalcount
10sek to eur~fides_delim~https://www.forbes.com/advisor/money-transfer/currency-converter/sek-eur/~fides_delim~SEK To EUR: Convert Swedish Krona to Euro - Forbes Advisor~fides_delim~Check the currency rates against all the world currencies here. The currency converter below is easy to use and the currency rates are updated frequently.~fides_delim~totalcount
10sek to eur~fides_delim~https://currencyconverts.com/sek/eur/10~fides_delim~10 SEK to EUR - How much 10 Swedish Krona (Skr) to Euro (€)?~fides_delim~You have converted 10 Swedish Krona (SEK) to Euro (EUR) . Exchange rate for the conversion is <em>0.8871</em> for 12 January 2023, Thursday. How much is 10 Swedish Krona ...~fides_delim~totalcount
10sek to eur~fides_delim~https://sek.mconvert.net/eur/10~fides_delim~10 Swedish Krona to Euro or convert 10 SEK to EUR~fides_delim~How much is 10 Swedish Krona in Euro? - 10 SEK to EUR (10 Swedish Krona to Euro) is <em>0.89 EUR</em> with exchange rate 0.0889 for today. For your convenience Mconvert ...~fides_delim~totalcount
10sek to eur~fides_delim~https://www.fxrateslive.com/SEK/EUR/10~fides_delim~10 SEK to EUR - 10 Swedish Krona to Euro~fides_delim~<em>10 SEK</em> to <em>Euros</em>. Today's Value of 10 Swedish Krona in <em>Euro</em> is .89 (<em>EUR</em>). The exchange rate used for the SEK/<em>EUR</em> currency pair was : .089.~fides_delim~totalcount
10sek to eur~fides_delim~https://www.revolut.com/en-US/currency-converter/convert-sek-to-eur-exchange-rate/?amount=10~fides_delim~Convert 10 SEK to EUR - Revolut~fides_delim~Convert <em>10 SEK</em> to <em>EUR</em>. Join Revolut to convert Swedish Kronor to <em>Euros</em> at great exchange rates. Amount.~fides_delim~totalcount
10sek to eur~fides_delim~https://www.currencyconverterx.com/SEK/EUR/10~fides_delim~10 SEK to EUR - Convert kr10 Swedish krona to Euro~fides_delim~Convert 10 SEK to <em>EUR</em> using live Foreign Currency Exchange Rates. kr10 Swedish krona to <em>Euro</em> € conversion online.~fides_delim~totalcount
10sek to eur~fides_delim~https://www.likeforex.com/currency-converter/swedish-krona-sek_eur-euro.htm/.10~fides_delim~.10 Swedish Krona to Euro, .10 SEK to EUR Currency Converter~fides_delim~Real time exchange rates, highly accurate. .10 Swedish Krona to <em>Euro</em>, .10 SEK to <em>EUR</em> Currency Converter.~fides_delim~totalcount
10sek to eur~fides_delim~https://online-calculator.org/10-sek-to-eur~fides_delim~10 SEK to EUR - Convert 10 Swedish Krona to Euro~fides_delim~How much is 10 Swedish Krona in <em>Euro</em>? 10 Swedish Krona equals €0.92, or <em>10 SEK</em> = 0.92 <em>EUR</em>. SEK, <em>EUR</em>. kr10 ...~fides_delim~totalcount
10sek to eur~fides_delim~https://currencyconvert.online/sek/eur/10~fides_delim~10 Swedish Krona to Euro - Convert SEK to EUR~fides_delim~To show you the most accurate result, we use the international exchange rate. Convert currency <em>10 SEK</em> to <em>EUR</em>. How much is kr10 Swedish Krona to <em>Euro</em>? — €0.896 ...~fides_delim~totalcount
10sek to eur~fides_delim~https://currency-converter-calculator.com/convert/SEK/EUR/10~fides_delim~Convert 10 Swedish Krona (SEK) to Euro (EUR)~fides_delim~2023-01-09, <em>10 SEK</em> = 111.89439 <em>EUR</em> ; 2023-01-08, <em>10 SEK</em> = 112.21114 <em>EUR</em> ; 2023-01-07, <em>10 SEK</em> = 112.00809 <em>EUR</em> ; 2023-01-06, <em>10 SEK</em> = 112.44647 <em>EUR</em>.~fides_delim~totalcount
10sek to eur~fides_delim~http://currencyconverter.io/sek-eur~fides_delim~Swedish Krona (SEK) to Euro (EUR) Converter~fides_delim~Swedish Krona (SEK) to <em>Euro</em> (<em>EUR</em>) Conversion Table ; 1 SEK = 0.896 <em>EUR</em>, <em>10 SEK</em> = 8.957 <em>EUR</em> ; 2 SEK = 1.791 <em>EUR</em>, 20 SEK = 17.914 <em>EUR</em> ; 3 SEK = 2.687 <em>EUR</em>, 30 SEK = ...~fides_delim~totalcount
10sek to eur~fides_delim~https://www.exchange-rates.com/10/SEK/EUR~fides_delim~10 Swedish Krona to Euro | Convert 10 SEK EUR~fides_delim~Convert 10 SEK to <em>EUR</em>. What is 10 Swedish Krona to <em>Euro</em>? Krona to <em>Euro</em> exchange rate and currency converter frequently updated every 5-10 minutes.~fides_delim~totalcount
10sek to eur~fides_delim~https://exchangerates.org/10-sek-to-eur~fides_delim~10 SEK to EUR | Convert 10 Swedish krona to Euro~fides_delim~As of 23 January, 2023, 10 SEK to <em>EUR</em> = 0.89738 <em>Euro</em>. See the real-time and historical exchange rate data of 10 SEK in <em>EUR</em>.~fides_delim~totalcount
10sek to eur~fides_delim~https://www.moneycurrencyconverter.com/10-sek-to-eur.html~fides_delim~Convert 10 (SEK) Swedish Krona To Euro (EUR)~fides_delim~<em>10 SEK</em>, = 0.895 <em>EUR</em> ; ( Swedish Krona ), ( <em>Euro</em> ) ; Would you like to convert a new amount?~fides_delim~totalcount
10sek to eur~fides_delim~https://www.valutakalkulator.net/en/index.html?from=SEK&to=EUR&value=10~fides_delim~Current exchange rate: 10 SEK to EUR - Valutakalkulator.net~fides_delim~Currency converter that allows you to perform currency and foreign exchange rate calculations.~fides_delim~totalcount
10sek to eur~fides_delim~https://sek.exchangeconversions.com/10-sek-eur~fides_delim~10 Swedish Kronors to Euros (SEK to EUR)~fides_delim~10 SEK to <em>EUR</em> exchange rate. How much is 10 Swedish Kronors (SEK) in <em>Euros</em> (<em>EUR</em>) ?SEK to <em>EUR</em> calculator.~fides_delim~totalcount
10sek to eur~fides_delim~https://myfin.us/currency-converter/sek-eur~fides_delim~Swedish Krona to Euro (SEK to EUR) - exchange rate - Myfin.Us~fides_delim~Exchange rate SEK to <em>EUR</em>, live currency chart — Myfin.us. ... Swedish Krona to <em>Euro</em> — exchange rate ... 1 SEK, 0.0884 <em>EUR</em>. <em>10 SEK</em>, 0.8839 <em>EUR</em>.~fides_delim~totalcount
10sek to eur~fides_delim~https://currency.world/exchange_rates/EUR/SEK~fides_delim~Euro (EUR) to Swedish Krona (SEK) exchange rate~fides_delim~5 SEK, 0.4480 <em>EUR</em>. <em>10 SEK</em>, 0.8961 <em>EUR</em>. 25 SEK, 2.240 <em>EUR</em>. 50 SEK, 4.480 <em>EUR</em>. 100 SEK, 8.961 <em>EUR</em>. 500 SEK, 44.804 <em>EUR</em>. 1000 SEK, 89.607 <em>EUR</em>.~fides_delim~totalcount
10sek to eur~fides_delim~https://www.exchangerates247.com/currency-converter/?from=SEK&to=EUR&amount=10~fides_delim~Convert 10 Swedish Krona (SEK) to Euro (EUR)~fides_delim~10 Swedish Krona to <em>Euro</em> Exchange Rates in the Last 10 Days ; 23-Jan, 0.8952 <em>Euro</em> ; 22-Jan, 0.8930 <em>Euro</em> ; 21-Jan, 0.8930 <em>Euro</em> ; 20-Jan, 0.8948 <em>Euro</em>.~fides_delim~totalcount
10sek to eur~fides_delim~http://currency7.com/sek-to-eur-exchange-rate-converter~fides_delim~Currency Converter · Swedish Krona (SEK) to Euro (EUR)~fides_delim~The <em>Euro</em> (<em>EUR</em>) is the currency of the Eurozone, which consists of 17 out of 27 member states of ... <em>10 SEK</em> = 0.90 <em>EUR</em>; 50 SEK = 4.48 <em>EUR</em>; 100 SEK = 8.97 <em>EUR</em> ...~fides_delim~totalcount
10sek to eur~fides_delim~https://citizenmaths.com/currency/10-sek-to-eur~fides_delim~How Much is 10 Swedish Krona (SEK) in Euro (EUR)~fides_delim~<em>10 SEK</em> = 10 x 0.088506 = 0.88506 <em>EUR</em>. 10 Swedish Krona to <em>Euro</em> Performance. Rates, 1 Month, 3 Months, 6 Months. Max ...~fides_delim~totalcount
10sek to eur~fides_delim~https://currencies.zone/converter/swedish-krona/euro~fides_delim~Currency convert swedish krona to euro (SEK - EUR)~fides_delim~1 SEK = 0.101 <em>EUR</em>, 1 <em>EUR</em> = 9.855 SEK ; 2 SEK = 0.203 <em>EUR</em>, 2 <em>EUR</em> = 19.711 SEK ; 5 SEK = 0.507 <em>EUR</em>, 5 <em>EUR</em> = 49.277 SEK ; <em>10 SEK</em> = 1.015 <em>EUR</em>, 10 <em>EUR</em> = ...~fides_delim~totalcount
10sek to eur~fides_delim~https://www.curvert.com/en/eur-sek/~fides_delim~EUR to SEK - Euro to Swedish Krona currency converter~fides_delim~Exchange rate <em>Euro</em> to Swedish Krona = 11,10. <em>Euro</em>, Swedish Krona. € 1, kr 11.10. € 5, kr 55.52. € ...~fides_delim~totalcount
10sek to eur~fides_delim~https://f-rates.com/OneToMany/cheatsheets/cheatsheets/809.10-SEK-to-EUR~fides_delim~809.10 SEK to EUR Conversion - f-rates .com~fides_delim~Convert Swedish Krona (SEK) to <em>Euro</em> (<em>EUR</em>). ... Find the daily exchange rates for SEK/<em>EUR</em> and for all the top world currencies. ... <em>10 SEK</em> in GBP.~fides_delim~totalcount
10sek to eur~fides_delim~https://www.coinbase.com/converter/eurs/sek~fides_delim~EURS/SEK: Convert STASIS EURO to Swedish Krona~fides_delim~Easily convert STASIS <em>EURO</em> to Swedish Krona with our cryptocurrency converter. ... <em>10 SEK</em>. 0.91 EURS. 50 SEK. 4.57 EURS. 100 SEK. 9.13 EURS. 500 SEK.~fides_delim~totalcount
10sek to eur~fides_delim~https://www.currencyc.com/sek-eur.html~fides_delim~Swedish Krona (SEK) to Euro (EUR) Rates Today~fides_delim~<em>Euro</em> (<em>EUR</em>) ; 5 sek, 0.45 <em>eur</em> ; <em>10 sek</em>, 0.89 <em>eur</em> ; 15 sek, 1.34 <em>eur</em> ; 50 sek, 4.47 <em>eur</em>.~fides_delim~totalcount
10sek to eur~fides_delim~http://167.172.231.121/currency-converter/swedish-krona-sek_eur-euro.htm/5680~fides_delim~5680 Swedish Krona to Euro, 5680 SEK to EUR Currency ...~fides_delim~1 · <em>10 SEK</em> · 0.8972 <em>EUR</em> ; 2 · 50 SEK · 4.4862 <em>EUR</em> ; 3 · 100 SEK · 8.9725 <em>EUR</em> ; 4 · 200 SEK · 17.94 <em>EUR</em> ; 5 · 500 SEK · 44.86 <em>EUR</em> ...~fides_delim~totalcount
10sek to eur~fides_delim~https://www.converterhub.com/en/converter/1200sek-eur~fides_delim~1200.00 SEK to EUR Currency Converter~fides_delim~<em>10 SEK</em> = 0.8986 <em>EUR</em>, 111.2797 SEK = ; 20 SEK = 1.7973 <em>EUR</em>, 222.5593 SEK = ; 25 SEK = 2.2466 <em>EUR</em>, 278.1992 SEK = ; 50 SEK = 4.4932 <em>EUR</em>, 556.3983 SEK = ...~fides_delim~totalcount
10sek to eur~fides_delim~https://ambcrypto.com/convert/10-sek-to-kfx~fides_delim~Convert 10 SEK to KFX (10 Swedish Krona to KnoxFS )~fides_delim~Current value of <em>10 SEK</em> in KFX is 16.92 KFX ... At the moment, you are looking at the conversion of <em>10 SEK</em> when 1 SEK is valued at 1.69 ... <em>EUR</em>. 1.810285e-9.~fides_delim~totalcount
10sek to eur~fides_delim~https://coincodex.com/convert/sek-tokenized-currency/usd/10/~fides_delim~SEK Tokenized Currency to US Dollar Converter - CoinCodex~fides_delim~<em>10 SEK</em> to USD Chart — Historical price of SEK Tokenized Currency ... SEK Tokenized Currency's price for <em>10 SEK</em> is 0.84274790 <em>EUR</em> in the ...~fides_delim~totalcount
10sek to eur~fides_delim~https://www.routesnorth.com/planning-trip-sweden/frequently-asked-questions/what-currency-do-they-use-in-sweden/~fides_delim~What currency do they use in Sweden – Routes North~fides_delim~Despite being a part of the <em>EU</em>, Sweden does not use the <em>euro</em>. ... There are also four types of coins – 1 SEK, 2 SEK, 5 SEK and <em>10 SEK</em>.~fides_delim~totalcount
10sek to eur~fides_delim~https://www.fx-exchange.com/sek/eur-2022_03_15-exchange-rates-history.html~fides_delim~Swedish Krona(SEK) To Euro(EUR) on 15 Mar 2022 (15/03 ...~fides_delim~<em>10 SEK</em> = 0.94857 <em>EUR</em>, 105.42192 SEK = 10 <em>EUR</em>. 15 SEK = 1.42285 <em>EUR</em>, 158.13288 SEK = 15 <em>EUR</em>. 20 SEK = 1.89714 <em>EUR</em>, 210.84385 SEK = 20 <em>EUR</em>.~fides_delim~totalcount
10sek to eur~fides_delim~https://www.ifcmtrade.com/en/currency-converter/sek-ghs/10~fides_delim~10 SEK to GHS | Convert Swedish Krona to Ghana Cedis~fides_delim~10 SEK to GHS Online Currency Converter (Calculator). Convert Swedish Krona to Ghana Cedis with real time forex rates based on up-to-the-second interbank ...~fides_delim~totalcount
10sek to eur~fides_delim~https://liveexchanges.com/convert-10-SEK-SGD.html~fides_delim~10 SEK to SGD Exchange Rate live~fides_delim~10 SEK/SGD Converter - Swedish Kronors in Singapore Dollars Converter. This 10 SEK/SGD calculator ... 10 SEK Swedish Kronor ... SEK/EUR · <em>10 SEK</em>/<em>EUR</em>, 0.92.~fides_delim~totalcount
