11-20 in spanish~fides_delim~https://www.youtube.com/watch?v=PAGAfs04Udk~fides_delim~Counting In Spanish 11-20 | Jack Hartmann - YouTube~fides_delim~Teach your children to count to from <b>11 - 20 in Spanish</b>. This is a great counting in Spanish by 1&#39;s song for children.~fides_delim~totalcount
11-20 in spanish~fides_delim~https://www.youtube.com/watch?v=44zndlqohxw~fides_delim~Spanish Numbers 11 - 20 | Números en Español - YouTube~fides_delim~Learn how to say the numbers in <b>Spanish</b> from 11 to 20.Hoy aprenderemos los Números en Español del 11 al 20.Get More Lessons – Subscribe&nbsp;...~fides_delim~totalcount
11-20 in spanish~fides_delim~https://www.youtube.com/watch?v=qDiiLyNMA30~fides_delim~How To Say / Pronounce Numbers 11 to 20 In Spanish~fides_delim~How to pronounce the <b>Spanish</b> numbers 11 to 20:11: once12: doce13: trece14: catorce15: quince16: dieciséis17: diecisiete18: dieciocho19:&nbsp;...~fides_delim~totalcount
11-20 in spanish~fides_delim~https://www.youtube.com/watch?v=hWSoO3dnEOE~fides_delim~The Numbers 11-20 in Spanish | Learn Spanish ⚫️ - YouTube~fides_delim~The Numbers <b>11-20 in Spanish</b> | Learn Spanish ⚫️. 4K views 5 years ago. Brainemy. Brainemy. 2.85K subscribers. Subscribe. 20. I like this.~fides_delim~totalcount
11-20 in spanish~fides_delim~https://www.fluentin3months.com/spanish-numbers/~fides_delim~Spanish Numbers: How to Count from 1 - 1,000+ in Spanish~fides_delim~1 – 100 <em>Spanish</em> Numbers ; 1 uno, 2 dos, 3 tres ; 6 seis, 7 siete, 8 ocho ; 11 once, 12 doce, 13 trece ; 16 dieciséis, 17 diecisiete, 18 dieciocho ; 21 veintiuno, 22 ...~fides_delim~totalcount
11-20 in spanish~fides_delim~https://www.spanishlearninglab.com/counting-in-spanish-numbers/~fides_delim~Counting Spanish Numbers 1-20: List, Sentences and Practice~fides_delim~In this lesson, you will learn to count from 1 to 20 in <em>Spanish</em> by listening to ... Making sentences with Numbers in <em>Spanish 11-20</em>: list and sentences.~fides_delim~totalcount
11-20 in spanish~fides_delim~https://www.teacherspayteachers.com/Browse/Search:numbers+11-20+spanish/Price-Range/Free~fides_delim~Numbers 11-20 Spanish Teaching Resources | TPT~fides_delim~Browse numbers <em>11-20 spanish</em> resources on Teachers Pay Teachers, a marketplace trusted by millions of teachers for original educational ...~fides_delim~totalcount
11-20 in spanish~fides_delim~https://www.spanishdict.com/translate/11%3A20%20pm~fides_delim~11:20 pm in Spanish | English to Spanish Translation~fides_delim~[It is] eleven twenty at night ... Examples have not been reviewed. ... Roll the dice and learn a new word now! ... SpanishDict is the world's most popular <em>Spanish</em>- ...~fides_delim~totalcount
11-20 in spanish~fides_delim~https://www.onlinefreespanish.com/aplica/lessons/numbers1120/num1120menu.htm~fides_delim~Los Números - Numbers 11 to 20 in ... - OnlineFreeSpanish.com~fides_delim~Learn <em>Spanish</em> vocabulary about the numbers 11 to 20 with our free online activities, games and worksheets. ... Los Números - Numbers <em>11-20</em> ...~fides_delim~totalcount
11-20 in spanish~fides_delim~https://quizlet.com/19473055/spanish-numbers-11-20-flash-cards/~fides_delim~Spanish numbers 11-20 Flashcards - Quizlet~fides_delim~Terms in this set (10) ; once. eleven ; doce. twelve ; trece. thirteen ; catorce. fourteen ; quince. fifteen.~fides_delim~totalcount
11-20 in spanish~fides_delim~https://quizlet.com/40440483/spanish-numbers-11-20-flash-cards/~fides_delim~Spanish Numbers 11-20 Flashcards - Quizlet~fides_delim~Terms in this set (10) ; Eleven, 11. Once ; Twelve, 12. Doce ; Thirteen, 13. Trece ; Fourteen, 14. Catorce ; Fifteen, 15. Quince.~fides_delim~totalcount
11-20 in spanish~fides_delim~https://www.rosettastone.com/languages/counting-in-spanish/~fides_delim~Counting In Spanish | Rosetta Stone®~fides_delim~Counting in <em>Spanish</em> is a great thing to tackle when you first begin learning the language. Learn how to count in <em>Spanish</em> with the award-winning Rosetta ...~fides_delim~totalcount
11-20 in spanish~fides_delim~https://quizizz.com/admin/quiz/5d76b4c41949d2001fe37ee4/spanish-numbers-11-20~fides_delim~Spanish Numbers 11-20 | Spanish Quiz - Quizizz~fides_delim~Question 1 · Q. What is the number 10 in <em>Spanish</em>? · cinco. dias. diez ; Question 2 · Q. What is the number 20 in <em>Spanish</em> · veinte. diez. veintre ; Question 3 · Q. What ...~fides_delim~totalcount
11-20 in spanish~fides_delim~https://www.secondstorypress.com/products/spanish-numbers-11-20-poster-18-x-24~fides_delim~Spanish Numbers 11-20 Poster - Second Story Press~fides_delim~<em>Spanish</em> Numbers <em>11-20</em> Poster. $6.95. Introduce numbers <em>11-20</em> with this colorful 18 x 24 in. poster that includes a free guide with teaching suggestions ...~fides_delim~totalcount
11-20 in spanish~fides_delim~https://www.pinterest.com/pin/6544361933690342/~fides_delim~Tarea: Numeros 11-20 (Homework: Numbers 11-20 in Spanish)~fides_delim~Mar 4, 2014 - In <em>Spanish</em>! A page of practice worksheets for each number <em>11-20</em>, containing a variety of math skills. In addition, each page includes numerous ...~fides_delim~totalcount
11-20 in spanish~fides_delim~https://utopia-eco-hotel.myshopify.com/products/11-20-hours-spanish-lessons~fides_delim~Spanish Lessons - 11-20 hours - Utopia Eco Hotel~fides_delim~<em>Spanish</em> Lessons - <em>11-20</em> hours ... Learn a new language while you travel! Take an hour or more of classes from one of our Certified <em>Spanish</em> Teachers! *Price per ...~fides_delim~totalcount
11-20 in spanish~fides_delim~https://spanishmama.com/numbers-in-spanish-worksheets-1-20/~fides_delim~Numbers in Spanish Worksheets and how to Count 1-1000~fides_delim~Learn to say the numbers in Spanish from 1-1000, and grab some free printable Spanish numbers ... Here are numbers <em>11 – 20 in Spanish</em>:.~fides_delim~totalcount
11-20 in spanish~fides_delim~https://spanish411.net/Spanish-Times-Dates.asp~fides_delim~Times and Dates in Spanish - Spanish411~fides_delim~Son las once. It's 11:00. One major exception occurs at 1:00. Since there is only one hour, switch to a singular verb and article: Es la ...~fides_delim~totalcount
11-20 in spanish~fides_delim~https://studyspanish.com/grammar/lessons/cardnum2~fides_delim~Cardinal Numbers 11-30 - StudySpanish.com~fides_delim~Learn the <em>Spanish</em> numbers 11-30, practice their pronunciation with our oral exercises, then take a free quiz to test what ... Here are the numbers <em>11-20</em>:.~fides_delim~totalcount
11-20 in spanish~fides_delim~https://www.ixl.com/spanish/numbers-11-20~fides_delim~Numbers 11‑20 | Spanish - IXL~fides_delim~Improve your <em>Spanish</em> knowledge with free questions in "Numbers 11‑20" and many other <em>Spanish</em> skills.~fides_delim~totalcount
11-20 in spanish~fides_delim~https://www.spanish.academy/blog/ordinal-numbers/~fides_delim~Ordinal Numbers in Spanish: Master 1-10 and 11-100~fides_delim~For numbers 13-19, we use a combination of decimo + ordinal number 3-9, as in decimocuarto (14th). For numbers in between 20-100, we use the ordinal number ...~fides_delim~totalcount
11-20 in spanish~fides_delim~https://www.blablalang.com/how-say-numbers-spanish-1-20/~fides_delim~How to say numbers in Spanish 1-20 - Blablalang~fides_delim~Learning the numbers in <em>Spanish</em> 1-20 and counting in <em>Spanish</em> can help you to discuss about prices and to describe an amount in <em>Spanish</em> ...~fides_delim~totalcount
11-20 in spanish~fides_delim~https://classroombuddies.com/product/spanish-numbers-11-20-educational-laminated-chart/~fides_delim~Spanish Numbers 11-20 Educational Laminated Chart~fides_delim~<em>Spanish</em> Numbers <em>11-20</em> Educational Laminated Chart · Description · Related products · Pelican Border · Pelican Alphabet Line · Pelican Computer Paper.~fides_delim~totalcount
11-20 in spanish~fides_delim~https://matchthememory.com/SpanishNumbers11-20~fides_delim~Spanish Numbers 11-20 - Match The Memory~fides_delim~<em>Spanish</em> Numbers <em>11-20</em>. Cards Flipped: 0. Time: 00:05. 05. Number of Pairs. 2, 3, 4, 5, 6, 7, 8, 9, 10. Tags. <em>espanol</em> · numbers · numeros · <em>spanish</em> · teens.~fides_delim~totalcount
11-20 in spanish~fides_delim~https://cantaconjess.com/spanish-numbers~fides_delim~Spanish Numbers: Names and Pronunciation - Canta Con Jess~fides_delim~Learn the <em>Spanish</em> numbers by name and how to pronounce each number. Videos to learn to count from 1 to 10, from 11 to 20, from 10 to 100 by ...~fides_delim~totalcount
11-20 in spanish~fides_delim~https://www.liveworksheets.com/zl2087507ii~fides_delim~Spanish- Numbers 11 - 20 worksheet - Liveworksheets.com~fides_delim~<em>Spanish</em>- Numbers <em>11 - 20</em>. Drag the correct word to the numbers. ID: 2087507. Language: English School subject: <em>Spanish</em> Grade/level: Grade 3. Age: 7-9~fides_delim~totalcount
11-20 in spanish~fides_delim~https://kidsactivitiesblog.com/wp-content/uploads/2022/09/Numbers-11-20-Spanish-Flashcards-1.pdf~fides_delim~Numbers 11-20 Spanish Flashcards - Kids Activities Blog~fides_delim~Cut the dotted line and fold in the center. Eleven. Doce. Twelve. Once. Page 2. Cut the dotted line and fold in the center. Thirteen. Fourteen. Trece.~fides_delim~totalcount
11-20 in spanish~fides_delim~https://www.123teachme.com/learn_spanish/numbers_for_kids~fides_delim~Numbers 0 to 20 in Spanish - 123TeachMe~fides_delim~Count to 20 in <em>Spanish</em> ; cero zero, uno one, dos two ; tres three, cuatro four, cinco five ; seis six, siete seven, ocho eight.~fides_delim~totalcount
11-20 in spanish~fides_delim~https://www.studystack.com/flashcard-3277557~fides_delim~Free Spanish Flashcards about Numbers 11 - 20 - StudyStack~fides_delim~<em>Spanish</em> numbers <em>11 - 20</em> ; 11, once ; 12, doce ; 13, trece ; 14, catorce.~fides_delim~totalcount
11-20 in spanish~fides_delim~https://www.tes.com/en-us/teaching-resource/spanish-numbers-11-20-los-n-meros-11-20-12193793~fides_delim~Spanish - Numbers 11 - 20 - Los Números 11 - Tes~fides_delim~Four, fun activities for teaching numbers <em>11 - 20 in Spanish</em>. The first slides introduce the numbers. There is guidance on how to pronounce ...~fides_delim~totalcount
11-20 in spanish~fides_delim~https://www.cokogames.com/spanish-game-numbers-11-20/~fides_delim~Spanish Game Numbers 11-20 | COKO GAMES~fides_delim~<em>Spanish</em> Game Numbers <em>11-20</em>. GAME INFO Online educational game to learn the numbers in <em>Spanish</em> from 11 to 20. This game needs speakers or headphones to hear ...~fides_delim~totalcount
11-20 in spanish~fides_delim~https://www.etsy.com/listing/1030296867/match-numbers-11-20-spanish~fides_delim~Match Numbers 11-20 Spanish - Etsy~fides_delim~This Learning &amp; School item by MiamiSkye has 3 favorites from Etsy shoppers. Ships from United States. Listed on Oct 8, 2022.~fides_delim~totalcount
11-20 in spanish~fides_delim~https://www.learningbilingually.com/product/math-unit-on-numbers-11-20-in-spanish/~fides_delim~Math Unit on Numbers 11-20 in Spanish - Learning Bilingually~fides_delim~Description. This product is a math unit focusing on numbers <em>11-20 in Spanish</em> (and some parts in English). This math unit focuses on building vocabulary, ...~fides_delim~totalcount
11-20 in spanish~fides_delim~https://studycat.com/resource/spanish-numbers-colouring-2/~fides_delim~Spanish Numbers 11-20 Colouring Pages - Studycat~fides_delim~Spanish numbers colouring pages for young language learners. This activity teaches students the numbers <em>11-20 in Spanish</em>! Have your student colour the ...~fides_delim~totalcount
11-20 in spanish~fides_delim~https://app.memrise.com/course/153170/learn-spanish-grammar/50/~fides_delim~Learn Spanish Grammar - Ordinal numbers 11-20 - Memrise~fides_delim~An easy way to learn the <em>Spanish</em> grammar online for free with the Tapping Test. You have to rearrange the words to make correct ... Ordinal numbers <em>11-20</em>.~fides_delim~totalcount
11-20 in spanish~fides_delim~https://www.chegg.com/flashcards/spanish-numbers-11-20-4174536e-9f56-4c60-9dce-8b0d1cdc84b0/deck~fides_delim~Spanish numbers 11-20 Flashcards | Chegg.com~fides_delim~Study <em>Spanish</em> numbers <em>11-20</em> flashcards. Create flashcards for FREE and quiz yourself with an interactive flipper.~fides_delim~totalcount
11-20 in spanish~fides_delim~https://learningspanishwithjohanna.com/video-numbers-10-20/~fides_delim~Video – Numbers 10-20 - Learning Spanish with Johanna~fides_delim~Related Content: Song Vocabulary Worksheet Games Lesson Video.~fides_delim~totalcount
11-20 in spanish~fides_delim~http://www.davidreilly.com/spanish/lessons/numbers/onceacien/index.html~fides_delim~Numbers 11-100 - David Reilly~fides_delim~This lesson continues to teach numbers in <em>Spanish</em>. ... The numbers <em>11-20</em> require memorization, but you'll notice a pattern forming with the numbers 21-29.~fides_delim~totalcount
11-20 in spanish~fides_delim~https://www.spanishkidstuff.com/lesson-plans/numbers-1-20-lesson-plan.pdf~fides_delim~numbers-1-20-lesson-plan.pdf - Spanish Kid Stuff~fides_delim~www.spanishkidstuff.com | Lesson Plans for <em>Spanish</em> Kids Teachers ... 10 sheets of A4 paper with one number (<em>11-20</em>) written on each sheet - then wrap sheets.~fides_delim~totalcount
11-20 in spanish~fides_delim~https://linguapsych.com/spanish-numbers/~fides_delim~Learn How To Count Spanish Numbers 1-100, 1-1000, 1-10000~fides_delim~20,21,22…29 is the only series where the whole digit will be written as one single word: veintidos, veintitrés till veintinueve. Except 20 (veinte) &amp; 30 ( ...~fides_delim~totalcount
11-20 in spanish~fides_delim~https://scdhec.gov/sites/default/files/Library/CR-012723.pdf~fides_delim~CR-012723 11/20 - SCDHEC~fides_delim~Page 1. CR-012723 <em>11/20</em>. Page 2. CR-012723 <em>11/20</em>. Page 3. CR-012723 <em>11/20</em>.~fides_delim~totalcount
11-20 in spanish~fides_delim~https://www.frenchandspanishresources.com/2022/05/numbers-11-20-in-spanish-test-yourself.html~fides_delim~Numbers 11-20 in Spanish — Test yourself - Teach M.F.L.~fides_delim~Numbers <em>11-20 in Spanish</em> — Test yourself ; 11. once ; 12. doce ; 13. trece ; 14. catorce ; 15. quince.~fides_delim~totalcount
11-20 in spanish~fides_delim~https://takelessons.com/language/spanish-lessons/videos/learn-to-count-from-11-20~fides_delim~Learn to Count from 11-20 - TakeLessons~fides_delim~Learn to Count from <b>11-20</b>. Learn the numbers <b>11-20</b>. Carrie&#39;s classes. Explore more lessons with Carrie P. <b>spanish</b>. Tue 12:00am. Beginner.~fides_delim~totalcount
11-20 in spanish~fides_delim~https://hebrews110.github.io/float/question/Spanish11-20.html~fides_delim~Spanish Numbers 11 - 20t - GitHub Pages~fides_delim~Directions: Match the words to the numbers. The numbers start in a pile but then will start to move about the page and then separate and spread all around ...~fides_delim~totalcount
11-20 in spanish~fides_delim~https://spsy5.wordpress.com/2020/11/19/home-learning-19-11-20-spanish/~fides_delim~Home Learning 19/11/20: Spanish - Selsdon – Year 5~fides_delim~LI: To learn to count in <em>Spanish</em> up to 20. https://www.youtube.com/watch?v=po9PtmIfeV8 https://www.youtube.com/watch?v=I71avDkIaIk If you ...~fides_delim~totalcount
11-20 in spanish~fides_delim~https://spanishvip.com/vocabulary/spanish-numbers-1-100/~fides_delim~Spanish Numbers: Counting in Spanish from 1-100~fides_delim~<em>Spanish</em> Numbers <em>11 – 20</em> ... From eleven to fifteen, the numbers are completely irregular still, so you just need to memorize them, as well. But ...~fides_delim~totalcount
11-20 in spanish~fides_delim~https://www.clevelandohio.gov/node/167196~fides_delim~Vaccine - Zelma George 11-20 - Spanish | City of Cleveland~fides_delim~Vaccine - Zelma George <em>11-20</em> - <em>Spanish</em> ; Category: Health ; Department: Public Health ; Type: Misc ; Revision Date: November, 2021 ; File: VaccineZelmaGeorge1120es.~fides_delim~totalcount
11-20 in spanish~fides_delim~https://vimeo.com/374825903~fides_delim~Spanish 11-20 Final on Vimeo~fides_delim~This is &quot;<b>Spanish 11-20</b> Final&quot; by TCU Student Media on Vimeo, the home for high quality videos and the people who love them.~fides_delim~totalcount
11-20 in spanish~fides_delim~https://ielanguages.com/exercises/romance/romance-numbers20.htm~fides_delim~Numbers 11-20 in Romance Languages - ielanguages.com~fides_delim~Romance Languages Compared Gap-Fill Exercises: Comparisons of French, Italian, <em>Spanish</em> and. Fill in all the gaps, using tab to advance to the next blank.~fides_delim~totalcount
11-20 in spanish~fides_delim~http://www.englishnspanish.com/learn/basic/numbers_10~fides_delim~Numbers 10 to 20 - Learning Spanish~fides_delim~When ready, take a quiz. You will need to match <em>Spanish</em> words to their English translation. Practice each subgroup before moving to a full list. More tests at ...~fides_delim~totalcount
11-20 in spanish~fides_delim~https://www.newmexicokids.org/wpfd_file/elac-agenda-3-11-20-final-spanish-translation/~fides_delim~ELAC Agenda 3 11 20 – Final-Spanish Translation~fides_delim~ELAC Agenda 3 <em>11 20</em> - Final-<em>Spanish</em> Translation. File size: 436.20 KB. Created: 27-08-2021. Updated: 27-08-2021. Hits: 36. Download Preview.~fides_delim~totalcount
11-20 in spanish~fides_delim~https://spsyear3.wordpress.com/2020/11/11/spanish-home-learning-11-11-20/~fides_delim~Spanish Home Learning – 11/11/20 - Selsdon Primary Year 3~fides_delim~LI: To recognise numbers <em>11-20 in Spanish</em>. Let's start by recapping the classroom instructions we learnt last week. What phrases do you remember ...~fides_delim~totalcount
11-20 in spanish~fides_delim~https://www.softschools.com/spanish/spanish_numbers_1_100/~fides_delim~Spanish Numbers 1-100 - Softschools.com~fides_delim~<em>Spanish</em> Worksheets <em>Spanish</em> Numbers 1-100 0: cero (say-ro) 1: uno(oo-no) 2: dos(dose) 3:tres(trace) 4:cuatro(kwat-ro) 5:cinco(sink-o) 6:seis(saze)~fides_delim~totalcount
11-20 in spanish~fides_delim~https://www.education.com/resources/writing-numbers-11-20/~fides_delim~Search Writing Numbers 11-20 Educational Resources~fides_delim~Browse Writing Numbers <em>11-20</em> Educational Resources. Award winning educational materials designed to help kids succeed. Start for free now!~fides_delim~totalcount
11-20 in spanish~fides_delim~https://www.facebook.com/kidszoneplayhouse/videos/counting-numbers-11-20-in-english-and-spanish/377832710179612/?locale=gn_PY~fides_delim~Counting numbers 11-20 in English and... - Kids Zone Daycare~fides_delim~161 views, 13 likes, 2 loves, 3 comments, 1 shares, Facebook Watch Videos from Kids Zone Daycare: Counting numbers <b>11-20</b> in English and <b>Spanish</b>.~fides_delim~totalcount
11-20 in spanish~fides_delim~https://lifeovercs.com/free-marshmallow-counting-mats-for-preschool-numbers-11-20/~fides_delim~Free Marshmallow Counting Mats for Preschool Numbers 11 ...~fides_delim~These number mats for preschool help make teaching numbers <em>11 – 20</em> easy. ... An added bonus for this activity is that it comes in BOTH English and <em>Spanish</em>!~fides_delim~totalcount
11-20 in spanish~fides_delim~https://www.omsd.net/site/default.aspx?PageType=3&ModuleInstanceID=4459&ViewID=C9E0416E-F0E7-4626-AA7B-C14D59F72F85&RenderLoc=0&FlexDataID=20167&PageID=3249&Comments=true~fides_delim~Thanksgiving Letter--11/20/2020 (Spanish)~fides_delim~Ontario-Montclair School District · Superintendent · Thanksgiving Letter--<em>11/20</em>/2020 (<em>Spanish</em>) · Original text.~fides_delim~totalcount
11-20 in spanish~fides_delim~https://www.thoughtco.com/telling-time-in-spanish-3078120~fides_delim~How To Tell Time in Spanish - ThoughtCo~fides_delim~Es la una. (It is 1:00.) Es la una y dos. (It is 1:02.) Son las dos. (It is 2:00.) ...~fides_delim~totalcount
11-20 in spanish~fides_delim~https://spanishwithstephanie.com/lesson-plans-numbers-in-spanish-from-1-100/~fides_delim~How to teach numbers in Spanish from 0-100~fides_delim~Notes: Once your students can say the numbers, show them the spelling and ask them to take notes. Add on <em>11-20</em>. numbers-0-100-in-<em>spanish</em>. numbers-in-<em>spanish</em>- ...~fides_delim~totalcount
11-20 in spanish~fides_delim~https://langofoothills.com/class.aspx?cls=874110~fides_delim~Lango Foothills - Spanish for Preschoolers, Saturday, 10:30 AM~fides_delim~Saturday, 10:30 AM - <em>11:20</em> AM ... early elementary language lessons in the customs and traditions of <em>Spanish</em>, French, Italian and Mandarin-speaking people, ...~fides_delim~totalcount
11-20 in spanish~fides_delim~https://www.mexperience.com/ordinal-numbers-in-spanish/~fides_delim~Getting to Grips with Ordinal Numbers in Spanish - Mexperience~fides_delim~Décimo primero (or undécimo) – 11th; Décimo segundo (or duodécimo) – 12th; Décimo tercero -13th; Décimo cuarto -14th ...~fides_delim~totalcount
11-20 in spanish~fides_delim~https://spanish.yourdictionary.com/spanish-language/learning-spanish/dates-in-spanish.html~fides_delim~Dates in Spanish | YourDictionary~fides_delim~It's easy to learn how to say the days of the week and the months of the year in <em>Spanish</em>. Just be mindful about the date format!~fides_delim~totalcount
11-20 in spanish~fides_delim~https://prestonwood.org/spanish-online-worship-guide-11-20-2022/~fides_delim~Spanish Online Worship Guide 11-20-2022 - Prestonwood ...~fides_delim~<em>Spanish</em> Worship with Us 2022 Feature. Domingo, 2:00 p.m.. Campus en Plano 6801 W. Park Blvd. Plano, Texas 75093. Campus en Lewisville~fides_delim~totalcount
11-20 in spanish~fides_delim~https://hinative.com/questions/332284~fides_delim~How do you say this in Spanish (Mexico)? the numbers 11-20~fides_delim~How do you say this in <em>Spanish</em> (Mexico)? the numbers <em>11-20</em>. See a translation · Once, doce, trece, catorce, quince, dieciséis, diecisiete, ...~fides_delim~totalcount
11-20 in spanish~fides_delim~https://parlier.ca.us/welcome/food-distribution-flyer-spanish-11-20-20-002/~fides_delim~Food Distribution Flyer-Spanish 11-20-20 (002) | Parlier, CA~fides_delim~Food Distribution Flyer-<em>Spanish 11-20</em>-20 (002). Print Friendly, PDF &amp; Email. footer logo of parlier. Location. 1100 E. Parlier Avenue~fides_delim~totalcount
11-20 in spanish~fides_delim~https://dictionary.reverso.net/english-spanish/11+20+P+M~fides_delim~11 20 PM translation | English-Spanish dictionary~fides_delim~<em>11 20</em> P M translation in English - <em>Spanish</em> Reverso dictionary, see also , examples, definition, conjugation.~fides_delim~totalcount
11-20 in spanish~fides_delim~https://lamaestramch.com/spanish-basics-for-high-school-spanish-numbers/~fides_delim~Spanish numbers 1-100: activities for high school students~fides_delim~My task cards for <em>Spanish</em> numbers <em>11-20</em>. The other important thing was to make the activity attainable but slightly out of their comfort zone.~fides_delim~totalcount
11-20 in spanish~fides_delim~https://www.biblegateway.com/passage/?search=Colossians%201%3A11-20&version=NIV~fides_delim~Colossians 1:11-20 New International Version - Bible Gateway~fides_delim~... Reina-Valera 1995 (RVR1995), Reina-Valera Antigua (RVA), <em>Spanish</em> Blue Red and Gold Letter Edition (SRV-BRG), Traducción en lenguaje actual (TLA) ...~fides_delim~totalcount
11-20 in spanish~fides_delim~https://www.pbs.org/video/coronavirus-qa-051120-spanish-u7ln4q/~fides_delim~Coronavirus Q&amp;A (05/11/20) Spanish | Season 2020 - PBS~fides_delim~NC Emergency Management and Weather. Coronavirus Q&amp;A (05/<b>11/20</b>) <b>Spanish</b>. 05/11/2020 | 28m 1s | Video has closed captioning. Add toMy List.~fides_delim~totalcount
11-20 in spanish~fides_delim~https://www.fluentu.com/blog/spanish/learn-spanish-numbers/~fides_delim~Your Guide to Learning Spanish Numbers for Dates, Times ...~fides_delim~Going to be living or traveling in the <em>Spanish</em>-speaking world? ... Think you've got the numbers covered in <em>Spanish</em>? ... And from <em>11-20</em>?~fides_delim~totalcount
11-20 in spanish~fides_delim~https://dunellenpres.org/spanish-10-11-20~fides_delim~Spanish 10-11-20 - First Presbyterian Church of Dunellen~fides_delim~<em>Spanish</em> 10-<em>11-20</em>. <em>spanish</em> / By site_admin. Quieres una comida o una cosecha. Post navigation. ← Previous Post · Next Post →. October. November 2022.~fides_delim~totalcount
11-20 in spanish~fides_delim~https://policies.ncdhhs.gov/divisional/health-benefits-nc-medicaid/adult-medicaid/administrative-letters/2020/ma_al-11-20-med-covid-19-opt-testing-grp.pdf~fides_delim~11-20, MEDICAID COVID-19 OPTIONAL TESTING GROUP~fides_delim~DHB ADMINISTRATIVE LETTER NO: <em>11-20</em>,. MEDICAID COVID-19 OPTIONAL TESTING. GROUP ... and DHB-5200CV (<em>Spanish</em>) are available online.~fides_delim~totalcount
11-20 in spanish~fides_delim~https://web.library.yale.edu/cataloging/music/foreign~fides_delim~The names of numbers in French, German, Italian, and Spanish~fides_delim~~fides_delim~totalcount
11-20 in spanish~fides_delim~https://www.wikihow.com/Count-in-Spanish~fides_delim~How to Count in Spanish: 12 Steps (with Pictures) - wikiHow~fides_delim~1.Use the word cero (SAY-roh) for "zero." When counting to 10, you don't typically start with zero. The word for "zero" in Spanish sounds somewhat similar to ...
2.Start by counting from 1 to 5. You likely know at least the first few numbers from various songs or TV shows, so counting to 5 in Spanish should be ...
3.Move on to the words for the numbers 6 through 10. Once you can count from 1 to 5 smoothly and easily, add the numbers from 6 to 10 to your vocabulary ...~fides_delim~totalcount
11-20 in spanish~fides_delim~https://www.spanishspanish.com/java_free/numbers/intro_numbers_20/intro_numbers_20.html~fides_delim~Introduction - Numbers from 11 to 20~fides_delim~~fides_delim~totalcount
11-20 in spanish~fides_delim~https://www.health.state.mn.us/people/childrenyouth/ctc/youth.html~fides_delim~C&amp;TC for Adolescents and Young Adults, 11-20 Years~fides_delim~C&amp;TC for Adolescents and Young Adults, <em>11-20</em> Years ... AYA Patient Exit Survey Age 10-13 Years (<em>Spanish</em>) (Word) · AYA Patient Exit Survey ...~fides_delim~totalcount
11-20 in spanish~fides_delim~https://www.smithvillepubliclibrary.org/news-events/lib-cal/spanish-advanced/2017-11-20~fides_delim~Spanish - Advanced - Smithville Public Library~fides_delim~You are here: Home / News &amp; Events / Library Calendar / <em>Spanish</em> - Advanced / 2017-<em>11-20</em>. Info. <em>Spanish</em> - Advanced.~fides_delim~totalcount
11-20 in spanish~fides_delim~https://www.twinkl.com/resource/es-n-004-spanish-number-playdough-mats-11-20~fides_delim~Spanish Number Playdough Mats 11-20 - Twinkl~fides_delim~<em>Spanish</em> Number Playdough Mats <em>11-20</em> ... Free Account Includes: Thousands of FREE teaching resources to download; Pick your own FREE resource every week with our ...~fides_delim~totalcount
11-20 in spanish~fides_delim~https://www.helpfulgames.com/subjects/spanish/323-numbers-in-spanish.html~fides_delim~Numbers in Spanish: Play Free Online - Helpful Games~fides_delim~Play and practice Digits, Numbers and Reading in a free <em>Spanish</em> game. Learn online on 18 levels. Practice reading and writing of numbers ...~fides_delim~totalcount
11-20 in spanish~fides_delim~https://planningplaytime.com/numbers-11-20-games/~fides_delim~Numbers 11-20 Games - Planning Playtime~fides_delim~This Numbers <em>11-20</em> game comes with a spinner and the bingo card. ... I teach math in <em>Spanish</em> and would need to translate.~fides_delim~totalcount
11-20 in spanish~fides_delim~http://debbiespanish.blogspot.com/2018/01/teaching-young-kids-spanish-numbers-11.html~fides_delim~Teaching Young Kids Spanish Numbers 11-20~fides_delim~Teaching Young Kids <em>Spanish</em> Numbers <em>11-20</em>. {Affiliate links used.} When it comes to counting in <em>Spanish</em>, once kids have 1-20 memorized the ...~fides_delim~totalcount
11-20 in spanish~fides_delim~https://fsapartners.ed.gov/knowledge-center/library/application-processing/2007-11-20/summary-2008-2009-drug-conviction-worksheet-english-and-spanish~fides_delim~2008-2009 Drug Conviction Worksheet in English and Spanish~fides_delim~Posted on <em>11-20</em>-2007. The 2008-2009 Drug Conviction Worksheet in English and <em>Spanish</em> is attached in Portable Document Format (PDF).~fides_delim~totalcount
11-20 in spanish~fides_delim~https://www.top-tour-of-spain.com/spanish-numbers-1-100/~fides_delim~Learn Numbers in Spanish 1-100 - Top Tour of Spain~fides_delim~<em>Spanish</em> Numbers 1-100: Cardinals <em>11-20</em> · 11 : once · 12 : doce · 13 : trece · 14 : catorce · 15 : quince · 16 : dieciséis · 17 : diecisiete · 18 : dieciocho ...~fides_delim~totalcount
11-20 in spanish~fides_delim~https://www.nami.org/NAMI/media/NAMI-Media/BlogImageArchive/2020/NAMI-National-HelpLine-WarmLine-Directory-3-11-20.pdf~fides_delim~NAMI National Warmline Directory~fides_delim~<em>Spanish</em> Chat/Text. State. Warmline. Phone Number. Hours of operation. Y = Yes. Y = Yes. AK Careline of Alaska (only residents of Alaska).~fides_delim~totalcount
11-20 in spanish~fides_delim~https://bibletruthpublishers.com/apocalipsis-20/spanish-reina-valera-rv-1909/lbc1187SpaRV~fides_delim~Apocalipsis 20 (Spanish RV 1909) - Bible Truth Library~fides_delim~Revelation 19:<em>11-20</em>:3: The Appearing of Christ — Hamilton Smith (Revelation: An Expository Outline) · Revelation 20, Lectures on: Part 3 — William Kelly ...~fides_delim~totalcount
11-20 in spanish~fides_delim~https://www.lowellgeneral.org/health-and-wellness/health-and-wellness-programs/information-sessions-english-and-spanish/weight-management-information-sessions-spanish/11-20-2020~fides_delim~Weight Management Information Sessions - SPANISH~fides_delim~There are a number of ways to stay up to date with Lowell General Hospital. Learn more about the latest health updates on COVID-19, nutrition ...~fides_delim~totalcount
11-20 in spanish~fides_delim~https://www.bookdepository.com/English-Lessons-Now-Complete-English-For-Beginners-Lesson-11-20-Spanish-Edition-Kevin-L-King/9798600839885~fides_delim~English Lessons Now! Complete English For Beginners ...~fides_delim~English Lessons Now! Complete English For Beginners Lesson <em>11 - 20 Spanish</em> Edition ... AbeBooks may have this title (opens in new window). Try ...~fides_delim~totalcount
11-20 in spanish~fides_delim~https://www.cynopsis.com/09-11-20-snf-will-see-a-full-season-in-spanish-for-the-first-time/~fides_delim~09/11/20: SNF will see a full season in Spanish for the first time~fides_delim~Telemundo Deportes is adding the entire NBC Sunday Night Football 2020 slate to its sports content portfolio. Coverage of the 2020-21 NFL ...~fides_delim~totalcount
11-20 in spanish~fides_delim~https://myteachinglibrary.com/product/spanish-number-posters-11-20/~fides_delim~Spanish Number Posters 11-20 - My Teaching Library~fides_delim~<em>Spanish</em> Number Posters <em>11-20</em> quantity ... Body Part Cards | <em>Spanish</em> – English ... Each in <em>Spanish</em> and English -Use as flash cards or use as a fun, ...~fides_delim~totalcount
11-20 in spanish~fides_delim~https://coursefinders.com/blog/en/17986/spanish-numbers-from-1-to-100-and-how-to-learn-them~fides_delim~Spanish numbers from 1 to 100 (and how to learn them) - Blog~fides_delim~As a <em>Spanish</em> learner it is also important to learn the numbers. ... <em>11 – 20</em>. once – doce – trece – catorce – quince – dieciséis – diecisiete ...~fides_delim~totalcount
11-20 in spanish~fides_delim~https://www.goodreads.com/book/show/32835254-dli-spanish-basic-course-11-20~fides_delim~DLI Spanish Basic Course 11-20 - Goodreads~fides_delim~DLI <em>Spanish</em> Basic Course <em>11-20</em> book. Read reviews from world's largest community for readers. Welcome to the Defense Language Institute Foreign Language ...~fides_delim~totalcount
11-20 in spanish~fides_delim~https://www.spanishfork.org/departments/parks_and_recreation/sports/basketball_pictures.php~fides_delim~Picture Schedule - Spanish Fork City~fides_delim~<em>Spanish</em> Fork High School (D bldg.) ... <em>11:20</em>, Lobos-Johnson/Red Hawks-Bingham. 11:30, Sunbirds-Campbell/Warriors-Cox. 12:00, Hawks-Bills/Spartans-Stream.~fides_delim~totalcount
11-20 in spanish~fides_delim~https://video.wkno.org/video/coronavirus-qa-051120-spanish-u7ln4q/~fides_delim~Coronavirus Q&amp;A (05/11/20) Spanish | Season 2020 | WKNO~fides_delim~Coronavirus Q&amp;A (05/<b>11/20</b>) <b>Spanish</b>.~fides_delim~totalcount
11-20 in spanish~fides_delim~https://www.monroviaschools.net/apps/pages/index.jsp?uREC_ID=349147&type=d~fides_delim~Home – Parent Information - Monrovia Unified School District~fides_delim~Newsletter - February 2013 <em>Spanish</em> - Suicide Warning Signs (<em>11-20</em>) ... General Suicide Prevention Guidelines for Parents and Teens (<em>11-20</em>).~fides_delim~totalcount
11-20 in spanish~fides_delim~https://www.spanish-games.net/spanishgames/mix-and-match?topic=Numbers%20to%2020&level=secondary~fides_delim~MIX AND MATCH game to learn Numbers to 20 in Spanish~fides_delim~MIX AND MATCH game to learn Numbers to 20 in <em>Spanish</em> ; 11, once, eleven ; 12, doce, twelve.~fides_delim~totalcount
11-20 in spanish~fides_delim~https://new.abb.com/products/1SBL357001R7211/af50-30-11-20-60v-dc~fides_delim~AF50-30-11 20-60V DC - ABB~fides_delim~The AF... contactors are also fully suitable for operation in AC or DC control circuit liable to voltage interruptions or voltage dip risks. Advantages: - Wide ...~fides_delim~totalcount
11-20 in spanish~fides_delim~https://learnspanish123.com/spanish-3/unit-4-contemporary-life/contemporary-life-videos-11-20/~fides_delim~3 CL Video Lessons 11-20. - Learn Spanish 123~fides_delim~Lesson 11 PRETERITE and IMPERFECT sents 07-12: On Tuesday, I arrived early. On Tuesdays, I always arrived early. She ate a taco at 5:15.~fides_delim~totalcount
11-20 in spanish~fides_delim~https://boltcatering.com/product/spanish-style-shrimp/~fides_delim~Spanish Style Shrimp | Bolt Catering~fides_delim~... in garlic seasonings served with <em>Spanish</em> cauliflower rice with green olives and green beans. This meal is served vacuum and best if consumed by <em>11/20</em>.~fides_delim~totalcount
11-20 in spanish~fides_delim~https://espndeportes.espn.com/watch/player/_/id/3462380~fides_delim~Akron vs. #11 Maryland (Championship) (Men&#39;s College Cup)~fides_delim~Mira In <b>Spanish</b> - Akron vs. #11 Maryland (Championship) (Men&#39;s College ... In <b>Spanish</b> - Akron vs. #11 Maryland (Championship) (Men&#39;s College Cup. 2:<b>11:20</b>&nbsp;...~fides_delim~totalcount
