11-22-63~fides_delim~https://en.wikipedia.org/wiki/11/22/63~fides_delim~11/22/63~fides_delim~<em>11/22/63</em> is a novel by Stephen King about a time traveller who attempts to prevent the assassination of United States President John F. Kennedy, ...~fides_delim~totalcount
11-22-63~fides_delim~https://www.goodreads.com/book/show/10644930-11-22-63~fides_delim~11/22/63 by Stephen King~fides_delim~<em>11/22/63</em> is a supernatural, quasi-historical, philosophical, science-fiction love story. If you're avoiding it because you think Stephen King only writes horror ...~fides_delim~totalcount
11-22-63~fides_delim~https://stephenking.com/works/novel/11-22-63.html~fides_delim~11/22/63~fides_delim~Jake Epping is a thirty-five-year-old high school English teacher in Lisbon Falls, Maine, who makes extra money teaching adults in the GED program.~fides_delim~totalcount
11-22-63~fides_delim~https://www.hulu.com/series/112263-8924769b-be48-49c9-a969-984a30a3a33e~fides_delim~Watch 11.22.63 Streaming Online | Hulu (Free Trial)~fides_delim~<em>11.22.63</em>. Imagine having the power to change history. Would you journey down the “rabbit hole?" This eight –part event series follows Jake Epping (James ...~fides_delim~totalcount
11-22-63~fides_delim~https://www.rottentomatoes.com/tv/11_22_63/s01~fides_delim~Miniseries 11.22.63~fides_delim~Though the execution feels almost as dated as the period it represents, <em>11.22.63</em> gradually reveals a compelling, well-performed series of events.~fides_delim~totalcount
11-22-63~fides_delim~https://www.rottentomatoes.com/tv/11_22_63~fides_delim~11.22.63~fides_delim~Kennedy on <em>Nov. 22, 1963</em>, and solving one of the biggest mysteries of the 20th century. Jake quickly learns that the past does not want to be changed, and ...~fides_delim~totalcount
11-22-63~fides_delim~https://www.youtube.com/watch?v=iBIWv7ExUS4~fides_delim~11/22/63 Trailer (HD) James Franco - YouTube~fides_delim~http://www.joblo.com <b>11/22/63</b> Trailer (HD)Hulu Original series 11.22.63 is a thriller in which high school history teacher Jake Epping&nbsp;...~fides_delim~totalcount
11-22-63~fides_delim~https://www.simonandschuster.com/books/11-22-63/Stephen-King/9781451627299~fides_delim~11/22/63 | Book by Stephen King | Official Publisher Page~fides_delim~Stephen King reveals his novel <em>11/22/63</em>. On <em>November 22, 1963</em>, three shots rang out in Dallas, President Kennedy died, and the world changed. What if you could ...~fides_delim~totalcount
11-22-63~fides_delim~https://www.hbomax.com/ag/en/series/urn:hbo:series:GYH7r3w3ZpMNslgEAAAAD~fides_delim~Watch 11.22.63 - Stream TV Shows~fides_delim~<em>11.22.63</em>. <em>11.22.63</em>. Stop Searching, Start Streaming. Sign Up Now. James Franco stars in this epic thriller from J.J. Abrams and Stephen King as a school ...~fides_delim~totalcount
11-22-63~fides_delim~https://www.barnesandnoble.com/w/11-22-63-stephen-king/1108810190~fides_delim~11/22/63: A Novel by Stephen King, Paperback~fides_delim~ON <em>NOVEMBER 22, 1963</em>, THREE SHOTS RANG OUT IN DALLAS, PRESIDENT KENNEDY DIED, AND THE WORLD CHANGED. WHAT IF YOU COULD CHANGE IT BACK?~fides_delim~totalcount
11-22-63~fides_delim~https://www.booksamillion.com/p/Stephen-King/9781451627299~fides_delim~11/22/63 by Stephen King~fides_delim~<em>11/22/63</em> | One of the Ten Best Books of The New York Times Book Review Winner of the Los Angeles Times Book Prize Now a miniseries from Hulu starring James ...~fides_delim~totalcount
11-22-63~fides_delim~https://tvtropes.org/pmwiki/pmwiki.php/Literature/ElevenTwentyTwoSixtyThree~fides_delim~Literature / 11/22/63~fides_delim~<em>11/22/63</em> is a Historical Fiction novel written by Stephen King and published in 2011. ... Jake Epping, a divorced high school teacher, discovers from his dying ...~fides_delim~totalcount
11-22-63~fides_delim~https://www.audible.com/pd/11-22-63-Audiobook/B005UR3VFO~fides_delim~11-22-63 by Stephen King - Audiobook~fides_delim~On <em>November 22, 1963</em>, three shots rang out in Dallas, President Kennedy died, and the world changed. What if you could change it back?~fides_delim~totalcount
11-22-63~fides_delim~https://stephenking.fandom.com/wiki/11/22/63~fides_delim~11/22/63 - Stephen King Wiki - Fandom~fides_delim~<em>11/22/63</em> is the 61st book published by Stephen King; it is his 48th novel, and the 41st under his own name. The book was released by Scribner on 8 November ...~fides_delim~totalcount
11-22-63~fides_delim~http://www.publishersweekly.com/9781451627282~fides_delim~11/22/63~fides_delim~<em>11/22/63</em>. Stephen King. Scribner, $35 (864p) ISBN 978-1-4516-2728-2. High school English teacher Jake Epping has his work cut out for him in King's ...~fides_delim~totalcount
11-22-63~fides_delim~https://www.libertybaybooks.com/book/9781451627282~fides_delim~11/22/63: A Novel (Hardcover)~fides_delim~Stephen King's #1 bestselling time-travel novel—now a limited series on Hulu starring James Franco! On November 22, 1963, three shots rang out in Dallas, ...~fides_delim~totalcount
11-22-63~fides_delim~https://bookshop.org/p/books/11-22-63-stephen-king/7060372~fides_delim~11/22/63 a book by Stephen King~fides_delim~<em>11/22/63</em> ; One of the Ten Best Books of The New York Times Book Review ; Winner of the Los Angeles Times ; About the Author. Stephen King is the author of more ...~fides_delim~totalcount
11-22-63~fides_delim~https://www.thriftbooks.com/w/112263-by-stephen-king/249775/~fides_delim~11/22/63 book by Stephen King~fides_delim~Buy a cheap copy of <em>11/22/63</em> book by Stephen King. One of the Ten Best Books of The New York Times Book Review Winner of the Los Angeles Times Book Prize ...~fides_delim~totalcount
11-22-63~fides_delim~https://www.kirkusreviews.com/book-reviews/stephen-king/112263/~fides_delim~11/22/63 | Kirkus Reviews~fides_delim~<em>11/22/63</em> ... King (Under the Dome, 2009, etc.) adds counterfactual historian to his list of occupations. Well, not exactly: The author is really turning in a ...~fides_delim~totalcount
11-22-63~fides_delim~https://www.nytimes.com/2011/11/13/books/review/11-22-63-by-stephen-king-book-review.html~fides_delim~11/22/63 — By Stephen King — Book Review~fides_delim~“<em>11/22/63</em>” is a meditation on memory, love, loss, free will and necessity. It's a blunderbuss of a book, rife with answers to questions: Can one ...~fides_delim~totalcount
11-22-63~fides_delim~https://app.thestorygraph.com/books/b48cb270-edf4-43fc-8c3f-53f45710fdfa~fides_delim~11/22/63, by Stephen King~fides_delim~On <em>November 22, 1963</em>, three shots rang out in Dallas, President Kennedy died, and the world changed. What if you could change it back?~fides_delim~totalcount
11-22-63~fides_delim~https://www.overdrive.com/media/664285/11-22-63~fides_delim~11/22/63 by Stephen King - ebook ∣ A Novel~fides_delim~ON <em>NOVEMBER 22, 1963</em>, THREE SHOTS RANG OUT IN DALLAS, PRESIDENT KENNEDY DIED, AND THE WORLD CHANGED. WHAT IF YOU COULD CHANGE IT BACK?~fides_delim~totalcount
11-22-63~fides_delim~https://www.booklistqueen.com/11-22-63-stephen-king/~fides_delim~11/22/63 by Stephen King~fides_delim~On <em>November 22, 1963</em>, three shots rang out in Dallas, President Kennedy died, and the world changed. What if you could change it back?~fides_delim~totalcount
11-22-63~fides_delim~https://www.washingtonpost.com/entertainment/books/stephen-kings-112263/2011/10/27/gIQARCxmaM_story.html~fides_delim~Stephen King's “11/22/63”~fides_delim~Stephen King's “<em>11/22/63</em>” ... First, the (possibly) bad news: If you're expecting Stephen King to provide an alternative history of what America ...~fides_delim~totalcount
11-22-63~fides_delim~https://www.teachingbooks.net/tb.cgi?tid=43564~fides_delim~11/22/63~fides_delim~<em>11/22/63</em> · Our Original Resources 3 · About the Author 2 · Author Interviews 2 · Book Guides, Activities &amp; Lessons 2 · Book Trailers 1 · Book &amp; Adaptation Websites 1 ...~fides_delim~totalcount
11-22-63~fides_delim~https://www.midtownreader.com/book/9781451627299~fides_delim~11/22/63: A Novel (Paperback)~fides_delim~One of the Ten Best Books of The New York Times Book Review Winner of the Los Angeles Times Book Prize Now a miniseries from Hulu starring James Franco~fides_delim~totalcount
11-22-63~fides_delim~https://www.charnelhouse.org/112263~fides_delim~11/22/63~fides_delim~Near the start of <em>11/22/63</em>, ailing and aging Al Templeton – proprietor of Al's Diner in Lisbon Falls, Maine – informs his teacher friend, Jake Epping, ...~fides_delim~totalcount
11-22-63~fides_delim~https://www.abebooks.com/book-search/title/11-22-63/author/stephen-king/first-edition/~fides_delim~11 22 63 by Stephen King, First Edition~fides_delim~<em>11/22/63</em>: A Novel by King, Stephen and a great selection of related books, art and collectibles available now at AbeBooks.com.~fides_delim~totalcount
11-22-63~fides_delim~https://www.walmart.com/ip/11-22-63-Paperback-9781451627299/20561492~fides_delim~11/22/63 (Paperback) - Books~fides_delim~Arrives by Thu, Feb 9 Buy <em>11/22/63</em> (Paperback) at Walmart.com.~fides_delim~totalcount
11-22-63~fides_delim~https://www.vulture.com/tv/11-22-63/~fides_delim~11.22.63 - TV Episode Recaps & News~fides_delim~<em>11.22.63</em> Recap: Allies and Madmen So far, Lee Harvey Oswald is all broad strokes with little nuance.~fides_delim~totalcount
11-22-63~fides_delim~https://www.litlovers.com/reading-guides/fiction/8901-11-22-63-king?start=3~fides_delim~11/22/63 (King)~fides_delim~Our Reading Guide for <em>11/22/63</em> by Stephen King includes Book Club Discussion Questions, Book Reviews, Plot Summary-Synopsis and Author Bio.~fides_delim~totalcount
11-22-63~fides_delim~https://www.stephenkingcollector.com/1st/112263.html~fides_delim~11/22/63 (stephenkingcollector.com)~fides_delim~Originally King had a different ending to his latest book <em>11/22/63</em> but after a suggestion from his son, Joe Hill, he changed it Here is what the moderator ...~fides_delim~totalcount
11-22-63~fides_delim~https://www.worldcat.org/title/706026997~fides_delim~11/22/63 : a novel~fides_delim~Front cover image for <em>11/22/63</em> : a novel. Summary: On <em>November 22, 1963</em>, three shots rang out in Dallas, President Kennedy died, and the world changed.~fides_delim~totalcount
11-22-63~fides_delim~https://bookanalysis.com/stephen-king/11-22-63/summary/~fides_delim~11/22/63 Plot Summary - Stephen King~fides_delim~Using the first-person perspective, Stephen King made '<em>11/22/63</em>' present itself as a chronicle rather than just a book where all the action and interaction ...~fides_delim~totalcount
11-22-63~fides_delim~https://www.supersummary.com/11-22-63/summary/~fides_delim~11.22.63 Summary and Study Guide~fides_delim~<em>11/22/63</em>: A Novel is by best-selling American author Stephen King. Originally published in 2011, this novel won the 2011 Los Angeles Times Book Prize for Best ...~fides_delim~totalcount
11-22-63~fides_delim~https://bookstr.com/article/is-pennywise-in-11-22-63/~fides_delim~Is Pennywise in 11/22/63?~fides_delim~For those unaware, <em>11/22/63</em> is about a man named Jake Epping who discovers a portal that transports him to the year 1958, and who sets off on a ...~fides_delim~totalcount
11-22-63~fides_delim~https://www.mcdowellsemporium.com/product/sku/143280~fides_delim~11/22/63 A Novel~fides_delim~<em>11/22/63</em> A Novel ... ON NOVEMBER 22, 1963, THREE SHOTS RANG OUT IN DALLAS, PRESIDENT KENNEDY DIED, AND THE WORLD CHANGED. WHAT IF YOU COULD CHANGE IT BACK? In ...~fides_delim~totalcount
11-22-63~fides_delim~https://thecrookedpen.com/2019/05/18/spoiler-free-thoughts-on-11-22-63-by-stephen-king/~fides_delim~Spoiler- Free Thoughts on “11/22/63” by Stephen King~fides_delim~Spoiler- Free Thoughts on “<em>11/22/63</em>” by Stephen King ... Summary: Life can turn on a dime—or stumble into the extraordinary, as it does for Jake ...~fides_delim~totalcount
11-22-63~fides_delim~https://hpb.com/products/11-22-63-9781451627282~fides_delim~11/22/63 - King, Stephen - 9781451627282~fides_delim~<em>11/22/63</em> by King, Stephen. Hardcover available at Half Price Books® https://www.hpb.com.~fides_delim~totalcount
11-22-63~fides_delim~https://www.theguardian.com/books/2011/nov/02/112263-stephen-king-review~fides_delim~11.22.63 by Stephen King - review | Fiction~fides_delim~In <em>11.22.63</em>, Jake Epping, a schoolteacher in Maine (a childhood reference point as recurrent in King's fiction as New Jersey in Philip ...~fides_delim~totalcount
11-22-63~fides_delim~https://ew.com/creative-work/11-22-63/~fides_delim~11.22.63~fides_delim~<em>11.22.63</em> finale video: Jake hits a final roadblock on his mission to save JFK. Meet Bonnie Ray Williams, who doesn't match what Jake knows about the past.~fides_delim~totalcount
11-22-63~fides_delim~https://www.tvguide.com/tvshows/112263/1030563504/~fides_delim~11.22.63 - Where to Watch and Stream~fides_delim~Right now you can watch <em>11.22.63</em> on Hulu Plus. You are able to stream <em>11.22.63</em> by renting or purchasing on Amazon Instant Video, Google Play, Vudu, and ...~fides_delim~totalcount
11-22-63~fides_delim~https://www.britannica.com/topic/11-22-63~fides_delim~11/22/63 | novel by King~fides_delim~Other articles where <em>11/22/63</em> is discussed: Stephen King: …Dome (2009; TV series 2013–15); <em>11/22/63</em> (2011; TV miniseries 2016); Joyland (2013); Doctor Sleep ...~fides_delim~totalcount
11-22-63~fides_delim~https://www.denofgeek.com/11-22-63/~fides_delim~11/22/63: News & Reviews~fides_delim~Features · 11.22.63: a Stephen King TV adaptation that really works. April 8, 2016 | By Dan Cooper · Reviews · <em>11/22/63</em>: Spoiler Free Review.~fides_delim~totalcount
11-22-63~fides_delim~https://www.norwichbookstore.com/book/9781451627299~fides_delim~11/22/63: A Novel (Paperback)~fides_delim~<em>11/22/63</em>: A Novel (Paperback) ; By Stephen King ; Description. One of the Ten Best Books of The New York Times Book Review Winner of the Los Angeles Times Book ...~fides_delim~totalcount
11-22-63~fides_delim~https://www.target.com/p/11-22-63-a-novel-paperback-by-stephen-king/-/A-14181117~fides_delim~11/22/63: A Novel (paperback) By Stephen King~fides_delim~Read reviews and buy <em>11/22/63</em>: A Novel (Paperback) by Stephen King at Target. Choose from Same Day Delivery, Drive Up or Order Pickup.~fides_delim~totalcount
11-22-63~fides_delim~https://bookmarks.reviews/reviews/all/112263/~fides_delim~All Book Marks reviews for 11/22/63 by Stephen King ...~fides_delim~<em>11/22/63</em> is a meditation on memory, love, loss, free will and necessity. It's a blunderbuss of a book, rife with answers to questions: Can one man make a ...~fides_delim~totalcount
11-22-63~fides_delim~https://www.npr.org/2011/11/13/142181938/stephen-king-plots-to-save-jfk-in-11-22-63~fides_delim~Stephen King Plots To Save JFK In '11/22/63'~fides_delim~"<em>11/22/63</em> was our 9/11," says King, who first thought of the idea for the book on the anniversary of President Kennedy's death in 1971.~fides_delim~totalcount
11-22-63~fides_delim~http://www.librarything.com/work/11022382~fides_delim~11/22/63 by Stephen King~fides_delim~All about <em>11/22/63</em> by Stephen King. LibraryThing is a cataloging and social networking site for booklovers.~fides_delim~totalcount
11-22-63~fides_delim~https://www.imdb.com/title/tt5432614/~fides_delim~"11.22.63" The Day in Question (TV Episode 2016)~fides_delim~James Franco and Sarah Gadon in <em>11.22.63</em> (2016) ... every effort to prevent Jake from altering the events of <em>November 22, 1963</em>, and saving the President, ...~fides_delim~totalcount
11-22-63~fides_delim~https://tv.apple.com/us/show/112263/umc.cmc.42qftyqoh6tdjzh8c38zph6zu~fides_delim~11.22.63~fides_delim~<em>11.22.63</em>. Drama 2016. Available on iTunes, Hulu. On <em>November 22, 1963</em>, three shots rang out in Dallas; President Kennedy was killed; and the world changed.~fides_delim~totalcount
11-22-63~fides_delim~https://www.bookbrowse.com/bb_briefs/detail/index.cfm/ezine_preview_number/6810/112263~fides_delim~Summary and reviews of 11/22/63 by Stephen King~fides_delim~On <em>November 22, 1963</em>, three shots rang out in Dallas, President Kennedy died, and the world changed. What if you could change it back?~fides_delim~totalcount
11-22-63~fides_delim~https://medium.com/@wheatonbrando/why-did-i-just-watch-11-22-63-8a6b7ac600c4~fides_delim~Why Did I Just Watch 11.22.63?~fides_delim~Hulu's <em>11.22.63</em> was released a year ago, but not everyone has time to watch things right away in the Too Much TV Era.~fides_delim~totalcount
11-22-63~fides_delim~https://whatjessreadsblog.com/2018/06/30/book-review-11-22-63/~fides_delim~Book Review: 11/22/63~fides_delim~<em>11/22/63</em> | Stephen King 07.24.2012 | Gallery Books Rating: 5/5 stars The United States remembers November 22, 1963 as the day President John ...~fides_delim~totalcount
11-22-63~fides_delim~http://www.bookrags.com/studyguide-11-22-63-a-novel/~fides_delim~11/22/63: A Novel Summary & Study Guide~fides_delim~<em>11/22/63</em>: A Novel Summary &amp; Study Guide includes detailed chapter summaries and analysis, quotes, character descriptions, themes, and more.~fides_delim~totalcount
11-22-63~fides_delim~https://www.changinghands.com/book/9781451627282~fides_delim~11/22/63: A Novel (Hardcover)~fides_delim~His novel <em>11/22/63</em> was named a top ten book of 2011 by The New York Times Book Review and won the Los Angeles Times Book Prize for Mystery/Thriller.~fides_delim~totalcount
11-22-63~fides_delim~https://shepherd.com/book/112263~fides_delim~Why read 11/22/63? - Shepherd~fides_delim~Discover why <em>11/22/63</em> by Stephen King is such a great book to read.~fides_delim~totalcount
11-22-63~fides_delim~https://www.arbookfind.com/bookdetailprint.aspx?q=148632&l=EN~fides_delim~Accelerated Reader Bookfinder US - Book Detail~fides_delim~<em>11/22/63</em>. King, Stephen AR Quiz No. 148632 EN When English teacher Jake Epping discovers a portal to the past, he decides to use it to prevent the John F.~fides_delim~totalcount
11-22-63~fides_delim~https://www.bookpeople.com/book/9781451627299~fides_delim~11/22/63: A Novel (Paperback)~fides_delim~<em>11/22/63</em>: A Novel (Paperback) ; By Stephen King ; On hand as of Nov 21 8:07pm ; Description. One of the Ten Best Books of The New York Times Book ...~fides_delim~totalcount
11-22-63~fides_delim~https://www.fantasticfiction.com/k/stephen-king/11-22-63.htm~fides_delim~11/22/63 by Stephen King~fides_delim~On <em>November 22, 1963</em>, three shots rang out in Dallas, President Kennedy died, and the world changed. What if you could change it back?~fides_delim~totalcount
11-22-63~fides_delim~https://screenrant.com/tag/11-22-63/~fides_delim~11-22-63 | ScreenRant~fides_delim~<em>11.22.63</em>, Stephen King's time-traveling thriller, paid tribute to Back to the Future Part 2 in a fairly clever way, leading to a fun Easter egg ...~fides_delim~totalcount
11-22-63~fides_delim~https://www.computeraidedcrafting.com/shop/112263-stephen-king-leather-bound~fides_delim~11/22/63 a novel by Stephen King, leather bound~fides_delim~<em>11/22/63</em> rebound in hand-dyed laser-etched genuine leather. Optionally available with a hasp closure.~fides_delim~totalcount
11-22-63~fides_delim~https://www.compassbookratings.com/11-22-63/~fides_delim~11/22/63 - Compass Book Ratings~fides_delim~On <em>November 22, 1963</em>, three shots rang out in Dallas, President Kennedy died, and the world changed. What if you could change it back?~fides_delim~totalcount
11-22-63~fides_delim~https://abookandahug.com/11-22-63/~fides_delim~11/22/63~fides_delim~<em>11/22/63</em> is a watershed novel. It has everything a reader could want: mystery, suspense, intrigue, romance, seduction, murder, suicide, evil, ...~fides_delim~totalcount
11-22-63~fides_delim~https://www.simonandschuster.biz/books/11-22-63/Stephen-King/9781451627299~fides_delim~11/22/63 | Book by Stephen King | Official Publisher Page~fides_delim~Stephen King reveals his novel <em>11/22/63</em>. On <em>November 22, 1963</em>, three shots rang out in Dallas, President Kennedy died, and the world changed. What if you could ...~fides_delim~totalcount
11-22-63~fides_delim~https://www.cinemablend.com/streaming-news/adapting-stephen-kings-112263-king-enters-the-streaming-age-with-the-2016-jfk-assassination-miniseries~fides_delim~Adapting Stephen King's 11.22.63~fides_delim~The total runtime of <em>11.22.63's</em> eight episodes is over seven hours, which made it the longest miniseries adaptation of a Stephen King book at ...~fides_delim~totalcount
11-22-63~fides_delim~https://www.hollywoodreporter.com/tv/tv-news/112263-changes-stephen-kings-bestseller-864071/~fides_delim~'11.22.63': Changes From Stephen King's Bestseller~fides_delim~'<em>11.22.63</em>' Boss Bridget Carpenter on Biggest Changes From Stephen King's Bestseller. Fans of the book will miss the 'It' kids, the Jodie ...~fides_delim~totalcount
11-22-63~fides_delim~https://archiveofourown.org/tags/11*s*22*s*63%20-%20Stephen%20King/works~fides_delim~11/22/63 - Stephen King - Works~fides_delim~Be mindful when sharing personal information, including your religious or political views, health, racial background, country of origin, sexual identity and/or ...~fides_delim~totalcount
11-22-63~fides_delim~https://library.villanova.edu/Find/Record/1346790/TOC~fides_delim~Table of Contents: 11/22/63 - Falvey Library~fides_delim~<em>11/22/63</em> : a novel /. On November 22, 1963, three shots rang out in Dallas, President Kennedy died, and the world changed. What if you could change it back?~fides_delim~totalcount
11-22-63~fides_delim~https://www.bookreporter.com/reviews/112263/excerpt~fides_delim~11/22/63 by Stephen King | Excerpt~fides_delim~<em>11/22/63</em>. by Stephen King. Al offered me a cup of coffee, but I shook my head. My stomach was still sudsing. He poured himself one, and we went back to the ...~fides_delim~totalcount
11-22-63~fides_delim~https://thetvdb.com/series/11-22-63~fides_delim~11.22.63 - TheTVDB.com~fides_delim~Kennedy on <em>Nov. 22, 1963</em>. Jake quickly learns that the past does not want to be changed, and that his attempts to divert the course of history can quickly turn ...~fides_delim~totalcount
11-22-63~fides_delim~https://www.herstory-blog.com/single-post/review-11-22-63-by-stephen-king~fides_delim~Review: 11/22/63 by Stephen King - HerStory Blog~fides_delim~Review: <em>11/22/63</em> by Stephen King. Welcome to my improved blog! If you are new around here, I used to be a lifestyle blogger.~fides_delim~totalcount
11-22-63~fides_delim~https://bookaudio.online/591-11-22-63.html~fides_delim~11/22/63 - Stephen King - listen online for free~fides_delim~<em>11/22/63</em> is a novel about a time traveller who attempts to prevent the assassination of President John F. Kennedy, which occurred on <em>November 22, 1963</em>.~fides_delim~totalcount
11-22-63~fides_delim~https://www.publicbooks.org/boomer-do-over-stephen-kings-112263/~fides_delim~Boomer Do-Over: Stephen King's "11/22/63"~fides_delim~Jake Epping, the protagonist of <em>11/22/63</em>, is one such post-Kennedy kid. He's 35 when the novel opens in 2011, a newly divorced high school ...~fides_delim~totalcount
11-22-63~fides_delim~https://www.audiobooks.com/audiobook/11-22-63-a-novel/116009~fides_delim~11/22/63: A Novel~fides_delim~Listen Free to <em>11/22/63</em>: A Novel audiobook by Stephen King with a 30 Day Free Trial! Stream and download audiobooks to your computer, tablet and iOS and ...~fides_delim~totalcount
11-22-63~fides_delim~https://www.tor.com/2017/09/06/the-great-stephen-king-reread-112263/~fides_delim~The Great Stephen King Reread: 11/22/63~fides_delim~The Great Stephen King Reread: <em>11/22/63</em> ... In 1971, eight years after the JFK assassination, Stephen King started writing a book called Split ...~fides_delim~totalcount
11-22-63~fides_delim~https://www.pinterest.com/sydneyjoyce4/112263/~fides_delim~15 11/22/63 ideas | stephen king, james franco, sarah gadon~fides_delim~Dec 13, 2017 - Explore syd's board "<em>11/22/63</em>" on Pinterest. See more ideas about stephen king, james franco, sarah gadon.~fides_delim~totalcount
11-22-63~fides_delim~https://www.yahoo.com/autos/39-11-22-63-39-stephen-king-answers-4-burning-questions-1366406622175286.html~fides_delim~'11.22.63': Stephen King Answers 4 Burning Questions~fides_delim~If you never read Stephen King's 2011 book, <em>11/22/63</em>, the first episode of Hulu's new eight-part adaptation undoubtedly left you with a ...~fides_delim~totalcount
11-22-63~fides_delim~https://www.reddit.com/r/books/comments/w6jfjb/king_floored_me_with_112263/~fides_delim~King floored me with 11.22.63 : r/books~fides_delim~But <em>11/22/63</em> was just different than what I was used to from him. It was so immersive and I felt so much for the characters. Loved it, thought I ...~fides_delim~totalcount
11-22-63~fides_delim~https://www.bookpage.com/reviews/7167-stephen-king-time-traveling-with-king-fiction/~fides_delim~11/22/63~fides_delim~<em>11/22/63</em>. By Stephen King. Review by Trisha Ping ... The buzz on Stephen King's latest novel, <em>11/22/63</em>, is that it's about a man who goes back in time to ...~fides_delim~totalcount
11-22-63~fides_delim~https://cityonthemoonblog.wordpress.com/2019/01/15/the-obdurate-past-a-review-of-11-22-63-by-stephen-king/~fides_delim~The Obdurate Past: A Review of 11/22/63, by Stephen King~fides_delim~Kennedy on <em>November 22<sup>nd</sup>, 1963</em>. We learn about the Revolutionary War in history class and most of us lived through 9/11. Much has been ...~fides_delim~totalcount
11-22-63~fides_delim~https://movieweb.com/tv/11-22-63/~fides_delim~11-22-63 | MovieWeb~fides_delim~63. Hulu has released new photos from the upcoming series <em>11.22.63</em>, starring James Franco as a teacher travelling back in time to save JFK.~fides_delim~totalcount
11-22-63~fides_delim~https://www.horrordna.com/tv-shows/11-22-63-blu-ray-review~fides_delim~11.22.63 Blu-ray Review~fides_delim~<em>11.22.63</em> Blu-ray Review. Written by Robert Gold. Blu-ray released by Warner Bros. Home Entertainment. <em>11 22 63</em> Large. Directed by various~fides_delim~totalcount
11-22-63~fides_delim~https://slate.com/culture/2016/02/hulus-11-22-63-based-on-stephen-kings-novel-and-starring-james-franco-reviewed.html~fides_delim~Hulu's 11.22.63 based on Stephen King's novel ...~fides_delim~<em>11.22.63</em> · Hulu's series about the JFK assassination, starring James Franco, tries hard to rise above the original-content fray—but it's so much ...~fides_delim~totalcount
11-22-63~fides_delim~https://overduepodcast.com/episodes/2019/5/13/ep-357-112263-by-stephen-king~fides_delim~Ep 357 - 11/22/63, by Stephen King~fides_delim~Stephen King's time-traveling doorstop of a novel <em>11/22/63</em> takes us back to the good ol' days when men were men who made plans to ...~fides_delim~totalcount
11-22-63~fides_delim~https://www.estories.com/audiobook/28838/Stephen-King/112263~fides_delim~11/22/63 | Stephen King~fides_delim~<em>11/22/63</em>. 30 hrs and 42 mins. Unabridged. (19 Ratings). Written By Stephen King ,. Narrated By Craig Wasson,. Genre Fiction, Suspense, Horror,.~fides_delim~totalcount
11-22-63~fides_delim~https://m.facebook.com/Casting-112263-309620522460851/~fides_delim~Casting 11/22/63~fides_delim~Casting <em>11/22/63</em>. 94 likes. Unofficial page attempting to cast characters for the film adaptation of Stephen King's <em>11/22/63</em>.~fides_delim~totalcount
11-22-63~fides_delim~https://www.quora.com/What-should-I-know-before-reading-11-22-63-by-Stephen-King~fides_delim~What should I know before reading 11/22/63 by Stephen ...~fides_delim~Originally Answered: What should I know before reading "<em>11-22-63</em>" by Stephen King? I don't know that you need to know anything. It's a work of fiction that ...~fides_delim~totalcount
11-22-63~fides_delim~https://susancrandall.net/book-review/book-pick-112263-by-stephen-king/~fides_delim~Book Pick: 11/22/63 by Stephen King~fides_delim~He has a way of sweeping you up into whatever world he's created, and <em>11/22/63</em> is no exception. I've always loved scary movies, always been willing to follow a ...~fides_delim~totalcount
11-22-63~fides_delim~https://openlibrary.org/works/OL16152981W/11_22_63~fides_delim~11/22/63 (2012-11 edition)~fides_delim~<em>11/22/63</em> is a novel by Stephen King about a time traveller who attempts to prevent the assassination of United States President John F. Kennedy, ...~fides_delim~totalcount
11-22-63~fides_delim~https://www.jfklibrary.org/learn/about-jfk/jfk-in-history/november-22-1963-death-of-the-president~fides_delim~November 22, 1963: Death of the President~fides_delim~Shortly after noon on <em>November 22, 1963</em>, President John F. Kennedy was assassinated as he rode in a motorcade through Dealey Plaza in downtown Dallas, Texas.~fides_delim~totalcount
11-22-63~fides_delim~https://www.sfgate.com/books/article/11-22-63-by-Stephen-King-review-2298220.php~fides_delim~'11/22/63,' by Stephen King: review~fides_delim~In his new novel, “<em>11/22/63</em>,” Stephen King goes back in time to save John F. Kennedy from Lee Harvey Oswald and shows how far he has come as ...~fides_delim~totalcount
11-22-63~fides_delim~https://stephgrossman.com/2012/05/08/112263/~fides_delim~11/22/63~fides_delim~Well I'm back with another Stephen King review--this time, with one of his newest highly anticipated novels, <em>11/22/63</em>.~fides_delim~totalcount
11-22-63~fides_delim~https://www.latimes.com/entertainment/la-et-st-11-22-63-review-20160215-story.html~fides_delim~Review: '11.22.63' a messy trip back in time to JFK's ...~fides_delim~Stephen King's 2011 time-traveling historical romance thriller “<em>11.22.63</em>” has been made into a miniseries by Hulu. James Franco's in it!~fides_delim~totalcount
11-22-63~fides_delim~http://speculativechic.com/2016/09/08/11-22-63/~fides_delim~11.22.63 and the Time Travel Problem~fides_delim~63. <em>11.22.63</em> (Jake Amberson) 2. The Multiverse. We've seen this in reboots (Star Trek) as a way to keep ...~fides_delim~totalcount
11-22-63~fides_delim~https://www.baltimoresun.com/entertainment/bthesite/bal-book-review-stephen-kings-thrilling-112263-20111110-story.html~fides_delim~Book review: Stephen King's thrilling "11/22/63"~fides_delim~That's the mantra coursing through "<em>11/22/63</em>." Stephen King's mammoth, generous and thrilling novel is about a man who travels back in time to ...~fides_delim~totalcount
11-22-63~fides_delim~https://www.metacritic.com/tv/112263~fides_delim~11.22.63 - TV Show Reviews~fides_delim~<em>11.22.63</em> ... Season 1 Review: An absorbing eight-episode show based on King's best-selling <em>11/22/63</em> and produced by J.J. Abrams.~fides_delim~totalcount
11-22-63~fides_delim~https://www.powells.com/book/11-22-63-9781451627282~fides_delim~11 22 63: Stephen King, Scribner: Hardcover~fides_delim~<em>11 22 63</em> by Stephen King, Scribner available in Hardcover on Powells.com, also read synopsis and reviews. On November 22, 1963, ...~fides_delim~totalcount
11-22-63~fides_delim~https://en.wikiquote.org/wiki/11.22.63~fides_delim~11.22.63~fides_delim~<em>11.22.63</em>. 2016 American television series. Language · Watch · Edit · 11.22.63 is a 2016 English-language streaming television drama miniseries about a ...~fides_delim~totalcount
