11-27 amendments~fides_delim~https://www.archives.gov/founding-docs/amendments-11-27~fides_delim~The Constitution: Amendments 11-27 | National Archives~fides_delim~Passed by Congress March 4, 1794. Ratified February 7, 1795. Note: Article III, section 2, of the Constitution was modified by <em>amendment</em> 11. The Judicial power ...~fides_delim~totalcount
11-27 amendments~fides_delim~https://citizenbee.org/constitution-bill-of-rights-amendments-11-27/~fides_delim~Amendments 11-27 | - Citizen Bee~fides_delim~<em>Amendments 11-27</em> ... Twelfth <em>Amendment</em>: Presidential/Vice Presidential Election (1804) ... Thirteenth <em>Amendment</em>: Abolition of Slavery (1865).~fides_delim~totalcount
11-27 amendments~fides_delim~https://law.tamu.libguides.com/c.php?g=513904&p=3510977~fides_delim~Amendments 11-27 - The United States Constitution~fides_delim~Congress shall have power to enforce this article by appropriate legislation. The 13th <em>Amendment</em> is perhaps the most important <em>amendment</em> in ...~fides_delim~totalcount
11-27 amendments~fides_delim~https://libguides.utdallas.edu/us-constitution/amendents/amendments-11-27~fides_delim~Amendments 11-27 - U.S. Constitution~fides_delim~Passed by Congress March 4, 1794. Ratified February 7, 1795. Note: Article III, section 2, of the Constitution was modified by <em>amendment</em> 11. The Judicial power ...~fides_delim~totalcount
11-27 amendments~fides_delim~https://www.bville.org/tfiles/folder1633/Amendments_11-27.ppt~fides_delim~Amendments 11-27~fides_delim~The <em>Amendment</em> Process. 11<sup>th</sup> <em>Amendment</em>. Limits suits against states. People in different states or foreign countries can't sue a state in federal court.~fides_delim~totalcount
11-27 amendments~fides_delim~https://237740038185050404.weebly.com/amendments-11-27.html~fides_delim~Amendments 11-27 - Complete &amp; Simplified:The United States ...~fides_delim~The 12th <em>Amendment</em> redefines how the President and Vice-President are chosen by the Electoral College, making the two positions cooperative, rather than first ...~fides_delim~totalcount
11-27 amendments~fides_delim~https://www.nlpanthers.org/Downloads/BILL%20OF%20RIGHTS.pdf~fides_delim~The Bill of Rights and Amendments 11–27~fides_delim~tested, and interpreted. <em>AMENDMENT</em> 1. Religious and Political Freedom (1791). Congress shall make no law respecting an establishment of religion, or.~fides_delim~totalcount
11-27 amendments~fides_delim~https://www.literarycalligraphy.com/americana/amendments.html~fides_delim~U.S. Constitution, Amendments 11-27 print by Susan Loy ...~fides_delim~U.S. Constitution, <em>Amendments 11-27</em> by Literary Calligrapher Susan Loy, 23” framed including a Liberty Bell illustration, part of series.~fides_delim~totalcount
11-27 amendments~fides_delim~https://quizlet.com/7625592/amendments-11-27-flash-cards/~fides_delim~Amendments 11-27 Flashcards - Quizlet~fides_delim~<em>Amendment</em> 11. Protects the states from lawsuits filed by citizens of other states or country. <em>Amendment</em> 12. Requires separate ballots for the offices of ...~fides_delim~totalcount
11-27 amendments~fides_delim~https://dc.lib.unc.edu/cgi-bin/showfile.exe?CISOROOT=/minipage&CISOPTR=15026&CISOMODE=print~fides_delim~Amendments 11 Through 27~fides_delim~See if you can find: <em>AMENDMENTS</em>,. CONSTITUTION, PRESIDENT, OPERATIONS, LEGISLATURES,. CIVIL, RIGHTS, VOTES, SLAVERY, CITIZENS, RATIFY,. AMERICANS, CONGRESS, ...~fides_delim~totalcount
11-27 amendments~fides_delim~https://teachers.stjohns.k12.fl.us/keefe-t/files/2014/05/Amendments-11-27.pdf~fides_delim~AMENDMENTS 11 - 27~fides_delim~(1794) Protects a state from being sued in federal court by its own residents, residents of another state, residents of a foreign country, or the government ...1 page~fides_delim~totalcount
11-27 amendments~fides_delim~https://www.mrtredinnick.com/uploads/7/2/1/5/7215292/amendments_11-27__gov_.pdf~fides_delim~Amendments 11 - 27~fides_delim~11th <em>Amendment</em>. • Limiting Federal Courts (1798). • Says the people can not sue the states, they have sovereign immunity. A citizen can not.~fides_delim~totalcount
11-27 amendments~fides_delim~https://www.youtube.com/watch?v=6gPNPWaTQGI~fides_delim~Amendments 11-27 - YouTube~fides_delim~This lesson goes over the guidelines and policies outlined in <b>amendments</b> eleven through twenty-seven.~fides_delim~totalcount
11-27 amendments~fides_delim~https://www.antioch34.com/cms/lib/IL02211918/Centricity/Domain/757/Amendments%2011-27%20%20%202018.ppt~fides_delim~Extending the Bill of Rights Amendments 11 - 27~fides_delim~<em>Amendments 11 - 27</em>. <em>Amendment</em> 11. This <em>amendment</em> set limits on when a state can be sued. In particular it gave immunity to states from law suits from ...~fides_delim~totalcount
11-27 amendments~fides_delim~https://lancasteronline.com/amendments-11-27-to-the-u-s-constitution-explained-by-a-law-school-librarian/article_a5daded2-f75e-11e9-b303-ffafdc827fa2.html~fides_delim~Amendments 11-27 to the U.S. Constitution, explained by a ...~fides_delim~Its impact has mainly been political — it affects the required qualifications of presidential and vice-presidential candidates. 13th <em>Amendment</em>.~fides_delim~totalcount
11-27 amendments~fides_delim~https://kayenta.bie.edu/student_downloads/8thGrade/20210127Part3.pdf~fides_delim~Amendments 11-27 - Kayenta Boarding School~fides_delim~offices of president and vice president. <em>Amendments 11-27</em>. 1870. <em>Amendment</em> 15. Prohibits national and state governments from denying the vote based on race.~fides_delim~totalcount
11-27 amendments~fides_delim~https://www.sutori.com/story/amendments-11-27--AJmRjf2S6n2ZB238PXhrvLer~fides_delim~Amendments 11-27 | Sutori~fides_delim~A timeline of <em>amendments</em> ratified after the Bill of Rights. https://constitutioncenter.org/interactive-constitution/<em>amendment</em>/<em>amendment</em>-xi This <em>amendment</em> ...~fides_delim~totalcount
11-27 amendments~fides_delim~https://constitution.congress.gov/constitution/amendment-11/~fides_delim~U.S. Constitution - Eleventh Amendment | Library of Congress~fides_delim~Eleventh <em>Amendment</em> Explained. The Judicial power of the United States shall not be construed to extend to any suit in law or equity, commenced or prosecuted ...~fides_delim~totalcount
11-27 amendments~fides_delim~https://www.infoplease.com/quizzes/history/us-constitution-quiz-amendments-11-27~fides_delim~U.S. Constitution Quiz: Amendments 11-27 - Infoplease~fides_delim~Poll taxes were outlawed by the Twenty-fourth <em>Amendment</em>. Which of the following is a key provision of the Fourteenth <em>Amendment</em>? What do the Fifteenth, ...~fides_delim~totalcount
11-27 amendments~fides_delim~https://www.lancaster.k12.oh.us/userfiles/1135/Classes/32177/bill%20of%20rights%20&%2011-27%20part%206.pdf?id=540148~fides_delim~DIFFERENTIATING INSTRUCTION~fides_delim~Why should voters know the views of the vice- president? Succession. 1804. <em>Amendment</em> 12. Requires separate electoral ballots for president and.~fides_delim~totalcount
11-27 amendments~fides_delim~https://www.studystack.com/flashcard-2475246~fides_delim~Amendment - American Government - StudyStack~fides_delim~Study free American Government flashcards about <em>Amendments 11-27</em> created by MCSJCunningham to improve your grades. Matching game, word search puzzle, ...~fides_delim~totalcount
11-27 amendments~fides_delim~https://app.memrise.com/course/375674/ap-us-government-and-politics-3/4/~fides_delim~Level 4 - Amendments 11-27 - AP US Government and Politics~fides_delim~Revises presidential election procedures. 13th <em>Amendment</em>. Abolishes slavery, and involuntary servitude, except as punishment for a crime.~fides_delim~totalcount
11-27 amendments~fides_delim~https://teachingcivics.org/lesson-topics/amendments-11-27/~fides_delim~Amendments 11 - 27 Archives - Teaching Civics~fides_delim~By Robert W. Maloy &amp; Torrey Trust Building Democracy for All is an interactive, multimodal, multicultural, open access (digital, online, free of charge) ...~fides_delim~totalcount
11-27 amendments~fides_delim~https://beeinabox.org/constitution-bill-of-rights-amendments-11-27/~fides_delim~Amendments 11-27 | - Beeinabox.org~fides_delim~<em>Amendments 11-27</em>. Eleventh <em>Amendment</em>: Denial of Jurisdiction for U. S. Courts in Certain Cases (1795) ... Thirteenth <em>Amendment</em>: Abolition of Slavery (1865).~fides_delim~totalcount
11-27 amendments~fides_delim~https://www.government-and-constitution.org/amendments/us-amendments-index.htm~fides_delim~27 Amendments to the Constitution for Kids: Summary and Text~fides_delim~<em>11-27 Amendments</em> to the Constitution for Kids: 11-27. George Washington was the first President of the United States and served in office from April 30, ...~fides_delim~totalcount
11-27 amendments~fides_delim~https://www.ozarktigers.org/cms/lib07/MO01910080/Centricity/Domain/472/Lesson%2017%20-%20Amendments%2011-27.pdf~fides_delim~Extending the Bill of Rights Amendments 11 - 27~fides_delim~Also known as Civil. War <em>Amendment</em>. • Originally meant to protect the rights of freed slaves. • Now protects all citizens' life, liberty or property without.~fides_delim~totalcount
11-27 amendments~fides_delim~https://films.com/ecTitleDetail.aspx?TitleID=10094~fides_delim~Amendments 11-27 - Films Media Group~fides_delim~But in that time, only 27 of those proposed <em>amendments</em> have been ratified. These 27 <em>amendments</em> tell some of the most important stories in American political, ...~fides_delim~totalcount
11-27 amendments~fides_delim~https://www.cabarrus.k12.nc.us/cms/lib/NC01910456/Centricity/Domain/7723/5%20PPT-%20The%20AMENDMENTS%2011-27.pptx~fides_delim~The AMENDMENTS #11-27~fides_delim~What are 4 major principles of the Constitution? What are the 5 freedoms in the 1<sup>st</sup> <em>Amendment</em>? Why was the Bill of Rights added to the Constitution? What is the ...~fides_delim~totalcount
11-27 amendments~fides_delim~https://www.preceden.com/timelines/291519-u-s--constitution--amendments-11-27~fides_delim~US Constitution: Amendments 11-27 - Preceden Timeline Maker~fides_delim~The 12th <em>Amendment</em> redefines the election process/system regarding the President and Vice President. It also states that anyone who becomes Vice President is ...~fides_delim~totalcount
11-27 amendments~fides_delim~https://www.wsfcs.k12.nc.us/cms/lib/NC01001395/Centricity/Domain/620/Amendments_11-27.ppt~fides_delim~Amendments 11-27~fides_delim~<em>Amendments 11-27</em>. Chapter 4 Section 3. <em>Amendments</em> Video. 11<sup>th</sup> <em>Amendment</em>. Limits suits against states. People in different states or foreign countries can't ...~fides_delim~totalcount
11-27 amendments~fides_delim~https://prezi.com/gs06_ljvlvvq/amendments-11-27/~fides_delim~Amendments 11-27 by Whitney Lucas on Prezi Next~fides_delim~This <em>amendment</em> simply revises the presidential election process. Kansas did not ratify this <em>amendment</em>. US Government for Kids: Constitution <em>Amendments</em>." ...~fides_delim~totalcount
11-27 amendments~fides_delim~https://www.teacherspayteachers.com/Browse/Search:constitutional%20amendments%2011-27~fides_delim~Constitutional Amendments 11-27 Teaching Resources - TPT~fides_delim~This is a great activity for a unit on the U.S. Constitution. In this activity/ assignments students are assigned to read 18 different ...~fides_delim~totalcount
11-27 amendments~fides_delim~https://americandesigns.net/products/framed-constitutional-amendments-11-27~fides_delim~Framed Constitutional Amendments 11-27 - American Designs~fides_delim~Complete language of all constitutional <em>amendments</em> following Bill of Rights—formatting reflects style conventions from each <em>amendment</em> document, ...~fides_delim~totalcount
11-27 amendments~fides_delim~https://www.slideshare.net/bmtoth/amendments-11-27~fides_delim~Amendments 11 27 - SlideShare~fides_delim~<em>Amendments 11 27</em>. 1. <em>Amendments 11-27</em>; 2. <em>Amendment</em> 11 &lt;ul&gt;&lt;li&gt;Title: &lt;/li&gt;&lt;/ul&gt;&lt;ul&gt;&lt;ul&gt;&lt;li&gt;Limiting Federal Courts &lt;/li&gt;&lt;/ul&gt;&lt;/ul&gt;&lt;ul&gt;&lt;li&gt;Year Ratified: ...~fides_delim~totalcount
11-27 amendments~fides_delim~https://www.cram.com/flashcards/amendments-11-27-5686217~fides_delim~Amendments 11-27 Foreign Language Flashcards - Cram.com~fides_delim~An <em>amendment</em> is an official change made to a law, constitution, or other legal document. The 19th <em>amendment</em> guaranteed voting rights to all American woman. D...~fides_delim~totalcount
11-27 amendments~fides_delim~https://newsela.com/read/primary-source-amendment-constitution~fides_delim~Primary Sources: The Constitution, Amendments 11-27~fides_delim~A look at the 17 <em>amendments</em> that, together with the Bill of Rights, make up the U.S. Constitution.~fides_delim~totalcount
11-27 amendments~fides_delim~https://www.timetoast.com/timelines/amendments-11-27-c2606a92-e9c0-48b8-8de5-fe238bad454a~fides_delim~Amendments(11-27) timeline - Timetoast~fides_delim~12th <em>Amendment</em>It revised presidential election procedures. The president and vice president are voted on by electors. Hte number of elecotors in each state is ...~fides_delim~totalcount
11-27 amendments~fides_delim~https://www.education.com/worksheet/article/amendments-11-27/~fides_delim~Amendments 11-27 | Worksheet - Education.com~fides_delim~Kids research the constitutional <em>amendments</em> that were added after the Bill of Rights with this cool worksheet.~fides_delim~totalcount
11-27 amendments~fides_delim~https://www.neisd.net/cms/lib/TX02215002/Centricity/Domain/4563/Amendments%20Review%20Power%20Point%201%20-%2027%20%20new.ppt~fides_delim~Amendment Review 1-27~fides_delim~Anti-federalist would not approve the Constitution until a Bill of Rights was added. First <em>Amendment</em>: RAPPS 5 Basic Freedoms. R: Religion; A: Assembly; P: Press ...~fides_delim~totalcount
11-27 amendments~fides_delim~https://mymission.lamission.edu/userdata/chounls/docs/profsomamendmentsmnemonic.pdf~fides_delim~Prof. Som&#39;s Mnemonic Easy way to remember Amendments ...~fides_delim~Read the US Constitution's <em>Amendments</em> to figure out the what this means to memorize the Bill of Rights. Easy way to remember. <em>Amendments 11-27</em> Part 1.~fides_delim~totalcount
11-27 amendments~fides_delim~https://www.bartleby.com/essay/What-Are-Amendments-11-27-FJ95CSF744T~fides_delim~What Are Amendments 11-27 - 236 Words - Bartleby.com~fides_delim~Free Essay: <em>Amendments 11-27</em> will be divided into three sections: Government Procedures, Civil Rights, and Voting Rights. This lesson covers the section of, ...~fides_delim~totalcount
11-27 amendments~fides_delim~https://www.quia.com/jg/2176866list.html~fides_delim~Amendments 11-27 - Quia~fides_delim~Electoral College, The President is the person having the most electorate votes. 13th <em>Amendment</em>, Slavery is eliminated. 14th <em>Amendment</em>, People of any skin color ...~fides_delim~totalcount
11-27 amendments~fides_delim~https://www.chegg.com/flashcards/amendments-11-27-2c3fc567-35f6-474e-90c0-b51656601a71/deck~fides_delim~Amendments 11-27 Flashcards | Chegg.com~fides_delim~<em>Amendment</em> 15. Voting rights for African-American men. <em>Amendment</em> 16. Made income tax legal. <em>Amendment</em> 17. Direct election of Senators. <em>Amendment</em> 18.~fides_delim~totalcount
11-27 amendments~fides_delim~https://reviewgamezone.com/mc/candidate/test/?test_id=22218&title=Amendments%201127~fides_delim~Amendments 11-27 Multiple Choice Test - Review Game Zone~fides_delim~1) Places limits on lawsuits on states · 2) Revises the procedures for electing the President and Vice President · 3) Abolishes Slavery · 4) Defines citizenship ...~fides_delim~totalcount
11-27 amendments~fides_delim~https://www.purposegames.com/game/amendments-11-27-game~fides_delim~Amendments 11 - 27 Quiz - PurposeGames~fides_delim~This online quiz is called <em>Amendments 11 - 27</em>. It was created by member lwilbanks11 and has 17 questions.~fides_delim~totalcount
11-27 amendments~fides_delim~https://www.marionschools.net/cms/lib010/FL01903465/Centricity/Domain/12974/Amendment%2011%20though%2027%20notes.pptx~fides_delim~PowerPoint Presentation~fides_delim~<em>Amendments 11-27</em>. There are 17 other <em>amendments</em> not included in the Bill of Rights; The rest of the <em>amendments</em> have been added from 1795-1992 ...~fides_delim~totalcount
11-27 amendments~fides_delim~https://www.pinterest.com/pin/26106872814964767/~fides_delim~Amendments 11-27 power point slides - Pinterest~fides_delim~Mar 2, 2014 - Ready to use lesson on <em>amendments 11-27</em>. Power point slides includes information on how to <em>amend</em> Constitution, summary of each <em>amendment</em> and ...~fides_delim~totalcount
11-27 amendments~fides_delim~https://www.quora.com/Which-amendment-to-the-US-Constitution-is-most-important-among-Amendments-11-27~fides_delim~Which amendment to the US Constitution is most important ...~fides_delim~The original Constitution and Bill of Rights limited the federal impact on the individual. However, the right to tax individuals based on their income, or ...~fides_delim~totalcount
11-27 amendments~fides_delim~https://study.com/academy/lesson/understanding-the-11th-21st-27th-constitutional-amendments.html~fides_delim~Understanding the 11th, 21st &amp; 27th Constitutional Amendments~fides_delim~The 11th <em>amendment</em> was ratified in 1795 and became the first <em>amendment</em> ratified after the Bill of Rights. It's a short <em>amendment</em>, but one that has historically ...~fides_delim~totalcount
11-27 amendments~fides_delim~https://www.foundingfathers.info/documents/amendments.html~fides_delim~Amendments 11-27 to the Constitution of the United States~fides_delim~Congress shall have power to enforce this article by appropriate legislation. <em>AMENDMENT</em> XIV. Passed by Congress June 13, 1866. Ratified July 9, 1868. Note: ...~fides_delim~totalcount
11-27 amendments~fides_delim~https://quizizz.com/admin/quiz/570cf1bf877c09d71215e8f1/amendments-11-27~fides_delim~Amendments 11-27 | Civics Quiz - Quizizz~fides_delim~Play this game to review Civics. Which <em>amendment</em> states that anyone born on U.S. soil is an American citizen by birth?~fides_delim~totalcount
11-27 amendments~fides_delim~https://en.wikipedia.org/wiki/List_of_amendments_to_the_United_States_Constitution~fides_delim~List of amendments to the United States Constitution - Wikipedia~fides_delim~To become part of the Constitution, an <em>amendment</em> must be ratified by three-fourths of the states (38 since 1959) by either (as determined by Congress):. The ...~fides_delim~totalcount
11-27 amendments~fides_delim~https://www.etsy.com/listing/900392953/framed-constitutional-amendments-11-27~fides_delim~Framed Constitutional Amendments 11-27 More Legible Font~fides_delim~This Wall Hangings item by AmericanDesignsShop has 7 favorites from Etsy shoppers. Ships from Mission Viejo, CA. Listed on Oct 28, 2022.~fides_delim~totalcount
11-27 amendments~fides_delim~http://www.quoteland.com/library/historical/amends.asp~fides_delim~U. S. Constitutional Amendments 11-27 - Quoteland.com~fides_delim~Passed by Congress March 4, 1794. Ratified February 7, 1795. Note: Article III, section 2, of the Constitution was modified by <em>amendment</em> 11. The Judicial power ...~fides_delim~totalcount
11-27 amendments~fides_delim~https://constitutionus.com/constitution/amendments/constitutional-amendments/~fides_delim~List of the 27 Amendments - Constitution of The United States~fides_delim~There have been 27 <em>amendments</em> to the US constitution. Here is a list of all the constitutional <em>amendments</em> to the constitution and a summary.~fides_delim~totalcount
11-27 amendments~fides_delim~https://libguides.berkeleycarroll.org/c.php?g=240421&p=1598758~fides_delim~Amendments 1-27 - The 28th Amendment Project~fides_delim~Constitutional <em>Amendments</em> ; 12th, Changes in electoral college procedure. 1804 ; 13th, Prohibition of slavery. 1865 ; 14th, Citizenship, due ...~fides_delim~totalcount
11-27 amendments~fides_delim~https://www.ushistory.org/documents/amendments.htm~fides_delim~Bill of Rights and Later Amendments - USHistory.org~fides_delim~Passed by Congress September 25, 1789. Ratified December 15, 1791. <em>Amendment</em> I. Freedoms, Petitions, Assembly. Congress shall make no law respecting an ...~fides_delim~totalcount
11-27 amendments~fides_delim~http://terriinloes.pbworks.com/w/file/fetch/60659628/Lyrics%20-%20The%20Rest%20of%20the%20Amendments%20(11-27).pdf~fides_delim~LYRICS~fides_delim~VERSE I. The 11th <em>Amendment</em> says that. Citizens can't use the federal court to sue states. <em>Amendment</em> Number 12 says the VP gets elected separately.~fides_delim~totalcount
11-27 amendments~fides_delim~https://www.teller-rifles.org/resources/us-constitution-amendments-11-27~fides_delim~U.S. Constitution Amendments 11 - 27 - Teller Rifles~fides_delim~... by The National Center for Constitutional Studies. Go to https://nccs.net/blogs/americas-founding-documents/united-states-constitution-<em>amendments</em>-<em>11-27</em>.~fides_delim~totalcount
11-27 amendments~fides_delim~https://www.emsisd.com/cms/lib/TX21000533/Centricity/Domain/1164/Constitution_Day_Student.pdf~fides_delim~The Constitution~fides_delim~The Law of the Land. A constitution is a document that gives the rules for how a government should run. The Framers wrote our Constitution to create a ...~fides_delim~totalcount
11-27 amendments~fides_delim~https://www.govinfo.gov/content/pkg/GPO-CONAN-1992/pdf/GPO-CONAN-1992-7.pdf~fides_delim~U.S. Constitution--Amendments - GovInfo~fides_delim~notice of the date on which a State ratified a proposed constitutional <em>amendment</em>. Accord- ingly the Court consulted the State journals to determine the dates on ...~fides_delim~totalcount
11-27 amendments~fides_delim~https://citizensversus.org/amendments-11-27/~fides_delim~Amendments 11-27 – Citizens Versus~fides_delim~Passed by Congress March 4, 1794. Ratified February 7, 1795. Note: Article III, section 2, of the Constitution was modified by <em>amendment</em> 11. The Judicial power ...~fides_delim~totalcount
11-27 amendments~fides_delim~https://www.ducksters.com/history/us_constitution_amendments.php~fides_delim~US Government for Kids: Constitution Amendments - Ducksters~fides_delim~Kids learn about the <em>amendments</em> in the United States Constitution. Seventeen not included in the Bill of Rights of the twenty-seven total.~fides_delim~totalcount
11-27 amendments~fides_delim~https://screencast-o-matic.com/watch/c3XinKVuJuM~fides_delim~Amendments 11 - 27 - Screencast-O-Matic~fides_delim~<em>Amendments 11 - 27</em>.~fides_delim~totalcount
11-27 amendments~fides_delim~https://www.coursehero.com/file/79541779/Amendments-11-27docx/~fides_delim~Amendments 11-27.docx - CONSTITUTIONAL ... - Course Hero~fides_delim~View <em>Amendments 11-27</em>.docx from GOVERNMENT 101 at Western High School. CONSTITUTIONAL <em>AMENDMENTS</em> (11th - 27th) 11th text prohibits the federal courts from ...~fides_delim~totalcount
11-27 amendments~fides_delim~http://www.zinxtech.com/amendments-1127~fides_delim~The Constitution: Amendments 11-27 - Zinx Technologies~fides_delim~Passed by Congress March 4, 1794. Ratified February 7, 1795. Note: Article III, section 2, of the Constitution was modified by <em>amendment</em> 11. The Judicial power ...~fides_delim~totalcount
11-27 amendments~fides_delim~https://constitutioncenter.org/the-constitution/amendments~fides_delim~The Amendments - The National Constitution Center~fides_delim~There have been 27 <em>amendments</em> to the Constitution, beginning with the Bill of Rights, the first 10 <em>amendments</em>.~fides_delim~totalcount
11-27 amendments~fides_delim~https://www.mathworksheets4kids.com/social-studies/constitution/color/number-amendments.pdf~fides_delim~Amendments 11 - 27 - Math Worksheets 4 Kids~fides_delim~deals with the voting rights of the citizens irrespective. The. 2) nation. abolishes slavery and involuntary servitude from the. The.~fides_delim~totalcount
11-27 amendments~fides_delim~https://www.factmonster.com/take-quiz/amendments2~fides_delim~U.S. Constitution Quiz: Amendments 11-27 | FactMonster~fides_delim~Question 1 (out of 10): What do the Fifteenth, Nineteenth, and Twenty-sixth <em>Amendments</em> all have in common? They each define rights of all citizens.~fides_delim~totalcount
11-27 amendments~fides_delim~https://www.oakparkusd.org/cms/lib/CA01000794/Centricity/Domain/295/APUSH/The_27_Amendments_Simplified.pdf~fides_delim~Print › The 27 Amendments- Simplified | Quizlet~fides_delim~Freedom of speech, press, religion, assembly, and petition. 2. <em>Amendment</em>. 2. Right to bear arms. 3. <em>Amendment</em>. 3. Citizens do not have to house soldiers.~fides_delim~totalcount
11-27 amendments~fides_delim~https://www.constitutionfacts.com/us-constitution-amendments/amendments-to-the-constitution/~fides_delim~Learn About United States (U.S.) Constitution Amendments ...~fides_delim~The Twelfth <em>Amendment</em> was proposed on December 9, 1803, and ratified on July 27, 1804. The Electors shall meet in their respective states, and vote by ballot ...~fides_delim~totalcount
11-27 amendments~fides_delim~https://www.consource.org/index/amendments-11-27/?&date=1787-7-24~fides_delim~Index: Amendments 11-27 - ConSource~fides_delim~ConSourceLibraryIndexEducationAboutBlogQuill Project · Log In Register. Search. Start. Constitutional Index. +- Constitutional Clauses.~fides_delim~totalcount
11-27 amendments~fides_delim~https://www.pdffiller.com/421589530--The-Constitution-Amendments-11-27-~fides_delim~The Constitution: Amendments 11-27 - pdfFiller~fides_delim~The Constitution: <em>Amendments</em> 1127 Constitutional <em>Amendments</em> 110 make up what is known as The Bill of Rights. <em>Amendments</em> 1127 are listed below.~fides_delim~totalcount
11-27 amendments~fides_delim~https://ballotpedia.org/Amendment_XI,_United_States_Constitution~fides_delim~Amendment XI, United States Constitution - Ballotpedia~fides_delim~Text of <em>Amendment</em> XI: The Judicial power of the United States shall not be construed to extend to any suit in law or equity, commenced or prosecuted against one ...~fides_delim~totalcount
11-27 amendments~fides_delim~https://cljgives.org/civics/amendments-11-27-to-the-constitution-of-the-united-states/~fides_delim~Amendments 11-27 to The Constitution of the ... - CLJ Gives~fides_delim~Passed by Congress March 4, 1794. Ratified February 7, 1795. Note: Article III, section 2, of the Constitution was modified by <em>amendment</em> 11. The Judicial power ...~fides_delim~totalcount
11-27 amendments~fides_delim~https://www.tes.com/en-us/teaching-resource/constitutional-amendments-11-27-primary-source-posters-11766689~fides_delim~Constitutional Amendments 11-27 Primary Source POSTERS~fides_delim~Constitutional Amendments <em>11-27 Amendments</em> Patriotic Primary Source Posters This product includes: • Colorful 8.5 X 11" sized posters for ...~fides_delim~totalcount
11-27 amendments~fides_delim~https://thinktankteacher.com/product/extended-amendments-escape-room-activity-us-constitution-11-27/~fides_delim~Extended Amendments ESCAPE ROOM Activity~fides_delim~Your students are going to absolutely love this Extended <em>Amendments</em> ESCAPE ROOM Activity - US Constitution <em>11-27</em>.~fides_delim~totalcount
11-27 amendments~fides_delim~https://zynx.online/amendments-11-27~fides_delim~The Constitution: Amendments 11-27 - Zynx Online~fides_delim~Passed by Congress March 4, 1794. Ratified February 7, 1795. Note: Article III, section 2, of the Constitution was modified by <em>amendment</em> 11. The Judicial power ...~fides_delim~totalcount
11-27 amendments~fides_delim~https://thisgreatcountry.com/amendments-11-27~fides_delim~Amendments 11-27 - This Great Country~fides_delim~Ratified February 7, 1795. Note: Article III, section 2, of the Constitution was modified by <em>amendment</em> 11. The Judicial power of the United ...~fides_delim~totalcount
11-27 amendments~fides_delim~https://www.sporcle.com/games/haynayj/amendments-11-27-1~fides_delim~Amendments 11-27 Quiz - By haynayj - Sporcle~fides_delim~Can you pick the <em>Amendments 11-27</em>? Test your knowledge on this history quiz and compare your score to others. Quiz by haynayj.~fides_delim~totalcount
11-27 amendments~fides_delim~https://www.thompsonschools.org/cms/lib/CO01900772/Centricity/Domain/3627/Amendments%2011-27%20Notetaker.pdf~fides_delim~Amendments 11-27 - Thompson School District~fides_delim~<em>Amendments 11-27</em>. We talk a lot about the Bill of Rights, but all 27 of the <em>amendments</em> are important! Using the “27. <em>Amendments</em> Rap” we will look at ...~fides_delim~totalcount
11-27 amendments~fides_delim~https://www.goodreads.com/book/show/19092324-declaration-of-independence-constitution-of-the-united-states-of-americ~fides_delim~Declaration Of Independence, Constitution Of The United ...~fides_delim~Declaration Of Independence, Constitution Of The United States Of America, Bill Of Rights, Constitutional <em>Amendments 11 - 27</em>, Articles of ...~fides_delim~totalcount
11-27 amendments~fides_delim~https://www.socialstudies.org/social-education/73/7/rapping-27-amendments-constitution~fides_delim~Rapping the 27 Amendments to the Constitution | Social Studies~fides_delim~Students bring the Constitution to life by summarizing the <em>amendments</em> in their own words and composing a rap song.~fides_delim~totalcount
11-27 amendments~fides_delim~https://teachsimple.com/product/the-bill-of-rights-unit-and-a-little-about-amendments-11-27~fides_delim~The Bill of Rights Unit (and a Little About Amendments 11-27)~fides_delim~My unit: “Our Living Constitution” is designed using the Into, Through, and Beyond model of lesson planning. This lesson can be taught independently, ...~fides_delim~totalcount
11-27 amendments~fides_delim~https://wordmint.com/public_puzzles/170683~fides_delim~Amendments 11-27 Crossword - WordMint~fides_delim~Crossword with 17 clues. Print, save as a PDF or Word Doc. Customize with your own questions, images, and more. Choose from 500000+ puzzles.~fides_delim~totalcount
11-27 amendments~fides_delim~https://www.albany.edu/universitysenate/assets/2017_18_Charter_of_the_University_Senate__with_2017_amendments.pdf~fides_delim~Senate Charter of 11/27/03 with April 2004 amendments~fides_delim~<em>Amendment</em> of the Charter. 7. Section X: Senate Councils. 7. X.1. Governance Council (GOV). 7. X.1.3. Committee on Assessment of Governance ...~fides_delim~totalcount
11-27 amendments~fides_delim~http://usbillofrights.org/amendments.html~fides_delim~Amendments 11 - 27 - Defending the Bill of Rights~fides_delim~Passed by Congress March 4, 1794. Ratified February 7, 1795. Note: Article III, section 2, of the Constitution was modified by <em>amendment</em> 11. The Judicial power ...~fides_delim~totalcount
11-27 amendments~fides_delim~https://www.powershow.com/view4/7a5b00-MTg0Y/Amendments_11-27_powerpoint_ppt_presentation~fides_delim~Amendments 11-27 PowerPoint PPT Presentation~fides_delim~<em>Amendments 11-27</em> 11th <em>Amendment</em> A citizen of one state can t sue the government of another state unless it is done in the state being sued.~fides_delim~totalcount
11-27 amendments~fides_delim~http://courses.oermn.org/mod/page/view.php?id=4699~fides_delim~Activity 1.3 Chart: 11-27: The “Other” Amendments~fides_delim~... Courses · Social Studies · HS Government; Unit Four: Individual Rights and Liberties; Activity 1.3 Chart: <em>11-27</em>: The “Other” <em>Amendments</em> ...~fides_delim~totalcount
11-27 amendments~fides_delim~https://www.insider.com/what-are-all-the-amendments-us-constitution-meaning-history-2018-11~fides_delim~The 27 Amendments of the US Constitution and What ... - Insider~fides_delim~In 1791, the Bill of Rights was also ratified with 10 <em>amendments</em>. Since then, 17 more <em>amendments</em> have been added. The <em>amendments</em> deal with a ...~fides_delim~totalcount
11-27 amendments~fides_delim~https://studylib.net/doc/10012327/amendments-11-27~fides_delim~Amendments 11-27 - StudyLib~fides_delim~What does the 1st <em>Amendment</em> Protect? Freedom of: Speech Press Assembly Petition Religion Free Exercise Clause Establishment Clause 1.~fides_delim~totalcount
11-27 amendments~fides_delim~https://news.bloomberglaw.com/daily-labor-report/archivist-pick-leaves-equal-rights-amendment-to-courts-congress~fides_delim~Archivist Pick Leaves Equal Rights Amendment to Courts ...~fides_delim~President Joe Biden's nominee for the next US archivist would need federal court or congressional confirmation that the Equal Rights ...~fides_delim~totalcount
11-27 amendments~fides_delim~https://www.federalregister.gov/documents/2020/11/27/2020-25867/manner-of-federal-executions~fides_delim~Manner of Federal Executions - Federal Register~fides_delim~The Department of Justice (``Department'' or ``DOJ'') is finalizing <em>amendments</em> to regulations to authorize implementation of a sentence in a ...~fides_delim~totalcount
11-27 amendments~fides_delim~https://www.barnesandnoble.com/w/the-us-constitution-bill-of-rights-and-amendments-11-27-several-authors/1104151215~fides_delim~The U.S. Constitution, Bill of Rights, and Amendments 11-27 (w~fides_delim~Budget Books publications is pleased to present The United States Constitution, including the Bill of Rights (<em>Amendments</em> 1 - 10) and ...~fides_delim~totalcount
11-27 amendments~fides_delim~https://www.legislature.mi.gov/(S(j3ak5x4ci0qnafape13i52lj))/documents/2017-2018/Journal/Senate/pdf/2018-SJ-11-27-071.pdf~fides_delim~Journal of the Senate - Michigan Legislature~fides_delim~Ananich—present. Hollier—present. O'Brien—present. Bieda—present. Hood—present. Pavlov—present. Booher—present. Hopgood—present.~fides_delim~totalcount
11-27 amendments~fides_delim~https://www.zazzle.com/u_s_amendments_11_27_pocket_pamphlet_bookmark_flyer-244401110176031667~fides_delim~U.S. Amendments 11-27 Pocket Pamphlet / Bookmark Flyer~fides_delim~FREE Design Tool on Zazzle! Shop U.S. <em>Amendments 11-27</em> Pocket Pamphlet / Bookmark Flyer created by DittyGoCards. Personalize it with photos ...~fides_delim~totalcount
11-27 amendments~fides_delim~https://durham.municipal.codes/UDO/TextAmendments~fides_delim~Text Amendments - Durham Unified Development Ordinance~fides_delim~~fides_delim~totalcount
11-27 amendments~fides_delim~https://sdlegislature.gov/Statutes/Codified_Laws/2074547~fides_delim~Codified Law 58-11-27 | South Dakota Legislature~fides_delim~(2) That service of process, or of any notice or proof of loss required by such policy, upon any of the insurers executing the policy, shall constitute service ...~fides_delim~totalcount
11-27 amendments~fides_delim~https://www.legis.state.pa.us/cfdocs/legis/home/Amendments/ByDate.cfm?Chamber=S&SYear=2007&SInd=0&theDate=11/27/2007&CalendarDisplay=List~fides_delim~Amendments for November 27, 2007 - PA General Assembly~fides_delim~Only <em>amendments</em> that have been considered are displayed. <em>Amendments</em> may be adopted by voice vote; when that happens, a roll call is not ...~fides_delim~totalcount
