11-44 police code~fides_delim~https://www.einvestigator.com/police-eleven-codes/#:~:text=11%2D44%20%3D%20Fatality%20%2F%20Death,11%2D48%20%3D%20Transport~fides_delim~Police Eleven Codes - eInvestigator.com~fides_delim~11-44 = <b>Fatality / Death</b>. 11-45 = Suicide / attempted suicide. 11-48 = Transport.~fides_delim~totalcount
11-44 police code~fides_delim~https://policecodes.net/eleven-codes/11-44~fides_delim~Police Code 11-44~fides_delim~Police code 11-44 means <em>Possible fatality / coroner required</em>. Related Codes. Police Code 11-41 · Police Code 11-42 · Police Code 11-43 · Police Code 11-45 ...~fides_delim~totalcount
11-44 police code~fides_delim~https://www.all-police-codes.com/what-is-a-11-44-police-code/~fides_delim~What Is a 11-44 Police Code? | All Police 11 Codes Information~fides_delim~The 11-44 police code meaning for the police forces is <em>Possible Fatality / Coroner Required</em>. Poice codes were first first presented as APCO Ten Signals in 1937 ...~fides_delim~totalcount
11-44 police code~fides_delim~https://www.pokereagles.com/query/what-is-a-code-1144~fides_delim~What is a code 1144? - PokerEagles.com~fides_delim~Police Code. 11-44. What does police code 11-44 mean? Police code 11-44 means <em>Possible fatality / coroner required</em>.~fides_delim~totalcount
11-44 police code~fides_delim~https://www.radiolabs.com/police-codes.html~fides_delim~Police Scanner Codes - RadioLabs~fides_delim~The following is a list of police, fire and emergency codes listed in numerical order. ... Police Scanner 10 Codes ... 11-44 <em>Deceased person (Coroner Req'd</em>)~fides_delim~totalcount
11-44 police code~fides_delim~http://globegazette.com/app/multimedia/scanner/codes.pdf~fides_delim~Emergency Codes - Globe Gazette~fides_delim~PAB - Police Administration Building ... Code 4A - No further assistance is necessary, but suspect is not in custody ... 11-44 - <em>Possible fatality</em>.~fides_delim~totalcount
11-44 police code~fides_delim~https://lostcoastoutpost.com/chpwatch/codes/~fides_delim~CHP Code Glossary | Lost Coast Outpost | Humboldt County~fides_delim~Common CHP <em>Codes</em> and Shorthand ; 10-9, Repeat last transmission ; 1010, Off duty ; 1011, Identify mobile frequency ; 1013, Advise road or weather conditions ; 1014 ...~fides_delim~totalcount
11-44 police code~fides_delim~https://police-codes.com/eleven-codes/11-44~fides_delim~11-44 Eleven Code - Police Radio Codes~fides_delim~11-44 Code in Different Locations / Departments. RegionLocationDefinition. <em>GenericEleven CodesPossible fatality / coroner required</em>.~fides_delim~totalcount
11-44 police code~fides_delim~http://www.scansandiego.net/Scanner/police_codes.html~fides_delim~police and station codes - scansandiego.net~fides_delim~10-22, Disregard, 11-44, <em>Coroner's Case</em> ... SDPD Police "Codes". PC, 211, Armed Robbery ... PC, 647B, Prostitution, Station K, San Diego City School Police.~fides_delim~totalcount
11-44 police code~fides_delim~https://www.bearcat1.com/radioca.htm~fides_delim~RADIO CODES &amp; SIGNALS - CALIFORNIA - Hobby Radio Stop~fides_delim~11-42 Paramedic Required (E M T) 10-23 Stand By 11-44 <em>Possible Fatality</em> 10-29 ... BEACH POLICE 10 CODES 10-1 Receiving poorly 10-29FD Subject is wanted for ...~fides_delim~totalcount
11-44 police code~fides_delim~https://www.tucsonaz.gov/police/radio-codes~fides_delim~Radio Signal Codes — “10 Codes” - TucsonAZ.gov~fides_delim~~fides_delim~totalcount
11-44 police code~fides_delim~https://www.thehealthyjournal.com/faq/what-does-the-code-11-44-mean~fides_delim~What does the code 11-44 mean? - The Healthy Journal~fides_delim~What is a 1145 in <em>police code</em>? What does <em>police code</em> 11-45 mean? <em>Police code</em> 11-45 means Attempted suicide. Takedown request | View ...~fides_delim~totalcount
11-44 police code~fides_delim~https://www.lospadrescounty.net/et/codes.html~fides_delim~E.T.&#39;s List of Radio Codes - LosPadresCounty.net~fides_delim~This is a list of some of the more popular <em>codes</em> and abbreviations used by <em>Police</em>, Fire, and EMS in the area of Santa Barbara and San Luis Obispo Counties, ...~fides_delim~totalcount
11-44 police code~fides_delim~https://outsidethebadge.com/california-police-codes-10-codes-police-scanner-codes/~fides_delim~California Police Codes, Police Scanner Online, Radio 10 ...~fides_delim~Are you looking for <em>police codes</em> for <em>police</em> agencies in California? Do you want a complete list of <em>police</em> radio <em>codes</em>? ... <em>11-44</em> Coroners Case 602 Tresspass.~fides_delim~totalcount
11-44 police code~fides_delim~http://www.njsoa.org/pdfs/tencode.pdf~fides_delim~Official Ten-Code List - NJSOA~fides_delim~file:///C|/Documents%20and%20Settings/All%20Users/Documents/pp_run/-njsoa/new/work/0709/ten-<em>codes</em>[1].html (1 of 3)9/2/2007 8:59:29 AM ...~fides_delim~totalcount
11-44 police code~fides_delim~https://law.justia.com/codes/rhode-island/2010/title11/chapter11-44/11-44-23.html~fides_delim~§ 11-44-23 Throwing objects at police officer, firefighter or ...~fides_delim~2010 Rhode Island <em>Code</em> Title 11 Criminal Offenses CHAPTER <em>11-44</em> Trespass and Vandalism § <em>11-44</em>-23 Throwing objects at <em>police</em> officer, firefighter or <em>police</em> or ...~fides_delim~totalcount
11-44 police code~fides_delim~http://www.policescannercodes.net/~fides_delim~Police Scanner Codes~fides_delim~<em>Police</em> scanner color <em>codes</em> have been a great help in <em>police</em> emergency operations for years. Also known as an efficient mode of ... <em>11-44</em> Coroner required.~fides_delim~totalcount
11-44 police code~fides_delim~https://quizlet.com/114640091/oceanside-police-codes-flash-cards/~fides_delim~Oceanside Police Codes Flashcards - Quizlet~fides_delim~<em>11-44</em>. Coroner's Case. 11-45. Attempted Suicide. 11-46. Report of Death. 11-47. Injured Person ... (If response is other than <em>Code</em> Word, cover will be sent).~fides_delim~totalcount
11-44 police code~fides_delim~https://chips-tv.com/wiki/CHP_Radio_Codes~fides_delim~CHP Radio Codes - CHiPs Wiki~fides_delim~The California Highway Patrol uses a variety of radio <em>codes</em> in their communications. ... 11-42 Paramedics Required; <em>11-44</em> Possible Fatality ...~fides_delim~totalcount
11-44 police code~fides_delim~https://rppatrols.weebly.com/dojrp-codes.html~fides_delim~DOJRP Codes - Role playing patrols~fides_delim~~fides_delim~totalcount
11-44 police code~fides_delim~https://casetext.com/statute/general-laws-of-rhode-island/title-11-criminal-offenses/chapter-11-44-trespass-and-vandalism~fides_delim~Chapter 11-44 - General Laws of Rhode Island - Casetext~fides_delim~Browse General Laws of Rhode Island | Chapter <em>11-44</em> - Trespass and ... Section <em>11-44</em>-23 - Throwing objects at <em>police</em> officer, firefighter or <em>police</em> or fire ...~fides_delim~totalcount
11-44 police code~fides_delim~https://codes.findlaw.com/ri/title-11-criminal-offenses/ri-gen-laws-sect-11-44-23.html~fides_delim~Rhode Island General Laws Title 11. Criminal Offenses § 11 ...~fides_delim~Criminal Offenses RI ST Section <em>11-44</em>-23. Read the <em>code</em> on FindLaw. ... <em>police</em> or fire vehicles - last updated January 01, 2019 | https://<em>codes</em>.findlaw.com/ ...~fides_delim~totalcount
11-44 police code~fides_delim~https://codelibrary.amlegal.com/codes/longview/latest/longview_tx/0-0-0-1283~fides_delim~Sec. 11-44. Emergency ambulance service fees.~fides_delim~Legal publisher offering ordinance codification services for local governments, specializing in providing <em>codes</em> of ordinances in print and on the Internet.~fides_delim~totalcount
11-44 police code~fides_delim~https://library.municode.com/va/wytheville/codes/code_of_ordinances?nodeId=PTIICOOR_CH11PO_ARTIINGE_S11-4ASBY~fides_delim~Chapter 11 - POLICE | Code of Ordinances | Wytheville, VA~fides_delim~State Law reference— <em>Police</em> and public order, <em>Code</em> of Virginia, § 15.2-1700 et seq. ... (<em>Code</em> 1987, § <em>11-44</em>; Ord. No. 1009, 3-28-1994; Ord. No.~fides_delim~totalcount
11-44 police code~fides_delim~https://www.broadcastify.com/listen/feed/16401~fides_delim~Imperial County Law Enforcement and Fire Live Audio Feed~fides_delim~Imperial County <em>Law Enforcement</em> and Fire Live Audio Feed on ... H&amp;S= HEALTH and SAFETY <em>CODE</em> (control substance) ... <em>11-44</em>= DECEASED PERSON or ANIMAL.~fides_delim~totalcount
11-44 police code~fides_delim~https://www.urbandictionary.com/define.php?term=Ten%20Four~fides_delim~Ten Four - Urban Dictionary~fides_delim~Nowadays when people use these <em>codes</em>, they are mostly refering to the <em>police</em> radio <em>code</em> system, which is more detailed then its original version, so I'am only ...~fides_delim~totalcount
11-44 police code~fides_delim~https://studylib.net/doc/8714520/san-diego-police-dispatch-codes-by-www.enjoypb.com-10~fides_delim~San Diego Police Dispatch Codes by www.enjoyPB.com 10~fides_delim~San Diego <em>Police</em> Dispatch <em>Codes</em> by www. ... No Want No Want 11-30 11-31 11-40 11-41 11-42 <em>11-44</em> 11-45 11-46 11-47 11-48 11-49 11-50 11-51 11-53 11-55 11-60 ...~fides_delim~totalcount
11-44 police code~fides_delim~https://www.interviewarea.com/frequently-asked-questions/what-does-signal-11-mean-police~fides_delim~What does signal 11 mean police? - Interview Area~fides_delim~What does <em>police code</em> 11-81 mean? <em>Police code</em> 11-81 means Traffic accident - minor injury. Takedown request | View complete answer on policecodes.net ...~fides_delim~totalcount
11-44 police code~fides_delim~http://webserver.rilin.state.ri.us/Statutes/TITLE11/INDEX.HTM~fides_delim~TITLE 11 Criminal Offenses~fides_delim~Chapter <em>11-44</em> Trespass and Vandalism · Chapter 11-45 Disorderly Conduct · Chapter 11-45.1 Unreasonable Noise Levels · Chapter 11-46 Waters.~fides_delim~totalcount
11-44 police code~fides_delim~https://code.dccouncil.gov/us/dc/council/code/sections/5-719~fides_delim~§ 5–719. Application of § 5-718. | D.C. Law Library~fides_delim~<em>Code</em> of the District of Columbia ... For temporary amendment of section, see § 512 of the Omnibus Budget Support Emergency Act of 1995 (D.C. Act <em>11-44</em>, ...~fides_delim~totalcount
11-44 police code~fides_delim~https://wiki.radioreference.com/images/b/ba/Edc10.pdf~fides_delim~El Dorado County 10 Codes - The RadioReference Wiki~fides_delim~<em>11-44</em>. Dead person/animal. 11-79. Traffic Accident – Possible Serious Injuries ... Emergency – lights and sirens (also referred to as “<em>Code</em>”). <em>Code</em> 4.~fides_delim~totalcount
11-44 police code~fides_delim~https://opinionfront.com/police-scanner-codes~fides_delim~Police Scanner Codes - Opinion Front~fides_delim~<em>Police</em> Scanner <em>Codes</em> ; 11-42, No ambulance needed ; <em>11-44</em>, Deceased person (Coroner Req'd) ; 11-48, Furnish transportation ; 11-51, Escort ; 11-52, Funeral detail.~fides_delim~totalcount
11-44 police code~fides_delim~http://www.bigbearscanner.com/codes.php~fides_delim~Codes - Big Bear Scanner~fides_delim~Here is a partial compilation of common <em>codes</em> and abbreviations used by various public safety ... <em>11-44</em> Coroner required. ... Hundred Chief of <em>Police</em>/Sherif~fides_delim~totalcount
11-44 police code~fides_delim~http://policecodes.org/police-11-code-list~fides_delim~Police Codes.org - Police 11 Code List~fides_delim~The <em>Police Codes</em> known as <em>Police</em> 11 <em>Codes</em> that offer even more discriptions for the <em>Police</em> Scanner communications. ... <em>11-44</em> Coroner required~fides_delim~totalcount
11-44 police code~fides_delim~https://www.vvng.com/scanner-inf/~fides_delim~Scanner Links &amp; Codes - VVNG.com~fides_delim~SCANNER <em>CODES</em> — <em>Police</em> Scanner 10 <em>Codes</em>. <em>Police</em> Scanner 10 <em>Codes</em> ... <em>Police</em> Scanner <em>Code</em>. 187 Homicide ... <em>11-44</em> Deceased person (Coroner Req'd).~fides_delim~totalcount
11-44 police code~fides_delim~https://www.qsl.net/sp9hzx/img/scannercodes.txt~fides_delim~scannercodes.txt - QSL.net~fides_delim~List of <em>police</em>, fire and emergency <em>codes</em> -- <em>Police</em> Scanner 10 <em>Codes</em>: 10-0 ... Ambulance needed 11-42 No ambulance needed <em>11-44</em> Deceased person (Coroner ...~fides_delim~totalcount
11-44 police code~fides_delim~https://mra-raycom.com/radio-codes/~fides_delim~Radio Codes - MRA~fides_delim~~fides_delim~totalcount
11-44 police code~fides_delim~https://www.chegg.com/flashcards/police-radio-codes-e436b1bc-5410-424b-9032-b955f46d2572/deck~fides_delim~Police radio codes Flashcards | Chegg.com~fides_delim~<em>11-44</em>. Coroner's case. 11-45. Attempt suicide. 11-46. Report of death. 11-47. Injured person. 11-48. Furnish transportation.~fides_delim~totalcount
11-44 police code~fides_delim~https://www.facebook.com/outsidemagazine/posts/jesus-we-have-an-11-44-he-said-using-the-police-code-for-a-dead-body-and-shes-be/10155833271045429/~fides_delim~&quot;Jesus, we have an 11-44,&quot; he said,... - Outside Magazine~fides_delim~"Jesus, we have an <em>11-44</em>," he said, using the <em>police code</em> for a dead body. "And she's been decapitated." ...~fides_delim~totalcount
11-44 police code~fides_delim~https://www.visalia.city/civicax/filebank/blobdload.aspx?BlobID=34363~fides_delim~Visalia Police Department Daily Calls for Service~fides_delim~<em>11:44</em> pm. A375. S Giddings St &amp; W Vassar Ave. P33. 01/17/23 11:39 pm. 230117416. SECCKS. 23-004885. INA. 11:41 pm. A178. 3357 W Riggin Ave.~fides_delim~totalcount
11-44 police code~fides_delim~https://www.scstatehouse.gov/code/t16c011.php~fides_delim~SC Code of Laws - South Carolina Legislature~fides_delim~<em>Law enforcement</em> personnel are required to use this location <em>code</em>, premise <em>code</em>, or designation when completing incident reports for all criminal activity ...~fides_delim~totalcount
11-44 police code~fides_delim~https://online.encodeplus.com/regs/early-tx/doc-viewer.aspx~fides_delim~Document Viewer | Code of Ordinances - enCodePlus~fides_delim~Early, TX <em>Code</em> of Ordinances ... Sec. 1-3.3. - <em>Code</em> does not affect prior rights, offenses or other acts. ... Powers of chief of <em>police</em> relative to reserve.~fides_delim~totalcount
11-44 police code~fides_delim~https://www.ndlegis.gov/cencode/t44c11.pdf~fides_delim~removal by governor~fides_delim~The subpoenas may be directed to any sheriff, or chief of <em>police</em>, who immediately shall serve the subpoenas. The officer is entitled to such fees as are ...~fides_delim~totalcount
11-44 police code~fides_delim~https://www.service-life.com/1697/file_retrieve/25404~fides_delim~1 EL DORADO COUNTY SHERIFF&#39;S DEPARTMENT ...~fides_delim~10-<em>CODES</em>. <em>Code</em> 1. At Your Convenience. <em>Code</em> 2. Urgent Response. <em>Code</em> 3. Emergency Response. <em>Code</em> 4 ... <em>11-44</em>. Dead Person. 11-80. Accident Major Injury.~fides_delim~totalcount
11-44 police code~fides_delim~https://www.phila.gov/departments/office-of-human-resources/job-specs/spec_6c.html~fides_delim~6C. - Police and Fire Technical Job Classes - Phila.gov~fides_delim~~fides_delim~totalcount
11-44 police code~fides_delim~https://oksenate.gov/sites/default/files/2019-12/os11.pdf~fides_delim~OKLAHOMA STATUTES TITLE 11. CITIES AND TOWNS~fides_delim~Ordinances relating to elected <em>law enforcement</em> officers. ... Publication of certain <em>codes</em> and ordinances by title and summary of contents. ... §<em>11-44</em>-107.1.~fides_delim~totalcount
11-44 police code~fides_delim~https://www.village.saukville.wi.us/CivicAlerts.aspx?ARC=L&What=1&CC=0&From=CID%3D1~fides_delim~News Flash • Village of Saukville, WI • CivicEngage~fides_delim~~fides_delim~totalcount
11-44 police code~fides_delim~https://le.utah.gov/xcode/code.html~fides_delim~Utah Code Index~fides_delim~Title 4, Utah Agricultural <em>Code</em> ... Title 15A, State Construction and Fire <em>Codes</em> Act ... Title 26B, Utah Health and Human Services <em>Code</em>.~fides_delim~totalcount
11-44 police code~fides_delim~https://www.fresno.gov/police/wp-content/uploads/sites/5/2020/08/PolicyManual_Redacted-Chap-1-to-3.pdf~fides_delim~Fresno Police Department Policy Manual~fides_delim~Sworn members of this Department are peace officers pursuant to Penal <em>Code</em> § 830.1. The authority of any such peace officer extends to any place in ...~fides_delim~totalcount
11-44 police code~fides_delim~https://www.lawserver.com/law/state/rhode-island/ri-laws/rhode_island_general_laws_chapter_11-44~fides_delim~Rhode Island General Laws &gt; Chapter 11-44 – Trespass and ...~fides_delim~Rhode Island General Laws &gt; Chapter <em>11-44</em> – Trespass and Vandalism ; § <em>11-44</em>-23 · Throwing objects at <em>police</em> officer, firefighter or <em>police</em> or fire vehicles ; § ...~fides_delim~totalcount
11-44 police code~fides_delim~https://www.legis.iowa.gov/docs/publications/ACOD/767413.pdf~fides_delim~IOWA ADMINISTRATIVE CODE (IAC) INDEX~fides_delim~This index reflects rules of the Iowa Administrative <em>Code</em> as ... <em>LAW ENFORCEMENT</em> ADMINISTRATOR'S TELECOMMUNICATIONS ... UNIONS, <em>11—44</em>.~fides_delim~totalcount
11-44 police code~fides_delim~https://static1.squarespace.com/static/604aec14af289a5f7a539cf5/t/62c5f6121cfd774f65a09913/1657140755355/51566886026.pdf~fides_delim~Police scanner codes - Squarespace~fides_delim~Possible <em>11-44</em>.” With such short and simple <em>police</em> scanner eleven <em>codes</em>, the dispatcher gets the whole picture. Immediate and accurate help is ...~fides_delim~totalcount
11-44 police code~fides_delim~https://everything2.com/title/Police+Codes~fides_delim~Police Codes - Everything2.com~fides_delim~<em>Police Codes</em> · 11-10 Take a Report · 11-19 Permission to come to Station · 11-41 Ambulance Needed · <em>11-44</em> Dead Body (either human or animal) · 11-55 ...~fides_delim~totalcount
11-44 police code~fides_delim~https://data.providenceri.gov/api/views/rz3y-pz8v/rows.pdf?app...~fides_delim~Providence Police Case Log - Past 180 days~fides_delim~<em>11-44</em>-1. VANDALISM/MALICIOUS INJURY TO PROPERTY. 1 JButen ... Municipal <em>Code</em> Violation. Sec. 12-57. ... ASSAULT OF <em>POLICE</em> OFFICERS AND OTHER.~fides_delim~totalcount
11-44 police code~fides_delim~https://abbreviations.yourdictionary.com/articles/police-abbreviations.html~fides_delim~Police Abbreviations, Acronyms, and Jargon - YourDictionary~fides_delim~<em>Police Codes</em> for Crimes and Their Abbreviations ... <em>Police</em> Communication Number <em>Codes</em> ... 11-42 - Ambulance not required; <em>11-44</em> - Fatality/death ...~fides_delim~totalcount
11-44 police code~fides_delim~https://lawrenceks.org/police/calls/~fides_delim~Police Calls for Service Log - City of Lawrence, Kansas~fides_delim~The Lawrence <em>Police</em> Department Calls for Service Log reflects most of the calls responded to within the last 24 hours, from approximately 6:00AM to 6:00AM.~fides_delim~totalcount
11-44 police code~fides_delim~http://www.neweastside.org/scanner.html~fides_delim~CHICAGO POLICE SCANNER AUDIO - Districts 1 and 18~fides_delim~Chicago <em>Police</em> (Zone 4 - 1st and 18th districts)" ... <em>Police</em> Scanner 1-37 <em>Codes</em>... <em>Code</em> 2 Urgent - no light or ... <em>11-44</em> Deceased person (Coroner Req'd).~fides_delim~totalcount
11-44 police code~fides_delim~https://worldradiohistory.com/hd2/IDX-Short-Wave/Archive-Popular-Communications-IDX/IDX/80s/Popular-Communications-1984-11-OCR-Page-0055.pdf~fides_delim~Imperial County Sheriff Radio Codes~fides_delim~<em>11-44</em>. 11-48. AMBULANCE REOGIREC. CORONER REQUIRED. FURNISH TRANSPORTATION. 10-4. MESSAGE RECEIVED. 10-30. DOES NOT CONFORM TO REGULATIONS.~fides_delim~totalcount
11-44 police code~fides_delim~https://sandiego.networkofcare.org/mh/services/agency.aspx?pid=PsychiatricEmergencyResponseTeamPERT_61_2_0~fides_delim~Psychiatric Emergency Response Team (PERT) - San Diego~fides_delim~Provides emergency assessment and referral for individuals in behavioral health crisis who come to the attention of <em>law enforcement</em> through phone calls from ...~fides_delim~totalcount
11-44 police code~fides_delim~https://www.ogdensburg.org/CivicAlerts.aspx?ARC=L&What=2&CC=2&ItemID=761&From=AID%3D761~fides_delim~News Flash • Ogdensburg, NY • CivicEngage~fides_delim~~fides_delim~totalcount
11-44 police code~fides_delim~https://uaptsd.org/copwatch/live_police_scanner/~fides_delim~Live Police Scanner | United Against Police Terror – San Diego~fides_delim~San Diego <em>Police</em> Dispatch Chula Vista <em>Police</em> and Fire California Highway Patrol ... San Diego County <em>Police</em> and Sheriff <em>Codes</em> ... <em>11-44</em> Coroner's Case~fides_delim~totalcount
11-44 police code~fides_delim~https://www.pittsylvaniacountyva.gov/home/showpublisheddocument/459/637816560581670000~fides_delim~PITTSYLVANIA COUNTY CODE CHAPTER 11 PUBLIC SAFETY~fides_delim~<em>11-44</em>. - 11-70. Reserved. ARTICLE III. EMERGENCY MEDICAL AND RESCUE SERVICES ... (vi) until the arrival of a <em>police</em> officer, direct and control traffic in ...~fides_delim~totalcount
11-44 police code~fides_delim~https://www.courts.ri.gov/PublicResources/domesticviolenceunit/PDF/PreventionAct.pdf~fides_delim~Domestic Violence Prevention Act - Courts.RI.gov~fides_delim~policies and practices of <em>law enforcement</em> agencies, prosecutors, and courts which have resulted in differing treatment of ... (3) Vandalism (§ <em>11-44</em>-1);.~fides_delim~totalcount
11-44 police code~fides_delim~https://www.chickasha.org/DocumentCenter/View/3017/April-18-2022-Claims-List~fides_delim~04-14-2022 11:44 AM COUNCIL REPORT 4-18-22 PAGE~fides_delim~<em>POLICE</em> ADMINISTRATION GENERAL FUND GRADY COUNTY <em>LAW ENFORCEMENT</em> CENTER ... GENERAL GOVERNMENT GENERAL FUND MUNICIPAL <em>CODE</em> CORPORATION.~fides_delim~totalcount
11-44 police code~fides_delim~https://www.ilga.gov/legislation/ilcs/ilcs4.asp?DocName=006500050HArt+11+prec+Div+45&ActID=802&ChapterID=14&SeqStart=184800000&SeqEnd=192600000&Print=True~fides_delim~65 ILCS 5/ Illinois Municipal Code.~fides_delim~Sec. <em>11-44</em>-7. The corporate authorities of each municipality may appoint harbor masters and define their duties. (Source: Laws 1961, p. 576.) ...~fides_delim~totalcount
11-44 police code~fides_delim~https://www.vpsfl.org/jobs.aspx?CommunityJobs=False&CatID=Police-Department-102~fides_delim~Jobs • Palm Springs, FL • CivicEngage - VPSFL.org~fides_delim~SUMMARY General duty <em>police</em> work in the protection of life and property. To Apply for this position please click here : You will be redirected to.~fides_delim~totalcount
11-44 police code~fides_delim~https://www.townofmanlius.org/Blog.aspx?ARC=L&What=1&CC=0&From=~fides_delim~Blog • Manlius, NY • CivicEngage~fides_delim~~fides_delim~totalcount
11-44 police code~fides_delim~https://judicial.alabama.gov/docs/rules/Rule20_Appendix_B.pdf~fides_delim~appendix - judicial.alabama.gov~fides_delim~<em>Code</em> Section or. Regulation No.: ... 9-<em>11-44</em>. Hunting without a license ... Fleeing or attempting to elude a marine <em>police</em> officer $150.~fides_delim~totalcount
11-44 police code~fides_delim~https://fountainvalley.org/DocumentCenter/View/15222/Arrest-Log-5-20-to-5-26pdf~fides_delim~FOUNTAIN VALLEY POLICE DEPARTMENT~fides_delim~FOUNTAIN VALLEY <em>POLICE</em> DEPARTMENT. Arrest Summary Report, by Date, Time, ... Entry <em>Code</em>. Jud. Status ... Arrest Time/Date: 11:<em>11:44</em> 05/20/22.~fides_delim~totalcount
11-44 police code~fides_delim~https://www.lakeconews.com/news/police-logs/73517-lakeport-police-logs-sunday-aug-45~fides_delim~Lakeport ‌Police‌ ‌logs:‌ Sunday, Aug. 21 - Lake County News~fides_delim~<em>11:44</em> VEHICLE <em>CODE</em>/OTHER OFFENSES 2208210051. Occurred at Plaza Paints on S Main. LEFT HER V2006 BLK MERZ YESTERDAY AND ITS GONE.~fides_delim~totalcount
11-44 police code~fides_delim~https://police.louisiana.edu/sites/police/files/July_2022_31.pdf~fides_delim~Police Incident and Fire Log~fides_delim~Excluding Offense equals <em>CODE</em> 5. Page 1 of 2 ... <em>Police</em> Incident and Fire Log ... <em>11:44</em>. SIMPLE ASSAULT. 22-007804. 4401 ADMIRAL DOYLE.~fides_delim~totalcount
11-44 police code~fides_delim~https://www.villageofoldwestbury.org/CivicAlerts.aspx?ARC=L&What=1&CC=0&intArchCatID=5&From=CID%3D5~fides_delim~News Flash • Old Westbury, NY • CivicEngage~fides_delim~~fides_delim~totalcount
11-44 police code~fides_delim~https://www.cityoflacrosse.org/Home/Components/News/News/766/967?arch=1~fides_delim~Warrants Issued for Two Suspects in January 8th, 2022 ...~fides_delim~Post Date:03/08/2022 <em>11:44</em> AM. La Crosse <em>Police</em>, through the course of their investigation, have identified two suspects in the homicide of Ernest Knox.~fides_delim~totalcount
11-44 police code~fides_delim~https://www.oaklandca.gov/news/2020/homicide-investigation-in-the-1500-block-of-35th-avenue~fides_delim~Homicide Investigation in the 1500 block of 35th Avenue~fides_delim~On September 11<sup>th</sup>, 2020, at approximately <em>11:44</em> PM, Oakland <em>Police</em> Officers were dispatched to the 1500 block of 35<sup>th</sup> Avenue to investigate ...~fides_delim~totalcount
11-44 police code~fides_delim~https://police.cityofomaha.org/cold-cases~fides_delim~Homicide Cold Cases - Omaha Police Department~fides_delim~Crime Information: On Thursday, August 8, 2019 at <em>11:44</em> p.m., officers with the Omaha <em>Police</em> Department were dispatched to 6212 Maple Street, mid-town ...~fides_delim~totalcount
11-44 police code~fides_delim~https://www.visaliatimesdelta.com/story/news/2016/11/19/police-investigate-possible-fatal-collision-mooney/94153090/~fides_delim~UPDATE: Man dead after collision on Mooney~fides_delim~Visalia <em>police</em> announced that the man hit by a motorist Saturday on ... and reported the injuries as "<em>11-44</em>," the <em>police code</em> for fatal.~fides_delim~totalcount
11-44 police code~fides_delim~https://indiefaq.com/guides/flashing-lights-police-radio-codes.html~fides_delim~Flashing Lights - Police Radio Codes - IndieFAQ.com~fides_delim~<em>Police</em> Radio 10-<em>Codes</em> · 10-00 Officer down, all patrols respond · 10-0 Use caution · 10-1 You are being received poorly / Cannot copy · 10-2 You are ...~fides_delim~totalcount
11-44 police code~fides_delim~https://www.gastongazette.com/story/news/crime/2013/11/22/what-brought-police-to-your/34364801007/~fides_delim~What brought the police to your neighborhood? 11/22/13~fides_delim~Daily Crime Blotter - List of <em>Police</em> Reports Taken by the City of ... 7:43 PM New 11/21/13 <em>11:44</em> AM 1708 Findlay St Gastonia 28052 None ...~fides_delim~totalcount
11-44 police code~fides_delim~https://www.palmspringsca.gov/home/showpublisheddocument/81847/637841333142600000~fides_delim~2022 Weekly Hotline Call Log.xlsx - City of Palm Springs~fides_delim~<em>CODE</em>. 10:34 PM. Arrived at 2334 hours. Upon arrival, no loud screaming or any other loud noises heard whatsoever. ... 03/19/2022 <em>11:44 11:44</em> AM 220319114126.~fides_delim~totalcount
11-44 police code~fides_delim~https://www.cityofrockledge.org/AgendaCenter/Code-Enforcement-Board-7~fides_delim~Agenda Center • Rockledge, FL • CivicEngage~fides_delim~▽<em>Code</em> Enforcement Board · Oct 13, 2022 — Posted Oct 5, 2022 3:45 PM · Sep 8, 2022 — Posted Aug 29, 2022 <em>11:44</em> AM · Jun 9, 2022 — Posted Jun 2, 2022 3:54 PM · May ...~fides_delim~totalcount
11-44 police code~fides_delim~https://law.cityofsanmateo.org/us/ca/cities/san-mateo/code/11.44.090~fides_delim~11.44.090 interference with enforcement unlawful.~fides_delim~... other emergency, <em>police</em> officers may direct traffic as conditions may require, notwithstanding the provisions of the traffic laws. (Prior <em>code</em> § 73.04.) ...~fides_delim~totalcount
11-44 police code~fides_delim~https://www.yumpu.com/en/document/view/34037969/radio-codes-and-signals-the-radioreferencecom-forums~fides_delim~RADIO CODES AND SIGNALS - The RadioReference.com ...~fides_delim~AMTRAK <em>POLICE</em>. Expanded APCO <em>codes</em> except as. follows: 10-00 Emergency broadcast. 10-10 Check vehicle/person. 10-11 Request assistance.~fides_delim~totalcount
11-44 police code~fides_delim~https://www.cram.com/flashcards/riverside-ca-city-police-radio-codes-5014843~fides_delim~Riverside, CA City Police Radio Codes Flashcards - Cram.com~fides_delim~Study Flashcards On Riverside, CA City <em>Police</em> Radio <em>Codes</em> at Cram.com. Quickly memorize the terms, phrases and much more. Cram.com makes it easy to get the ...~fides_delim~totalcount
11-44 police code~fides_delim~https://gcso.org/wp-content/uploads/2022/03/Alarm-Ordinance.pdf~fides_delim~ARTICLE IV: SECURITY ALARM SYSTEMS~fides_delim~Sheriff's office means the <em>law enforcement</em> agency of the county and includes office staff and ... (1976 <em>Code</em>, § <em>11-44</em>) (Ord. 3354, § 1, passed 4-18-2000).~fides_delim~totalcount
11-44 police code~fides_delim~https://www.burlingtoniowa.org/Archive.aspx?ADID=1903~fides_delim~BURLINGTON POLICE DEPARTMENT Arrest Blotter~fides_delim~BURLINGTON <em>POLICE</em> DEPARTMENT. Arrest Blotter ... <em>Code</em>. Charge Description. Incident #. Warrant #. Issuing Agency ... 08/05/2016 @ <em>11:44</em>.~fides_delim~totalcount
11-44 police code~fides_delim~https://www.ci.washington.il.us/egov/apps/document/center.egov?view=detail&id=2329~fides_delim~Board of Police Commissioners Agenda 4-21-22~fides_delim~Board of <em>Police</em> Commissioners. Municipal <em>Code</em> Pay Bill Meeting Center Apply For A Job Stay Informed Citizen Requests.~fides_delim~totalcount
11-44 police code~fides_delim~http://alisondb.legislature.state.al.us/alison/codeofalabama/1975/coatoc.htm~fides_delim~Code of Alabama 1975~fides_delim~The <em>Code</em> of Alabama 1975. Title 1 GENERAL PROVISIONS. Title 2 AGRICULTURE. Title 3 ANIMALS. Title 4 AVIATION. Title 5 BANKS AND FINANCIAL INSTITUTIONS.~fides_delim~totalcount
11-44 police code~fides_delim~https://www.tfid.org/CivicAlerts.asp?AID=1199&ARC=1951~fides_delim~News Flash • Twin Falls, ID • CivicEngage~fides_delim~[ARCHIVED] <em>Police</em> Seek Suspect in Robbery at 1700 Kimberly Road. 21002773. At <em>11:44</em> p.m. Monday, May 24, the Twin Falls <em>Police</em> Department ...~fides_delim~totalcount
11-44 police code~fides_delim~https://www.winchesterpolice.org/sites/default/files/2022-10/ar_presslog%2010-4-22.pdf~fides_delim~WINCHESTER POLICE DEPARTMENT Arrest Press Log~fides_delim~10/04/2022 @ <em>11:44</em>. LARIAT CT. Arresting WINCHESTER PD. STEPHENS CITY, VA 226. Location. LEGGE BLVD / CROSSOVER BLVD. WINCHESTER. <em>Code</em>.~fides_delim~totalcount
11-44 police code~fides_delim~https://dotnet.slcgov.com/Police/CADCallsForService/~fides_delim~SLCPD All Dispatch Calls~fides_delim~~fides_delim~totalcount
11-44 police code~fides_delim~https://crawfordcountynow.com/files/2023/01/CRESTLINE-POLICE-REPORTS-Jan-9-15.pdf~fides_delim~crestline police department - Crawford County Now~fides_delim~Time <em>Code</em>. ALSINGH. PESPECT ... CRESTLINE <em>POLICE</em> DEPARTME 100 N SELTZER ST CRESTLINE, OH, 44827 ... <em>11:44</em>:00 13. 23-000252.~fides_delim~totalcount
11-44 police code~fides_delim~https://www.mariposacounty.org/690/Daily-Log~fides_delim~PRESS REPORT 01-22-2023 | Mariposa County, CA~fides_delim~~fides_delim~totalcount
11-44 police code~fides_delim~https://leg.colorado.gov/sites/default/files/analyses-of-acts.pdf~fides_delim~Analysis of Acts and Codes Spanning Multiple Articles~fides_delim~This document provides a list of Colorado acts and <em>codes</em> that span more than one ... Division of Financial Services, <em>11-44</em>-101 to <em>11-44</em>-123.~fides_delim~totalcount
11-44 police code~fides_delim~https://www.isp.idaho.gov/massMailer-web/loadNewsRelease.action;jsessionid=EB8459327068E6783EEC82A725ED824A?domain=opr&newsReleaseId=12820~fides_delim~News Release - Activity on the Capitol Mall - Idaho State Police~fides_delim~... IDAHO STATE <em>POLICE</em> NEWS RELEASE 700 S. Stratford Dr., Meridian, ID 83642 For Immediate Release: 3/28/22 <em>11:44</em> a.m. ISP Public Affairs Office ...~fides_delim~totalcount
11-44 police code~fides_delim~https://www.jupiter.fl.us/CivicAlerts.asp?AID=6060&ARC=12081~fides_delim~News Flash • Jupiter, FL • CivicEngage~fides_delim~The original item was published from 6/3/2022 <em>11:44</em>:37 AM to 6/15/2022 12:00:06 AM. ... [ARCHIVED] Posting Advisory for <em>Code</em> Case 22-000429.~fides_delim~totalcount
11-44 police code~fides_delim~https://www.njconsumeraffairs.gov/Statutes/Identity-Theft-Prevention-Act.pdf~fides_delim~Identity-Theft-Prevention-Act.pdf~fides_delim~any required security <em>code</em>, access <em>code</em>, or password that would permit ... made after the <em>law enforcement</em> agency determines that its disclosure will not ...~fides_delim~totalcount
11-44 police code~fides_delim~https://www.longwoodfl.org/agendacenter~fides_delim~Agenda Center • Longwood, FL • CivicEngage~fides_delim~▽<em>Code</em> Enforcement Hearing (Special Magistrate) ... 2022 <em>11:44</em> AM. <em>Police</em> Officers and Firefighters Pension and Trust Fund Regular Meeting. Download ▽.~fides_delim~totalcount
11-44 police code~fides_delim~https://www.sandiego.gov/sites/default/files/legacy/iba/pdf/11_54attachment2.pdf~fides_delim~NO &#39;COST&#39; FOR ALARM? - City of San Diego~fides_delim~This ordinance also directs the San Diego <em>Police</em> ... <em>code</em> enforcement regarding collection of fines and fees for ... <em>11-44</em> through 11-47.~fides_delim~totalcount
11-44 police code~fides_delim~https://cityofls.net/police-department/public-information/police-blotter/artmid/3303/articleid/6506/police-blotter-12192022-to-12262022~fides_delim~Police Blotter 12/19/2022 to 12/26/2022~fides_delim~The <em>Police</em> Blotter contains information about actual <em>police</em> reports ... SE US 50 HWY W &amp; SE BLACKWELL RD, December 22, <em>11:44</em> AM, non-injury.~fides_delim~totalcount
