11-41~fides_delim~https://www.biblegateway.com/passage/?search=John%2011%3A41&version=NIV~fides_delim~John 11:41 NIV - So they took away the stone. Then Jesus~fides_delim~So they took away the stone. Then Jesus looked up and said, ‚ÄúFather, I thank you that you have heard me.~fides_delim~totalcount
11-41~fides_delim~https://www.bibleref.com/John/11/John-11-41.html~fides_delim~What does John 11:41 mean?~fides_delim~John <em>11:41</em>, KJV: Then they took away the stone from the place where the dead was laid. And Jesus lifted up his eyes, and said, Father, I thank thee that¬†...~fides_delim~totalcount
11-41~fides_delim~https://biblia.com/bible/nkjv/john/11/41~fides_delim~John 11:41 NKJV - Then they took away the stone‚Ä¶~fides_delim~41 Then they took away the stone from the place where the dead was laid. And Jesus lifted up his eyes, and said, Father, I thank thee that thou hast heard me.~fides_delim~totalcount
11-41~fides_delim~https://biblehub.com/john/11-41.htm~fides_delim~John 11:41 So they took away the stone. Then Jesus lifted ...~fides_delim~Now Jesus lifted His eyes upwards and said, "Father, I thank You that You have heard Me. ... Then they took away the stone from the place where the dead was laid.~fides_delim~totalcount
11-41~fides_delim~https://www.biblestudytools.com/luke/11-41.html~fides_delim~Luke 11:41 - But now as for what is inside you‚Äîbe ...~fides_delim~41 Turn both your pockets and your hearts inside out and give generously to the poor; then your lives will be clean, not just your dishes and your hands. CSB.~fides_delim~totalcount
11-41~fides_delim~https://www.biblestudytools.com/1-kings/11-41.html~fides_delim~1 Kings 11:41 - As for the other events of Solomon's reign ...~fides_delim~1 Kings <em>11:41</em> in Other Translations ... 41 And the rest of the acts of Solomon, and all that he did, and his wisdom, are they not written in the book of the acts¬†...~fides_delim~totalcount
11-41~fides_delim~https://www.kingjamesbibleonline.org/John-11-41/~fides_delim~John 11:41~fides_delim~John <em>11:41</em> ... ‚ÄúThen they took away the stone from the place where the dead was laid. And Jesus lifted up his eyes, and said, Father, I thank thee that thou hast¬†...~fides_delim~totalcount
11-41~fides_delim~https://bible.oremus.org/?passage=John%2011:41%E2%80%9344&version=nrsv~fides_delim~John 11:41‚Äì44 - oremus Bible Browser~fides_delim~John <em>11:41</em>‚Äì44. <sup>41</sup>So they took away the stone. And Jesus looked upward and said, ‚ÄúFather, I thank you for having heard me. <sup>42</sup>I knew that you always hear me,¬†...~fides_delim~totalcount
11-41~fides_delim~http://webserver.rilin.state.ri.us/Statutes/TITLE11/11-41/INDEX.htm~fides_delim~Chapter 11-41 Theft, Embezzlement, False Pretenses ...~fides_delim~<em>11-41</em>-2. Receiving stolen goods. ¬ß <em>11-41</em>-3. Embezzlement and fraudulent conversion. ¬ß <em>11-41</em>-4. Obtaining property by false pretenses or personation.~fides_delim~totalcount
11-41~fides_delim~http://webserver.rilin.state.ri.us/Statutes/TITLE11/11-41/11-41-16.1.htm~fides_delim~RI Gen. Laws ¬ß 11-41-16.1~fides_delim~<em>11-41</em>-16.1. Sale or concealment of leased personal property. (a) Any person being in possession of personal property under a lease who sells, transfers,¬†...~fides_delim~totalcount
11-41~fides_delim~https://le.utah.gov/xcode/Title11/Chapter41/11-41-S103.html?v=C11-41-S103_2022050420220504~fides_delim~Utah Code Section 11-41-103~fides_delim~<em>11-41</em>-103. Prohibition on retail facility incentive payments -- Exceptions. (1), Except as provided in Subsection (2), a public entity may not:¬†...~fides_delim~totalcount
11-41~fides_delim~https://www.sefaria.org/Leviticus.11.41~fides_delim~Leviticus 11:41~fides_delim~Save "Leviticus <em>11:41</em>". Toggle Reader Menu Display Settings. Loading... Loading... Loading... We use cookies to give you the best experience possible on our¬†...~fides_delim~totalcount
11-41~fides_delim~https://zr.planning.nyc.gov/article-i/chapter-1/11-41~fides_delim~11-41 - Zoning Resolution - NYC.gov~fides_delim~Breadcrumb. Home ¬∑ Article I ¬∑ Chapter 1; <em>11-41</em>. <em>11-41</em>. Exceptions, Variances or Permits Previously Authorized Pursuant to the 1916 Zoning¬†...~fides_delim~totalcount
11-41~fides_delim~https://www.openbible.info/labs/cross-references/search?q=John+11%3A41~fides_delim~John 11:41 Cross References (7 Verses)~fides_delim~John <em>11:41</em>. So they took away the stone. And Jesus lifted up his eyes and said, ‚ÄúFather, I thank you that you have heard me.~fides_delim~totalcount
11-41~fides_delim~https://etc.usf.edu/clipart/34200/34295/nclock-11-41_34295.htm~fides_delim~Clock 11:41 | ClipArt ETC~fides_delim~Round clock with numbers showing time <em>11:41</em>. Keywords. hours 2341. Galleries. Arabic Numeral Clocks Hour 11. Source. Florida Center for Instructional¬†...~fides_delim~totalcount
11-41~fides_delim~https://www.studylight.org/commentary/john/11-41.html~fides_delim~John 11:41 - Verse-by-Verse Bible Commentary~fides_delim~John <em>11:41</em> - So they removed the stone. Then Jesus raised His eyes, and said, 'Father, I thank You that You have heard Me. on StudyLight.org.~fides_delim~totalcount
11-41~fides_delim~https://www.sharing-bread.com/commentary/john-11-41-42~fides_delim~John 11:41-42 - Commentary - Sharing Bread~fides_delim~John <em>11:41</em>-42 (NIV) ... Speaking audibly to God in the hearing of the crowd - having His gaze fixed upward toward heaven - our Lord commences His prayer prior to¬†...~fides_delim~totalcount
11-41~fides_delim~https://www.wbdg.org/ffc/dod/unified-facilities-guide-specifications-ufgs/ufgs-11-41-11~fides_delim~UFGS 11 41 11 Refrigerated and Frozen Food Storage ...~fides_delim~UFGS <em>11 41</em> 11 Refrigerated and Frozen Food Storage Equipment. 3. Date: 08-01-2017. Division: Division 11 - Equipment. Status: Active. Page(s):.~fides_delim~totalcount
11-41~fides_delim~https://www.churchofjesuschrist.org/study/scriptures/bofm/alma/11?lang=eng~fides_delim~Alma 11~fides_delim~The Nephite monetary system is set forth‚ÄîAmulek contends with Zeezrom‚ÄîChrist will not save people in their sins‚ÄîOnly those who inherit the kingdom of heaven¬†...~fides_delim~totalcount
11-41~fides_delim~https://www.christianity.com/bible/niv/john/11-41-42~fides_delim~John 11:41-42 - NIV - So they took away the stone. ...~fides_delim~John <em>11:41</em>-42: So they took away the stone. Then Jesus looked up and said, "Father, I thank you that you have heard me.~fides_delim~totalcount
11-41~fides_delim~https://en.wikipedia.org/wiki/Project_11-41~fides_delim~Project 11-41~fides_delim~Project <em>11-41</em> is the third album by rock band Slapshock, released in 2002. It was certified platinum in the Philippines.~fides_delim~totalcount
11-41~fides_delim~https://www.tax.virginia.gov/laws-rules-decisions/rulings-tax-commissioner/11-41~fides_delim~11-41 | Virginia Tax~fides_delim~<em>11-41</em>. Tax Type. Recordation Tax. Description. Clerk has the authority to rely on other evidence to determine the proper amount of the¬†...~fides_delim~totalcount
11-41~fides_delim~https://law.justia.com/codes/georgia/2020/title-16/chapter-11/article-2/section-16-11-41/~fides_delim~Georgia Code ¬ß 16-11-41 (2020) - Public Drunkenness~fides_delim~- O.C.G.A. ¬ß 16-<em>11-41</em> is not vague and overbroad either on its face or as applied. Welch v. State, 251 Ga. 197, 304¬†...~fides_delim~totalcount
11-41~fides_delim~https://equityhealthj.biomedcentral.com/articles/10.1186/1475-9276-11-41~fides_delim~Social determinants of health in Canada: Are healthy living ...~fides_delim~by D Gore ¬∑ 2012 ¬∑ Cited by 80 ‚Äî ... Are healthy living initiatives there yet? A policy analysis. Int J Equity Health <em>11, 41</em> (2012). https://doi.org/10.1186/1475-9276-<em>11-41</em>.~fides_delim~totalcount
11-41~fides_delim~https://health.hawaii.gov/opppd/files/2015/06/11-41.pdf~fides_delim~Adoption of Chapter 11-41 Hawaii Administrative Rules~fides_delim~firms who are engaged in lead-based paint activities as defined in section <em>11-41</em>-2, except persons who perform these activities within residential dwellings¬†...~fides_delim~totalcount
11-41~fides_delim~https://www.scstatehouse.gov/code/t11c041.php~fides_delim~South Carolina Code of Laws Unannotated~fides_delim~SECTION <em>11-41</em>-10. Short title. This chapter may be cited as the "State General Obligation Economic Development Bond Act. HISTORY: 2002 Act No.~fides_delim~totalcount
11-41~fides_delim~https://kelley.iu.edu/rglaze/writings/Hebrews_11.pdf~fides_delim~Hebrews 11:41~fides_delim~Hebrews <em>11:41</em>. For the past ten weeks, the ladies bible study has been doing a Beth Moore study entitled. ‚ÄúBelieving God‚Äù.~fides_delim~totalcount
11-41~fides_delim~https://undocs.org/A/HRC/11/41/Add.2~fides_delim~A/HRC/11/41/Add.2 - Undocs.org~fides_delim~A/HRC/<em>11/41</em>/Add.2. ÿßŸÑÿπÿ±ÿ®Ÿäÿ© ‰∏≠Êñá English Fran√ßais –†—É—Å—Å–∫–∏–π Espa√±ol.~fides_delim~totalcount
11-41~fides_delim~http://time.unitarium.com/utc/1141~fides_delim~11:41 UTC~fides_delim~<em>11:41</em> UTC - nineteen minutes to twelve UTC. See, what time is <em>11:41</em> UTC (Coordinated Universal Time) in your local time.~fides_delim~totalcount
11-41~fides_delim~https://www.esv.org/John+11:41;John+17:1/~fides_delim~John 11:41; John 17:1 - So they took away the stone. ...~fides_delim~John <em>11:41</em>; John 17:1. 41 So they took away the stone. And Jesuslifted up his eyes and said, ‚ÄúFather, I thank you that you have heard me.~fides_delim~totalcount
11-41~fides_delim~https://new.abb.com/products/1SBL387001R4111/af65-30-11-41~fides_delim~AF65-30-11-41~fides_delim~The AF65-30-<em>11-41</em> is a 3 pole - 690 V IEC or 600 UL contactor with pre-mounted auxiliary contacts and screw terminals, controlling motors up to 30 kW / 400 V AC¬†...~fides_delim~totalcount
11-41~fides_delim~https://vclock.com/set-alarm-for-11-41-am/~fides_delim~Set Alarm for 11:41 AM - Online Alarm Clock~fides_delim~Set my alarm for <em>11:41</em> AM. This free alarm clock will wake you up in time. Set the hour and minute for the online alarm clock. The alarm message will appear,¬†...~fides_delim~totalcount
11-41~fides_delim~https://hermeneutics.stackexchange.com/questions/66703/luke-1141-what-is-clean-by-giving-alms~fides_delim~Luke 11:41 What is clean by giving alms?~fides_delim~<em>11:41</em>. The Aramaic word for ‚Äúcleanse‚Äù (Mt 23:26) is similar to that for ‚Äúgive in charity‚Äù; it is possible that Luke adopts one nuance of an¬†...~fides_delim~totalcount
11-41~fides_delim~https://www.quiettime.today/blog/luke-11-41-have-compassion-show-mercy-be-clean~fides_delim~Luke 11:41 Have Compassion, Show Mercy, Be Clean~fides_delim~Luke <em>11: 41</em> But rather give alms of such things as you have; and, behold, all things are clean unto you.~fides_delim~totalcount
11-41~fides_delim~https://www.bibletools.org/index.cfm/fuseaction/bible.show/sVerseID/25447/eVerseID/25447~fides_delim~Luke 11:41 (KJV) - Forerunner Commentary - Bible Tools~fides_delim~But rather give alms of such things as ye have; and, behold, all things are clean unto you.~fides_delim~totalcount
11-41~fides_delim~https://www.heartlight.org/wjd/john/0811-wjd.html~fides_delim~What Jesus Did!: 'The Father Hears the Son!' ‚Äî John 11:41 ...~fides_delim~'The Father Hears the Son!' ‚Äî John <em>11:41</em>-42. Thursday, August 11, 2022. So they rolled the stone aside [from Lazarus' tomb]. Then Jesus looked up to heaven¬†...~fides_delim~totalcount
11-41~fides_delim~https://www.randyboldt.com/blog/2020/12/12/john-1141-42-weve-been-heard~fides_delim~John 11:41-42 ‚Ä¢ We've Been Heard~fides_delim~John <em>11:41</em>-42 ‚Ä¢ We've Been Heard. Randy Boldt (TheJohnProject.com). John 11 verse 41 tells us that when Lazarus' grave had been opened,¬†...~fides_delim~totalcount
11-41~fides_delim~https://www.quora.com/What-does-the-Bible-verse-Luke-11-41-mean~fides_delim~What does the Bible verse Luke 11: 41 mean?~fides_delim~"For you created my inmost being; you knit me together in my mother's womb. I praise you because I am fearfully and wonderfully made; your works are wonderful,~fides_delim~totalcount
11-41~fides_delim~https://answers.everydaycalculation.com/simplify-fraction/11-41~fides_delim~11/41 simplified, Reduce 11/41 to its simplest form~fides_delim~<em>11/41</em> is already in the simplest form. It can be written as 0.268293 in decimal form (rounded to 6 decimal places). Steps to simplifying fractions.~fides_delim~totalcount
11-41~fides_delim~https://www.exactlywhatistime.com/24h-ampm-converter/what-time-is-11-41~fides_delim~What time is 11:41? - ExactlyWhatIsTime.com~fides_delim~Below are ways to convert <em>11:41</em> through a time chart, automated converter, and how to convert the 24 hour clock into a 12-hour AM/PM system by hand. 24-hour¬†...~fides_delim~totalcount
11-41~fides_delim~https://setalarmclock.net/set-alarm-for-11-41-am~fides_delim~Set alarm for 11:41 AM üëç~fides_delim~Set alarm for <em>11:41</em> AM (eleven hours and forty-one minutes AM) ‚è∞ and this free online alarm will wake you up in time.~fides_delim~totalcount
11-41~fides_delim~https://codelibrary.amlegal.com/codes/newyorkcity/latest/NYCrules/0-0-0-36944~fides_delim~¬ß 11-41 Adjustment of Capital to Period Covered by Report.~fides_delim~Example: A corporation previously organized under the laws of a State other than New York, begins to do business in New York City on June 10, 1966, and reports¬†...~fides_delim~totalcount
11-41~fides_delim~https://www.thegatewaychurch.com/sermons/ptkkfm5ykhjddy2-wxhwr-7erw8~fides_delim~A Prayer of Faith ‚Ä¢ John 11:41-43 - The Gateway Church~fides_delim~How do Jesus' actions &amp; prayer in this passage bring glory to God? Prayer &amp; Power. In John 11:43 Jesus cries out, ‚ÄúLazarus, come out!~fides_delim~totalcount
11-41~fides_delim~https://24hourtime.net/11-41-time~fides_delim~11:41 Time | Conversion and Information | 24hourtime.net~fides_delim~<em>11:41</em> is the 24-hour clock equivalent of <em>11:41</em> am. Military time means the 24-hour clock time convention without a colon between the hours and minutes: 1141.~fides_delim~totalcount
11-41~fides_delim~https://sdlegislature.gov/Statutes/Codified_Laws/2037834~fides_delim~Codified Law 10-11-41 | South Dakota Legislature~fides_delim~10-<em>11-41</em>. Correction of assessment lists to show changes by county board--Abstracts of lists. The county director of equalization shall calculate the¬†...~fides_delim~totalcount
11-41~fides_delim~https://www.gao.gov/assets/gao-11-41.pdf~fides_delim~GAO-11-41 Intragovernmental Revolving Funds: NIST's ...~fides_delim~INTRAGOVERNMENTAL. REVOLVING FUNDS. NIST's Interagency. Agreements and. Workload Require. Management Attention. October 2010. GAO-<em>11-41</em>¬†...~fides_delim~totalcount
11-41~fides_delim~http://www.wvlegislature.gov/wvcode/chapterentire.cfm?chap=11&art=11&section=41~fides_delim~WV Code ¬ß 11-11-41~fides_delim~ARTICLE 11. ESTATE TAXES. ¬ß11-<em>11-41</em>. Criminal penalties. Each and every provision of the "West Virginia Tax Crimes and Penalties Act" set forth in article nine¬†...~fides_delim~totalcount
11-41~fides_delim~https://www.fox41yakima.com/fox-11-41-contests/~fides_delim~FOX 11 41 Contests~fides_delim~Enter for chances to win and start off the new year with a cool $2000! ¬© 2020 FOX11 FOX41.com. All rights reserved. KFFX/KCYU FOX Television.~fides_delim~totalcount
11-41~fides_delim~https://www.sermoncentral.com/sermons/scripture/sermons-on-john-11-41-44?keyword=John+11%3A41-44~fides_delim~Sermons on John 11:41-44~fides_delim~Preach a top-quality sermon from john <em>11:41</em>-44. Free to start now. Robert Kerr avatar. Take Away The Stone. Contributed¬†...~fides_delim~totalcount
11-41~fides_delim~https://bible.usccb.org/bible/john/11~fides_delim~John, CHAPTER 11~fides_delim~* [11:33] Became perturbed: a startling phrase in Greek, literally, ‚ÄúHe snorted in spirit,‚Äù perhaps in anger at the presence of evil (death). * [<em>11:41</em>] Father:¬†...~fides_delim~totalcount
11-41~fides_delim~https://www.arcat.com/divs/sec/sec114100.shtml~fides_delim~11 41 00 - Foodservice Storage Equipment~fides_delim~<em>11 41</em> 00 - Foodservice Storage Equipment ... Browse companies that make foodservice storage equipment and view and download their free cad drawing, revit BIM¬†...~fides_delim~totalcount
11-41~fides_delim~https://hempfieldumc.org/blog/john-1141-45/~fides_delim~John 11:41-45 | HempfieldUMC.org~fides_delim~(John <em>11:41</em>-45). Jesus is secure in his relationship with the Father. His relationship with God does not depend on whether or not the crowd¬†...~fides_delim~totalcount
11-41~fides_delim~https://www.loopnet.com/Listing/11-41-N-400-W-Payson-UT/27063100/~fides_delim~11-41 N 400 W, Payson, UT 84651 - Office for Lease~fides_delim~<em>11-41</em> N 400 W, Payson, UT 84651. This Office space is available for lease. 2300 Square Feet for Lease Garden Level Lease Rate: $8 NNN.~fides_delim~totalcount
11-41~fides_delim~https://www.spanishdict.com/translate/11%3A41%20am~fides_delim~11:41 am in Spanish | English to Spanish Translation~fides_delim~Translate <em>11:41</em> am. See authoritative translations of <em>11:41</em> am in Spanish with example sentences and audio pronunciations.~fides_delim~totalcount
11-41~fides_delim~http://alisondb.legislature.state.al.us/Alison/CodeOfAlabama/1975/11-41-26.htm~fides_delim~Section 11-41-26~fides_delim~Section <em>11-41</em>-26. Rendition of decree of forfeiture and dissolution; appeal from same. If, upon such hearing, it shall appear that one of the grounds of¬†...~fides_delim~totalcount
11-41~fides_delim~https://thefractioncalculator.com/SimplifyFractions/What-is-11/41-simplified.html~fides_delim~What is 11/41 simplified? - Fraction Calculator~fides_delim~Here we will simplify <em>11/41</em> to its simplest form and convert it to a mixed number if necessary. In the fraction <em>11/41</em>, 11 is the numerator and 41 is the¬†...~fides_delim~totalcount
11-41~fides_delim~https://www.mouser.com/ProductDetail/Molex/11-41-0019?qs=BucBK8dFGCziSLhFjAhWDg%3D%3D~fides_delim~11-41-0019 Molex~fides_delim~<em>11-41</em>-0019 Molex Other Tools L BRACKET datasheet, inventory, &amp; pricing.~fides_delim~totalcount
11-41~fides_delim~https://visualfractions.com/calculator/fraction-as-decimal/what-is-11-41-as-a-decimal/~fides_delim~What is 11/41 as a decimal~fides_delim~Learn how to convert the fraction <em>11/41</em> to a decimal number with a simple, step-by-step guide with instructions.~fides_delim~totalcount
11-41~fides_delim~https://visualfractions.com/calculator/fraction-as-percentage/what-is-11-41-as-a-percentage/~fides_delim~What is 11/41 as a percentage? (Convert 11/41 to percent)~fides_delim~Learn how to convert the fraction <em>11/41</em> to a percentage with a simple, step-by-step guide with instructions.~fides_delim~totalcount
11-41~fides_delim~https://streeteasy.com/building/11_41-welling-court-astoria~fides_delim~11-41 Welling Court in Astoria : Sales, Rentals, Floorplans~fides_delim~<em>11-41</em> Welling Court is a Building located in the Astoria neighborhood in Queens, NY. <em>11-41</em> Welling Court was built in 1990 and has 3 stories and 5 units.~fides_delim~totalcount
11-41~fides_delim~https://worksheetgenius.com/calc/fraction-as-percentage/11-41-as-percent/~fides_delim~11/41 as a Percentage | Convert 11/41 to Percent~fides_delim~Converting a fraction like <em>11/41</em> to its percentage format is a very simple and useful math skill that will help students to understand fractions and how to¬†...~fides_delim~totalcount
11-41~fides_delim~https://www.bmwpartsnow.com/oem-parts/bmw-2007-2019-bmw-oil-pump-11417613549~fides_delim~11-41-7-613-549 - Oil Pump - 2007-2019 BMW~fides_delim~2007-2019 BMW Oil Pump - BMW (<em>11-41</em>-7-613-549). Genuine OEM BMW Parts &amp; Accessories - 11417613549.~fides_delim~totalcount
11-41~fides_delim~https://samm.dsca.mil/policy-memoranda/dsca-11-41~fides_delim~DSCA 11-41 | Defense Security Cooperation Agency~fides_delim~Closure of Foreign Military Sales (FMS) Cases with Reduced or Zero FMS Administrative Surcharge Collections (DSCA Policy Memo <em>11-41</em>).~fides_delim~totalcount
11-41~fides_delim~https://codes.findlaw.com/al/title-12-courts/al-code-sect-12-11-41-1.html~fides_delim~Alabama Code Title 12. Courts ¬ß 12-11-41.1~fides_delim~(b) Nothing in subsection (a) shall prevent the administration of an estate from being removed again to the circuit court pursuant to Section 12-<em>11-41</em> after¬†...~fides_delim~totalcount
11-41~fides_delim~https://homework.cpm.org/category/MN/textbook/cc2mn/chapter/11/lesson/11.1.3/problem/11-41~fides_delim~CPM Homework Help : CC2MN Problem 11-41~fides_delim~<em>11-41</em>. The pyramid at right has a volume of 312 cubic feet. If the prism next to it has the same base area and height, what is its volume?~fides_delim~totalcount
11-41~fides_delim~https://www.beatport.com/track/11-41-original-mix/8596543~fides_delim~11:41 (Original Mix) by George Vala on ...~fides_delim~Log in to start using My Beatport! My Beatport lets you follow your favorite DJs and labels so you can find out when they release new tracks.~fides_delim~totalcount
11-41~fides_delim~https://www.godtube.com/bible/luke/11-41~fides_delim~Luke 11:41 - But rather give alms of such things as ye have ...~fides_delim~For a description of the rapine, etc., of the Pharisees, see on Matthew 23:25 (note). Barnes's Luke <em>11:41</em> Bible Commentary. Alms - Charity. Benefactions to the¬†...~fides_delim~totalcount
11-41~fides_delim~https://www.timeanddate.com/countdown/to?msg=%D8%B2%D9%85%D8%A7&p0=1440&year=941&month=5&day=15&hour=23&min=41&sec=0&fromtheme=generic~fides_delim~Time since May 15, 0941 11:41 pm started in UTC~fides_delim~Counting time since May 15, 0941 <em>11:41</em> pm. Showing days, hours, minutes and seconds counting up.~fides_delim~totalcount
11-41~fides_delim~https://www.redfin.com/NY/Far-Rockaway/11-41-McBride-St-11691/unit-1B/home/23338091~fides_delim~11-41 McBride St Unit 1B, Far Rockaway, NY 11691~fides_delim~Condo located at <em>11-41</em> McBride St Unit 1B, Far Rockaway, NY 11691. View sales history, tax history, home value estimates, and overhead views.~fides_delim~totalcount
11-41~fides_delim~https://www.pinterest.com/pin/296604325431010683/~fides_delim~3 Nephi 11: 41 - "Therefore, go forth unto this people, and ...~fides_delim~Jan 29, 2014 - 3 Nephi <em>11: 41</em> - "Therefore, go forth unto this people, and declare the words which I have spoken, unto the ends of the earth."~fides_delim~totalcount
11-41~fides_delim~http://leg.colorado.gov/content/sed2020a-05272020-114128-am-committee-summary~fides_delim~S_ED_2020A 05/27/2020 11:41:28 AM Committee Summary~fides_delim~Time, <em>11:41</em>:28 AM to 11:55:59 AM. Place, SCR 357. This Meeting was called to order by, Senator Todd. This Report was prepared by¬†...~fides_delim~totalcount
11-41~fides_delim~https://christswords.com/main/content/luke-1141%C2%A0-rather-give-alms-such-things-ye-have~fides_delim~Luke 11:41 But rather give alms of such things as ye have~fides_delim~This verse may indicate a problem with the way the Greek is broken into verses. The first part of this verse doesn't really work as translated in the KJV.~fides_delim~totalcount
11-41~fides_delim~https://calculat.io/en/date/24-military-to-12-hour-am-pm-converter-what-time-is/11--41~fides_delim~What Time is 11:41? - Calculatio~fides_delim~Convert Military Time 1141 to Regular Time. <em>11:41</em> to 12-hour system. What is <em>11:41</em> Time? Answer: <em>11:41</em> AM. Convert given 24-Hour (Military) Time to 12-Hour¬†...~fides_delim~totalcount
11-41~fides_delim~https://www.valleyyouthhouse.org/donation/2015-12-11-114111/~fides_delim~2015-12-11 11:41:11~fides_delim~2015-12-11 <em>11:41</em>:11. Posted by J2 on 12/11/2015. Share this: Latest Posts. Project Silk Lehigh Valley, a program of Valley Youth House, is moving!~fides_delim~totalcount
11-41~fides_delim~https://www.treasurer.ca.gov/csfa/meeting/2011/20111012/staff/11-41.pdf~fides_delim~Resolution No. 11-41~fides_delim~<em>11-41</em>. RESOLUTION OF THE. CALIFORNIA SCHOOL FINANCE AUTHORITY. DELEGATING CERTAIN POWERS AND AUTHORIZING CERTAIN ACTIONS RELATED.~fides_delim~totalcount
11-41~fides_delim~https://www.globalsecurity.org/military/library/policy/army/fm/11-41/index.html~fides_delim~FM 11-41 Table of Contents~fides_delim~Field Manual No <em>11-41</em>, Headquarters Department of the Army Washington, DC, 18 December 1991. FM <em>11-41</em>. SIGNAL SUPPORT: ECHELONS CORPS AND BELOW (ECB)¬†...~fides_delim~totalcount
11-41~fides_delim~https://bibeltext.com/john/11-41.htm~fides_delim~Johannes 11:41 Da hoben sie den Stein ab, da der ...~fides_delim~Lutherbibel 1912. Da hoben sie den Stein ab, da der Verstorbene lag. Jesus aber hob seine Augen empor und sprach: Vater, ich danke dir, da√ü du mich erh√∂rt¬†...~fides_delim~totalcount
11-41~fides_delim~https://bible.knowing-jesus.com/John/11/41/cross-references~fides_delim~John 11:41 Cross References~fides_delim~John <em>11:41</em>. So they removed the stone. Then Jesus raised His eyes, and said, ‚Äú Father, I thank You that You have heard Me.~fides_delim~totalcount
11-41~fides_delim~https://hellothinkster.com/math-questions/decimals/what-is-11-41-4-as-a-decimal~fides_delim~What is 11 41/4 as a decimal?~fides_delim~What is <em>11 41</em>/4 as a decimal? There are different ways to represent the same number: fractions, decimals, and even percentages. In this particular guide,¬†...~fides_delim~totalcount
11-41~fides_delim~https://content.next.westlaw.com/Document/I0d1367e87ca311da92dbeba2eec34a41/View/FullText.html?transitionType=Default&contextData=(sc.Default)~fides_delim~16-11-41 Form 14. Drunk at private residence~fides_delim~4 Ga. Pleading, Practice and Legal Forms ¬ß 16-<em>11-41</em> Form 14. Brown Georgia Pleading, Practice and Legal Forms Annotated. |. November 2022 Update.~fides_delim~totalcount
11-41~fides_delim~https://www.idisciple.org/post/verse-of-the-day-john-11-41~fides_delim~Verse of the Day - John 11:41~fides_delim~So they took away the stone. Then Jesus looked up and said, ‚ÄúFather, I thank you that you have heard me. ‚Äî John <em>11:41</em>.~fides_delim~totalcount
11-41~fides_delim~https://www.tiger-algebra.com/en/solution/least-common-multiple/lcm(6,11,41)/~fides_delim~What's the least common multiple lcm(6,11,41) by prime ...~fides_delim~Lowest common multiple (LCM) by prime factorization: Tiger Algebra not only finds the lcm(6,<em>11,41</em>), but its clear, step-by-step explanation of the solution¬†...~fides_delim~totalcount
11-41~fides_delim~http://docs.fdrlibrary.marist.edu/psf/box35/a322gg02.html~fides_delim~Report on military situation 8/11/41~fides_delim~Original Document. [a322gg02.jpg] - Report on military situation 8/<em>11/41</em>. No OCRed text file available, View Previous Page ¬∑ Return to Folder Index¬†...~fides_delim~totalcount
11-41~fides_delim~https://ldssotd.com/john-11-41/~fides_delim~John 11:41 - Latter-day Saint Scripture of the Day~fides_delim~‚Ä¶And Jesus lifted up his eyes, and said, Father, I thank thee that thou hast heard me. John <em>11:41</em>. Read in scriptures¬†...~fides_delim~totalcount
11-41~fides_delim~https://rsph.hosted.panopto.com/Panopto/Pages/Embed.aspx?id=1ca081e1-a1fb-41e8-a2fa-4a256e3d2ca6~fides_delim~Friday, January 20, 2017 at 11:41:10 AM~fides_delim~Powered by Panopto Powered by Panopto. arrow_back. Friday, January 20, 2017 at <em>11:41</em>:10 AM. playlist_play. play_arrow pause. replay_10.~fides_delim~totalcount
11-41~fides_delim~https://centrecountypa.gov/DocumentCenter/View/12721/Curtin_Twp_North_P_0045~fides_delim~0045 CURTIN TWP NORTH Page 1 11:41:00 30- ...~fides_delim~<em>11:41</em>:00 30-May-2003. CENTRE COUNTY, PENNSYLVANIA. GENERAL ELECTION. NOVEMBER 5, 1996. Posn Count Pct. Registered Voters - TOTAL .~fides_delim~totalcount
11-41~fides_delim~https://casetext.com/case/williams-v-astrue-275/~fides_delim~Williams v. Astrue, CIVIL ACTION NO. 11-41-JBC~fides_delim~Opinion. CIVIL ACTION NO. <em>11-41</em>-JBC. 01-04-2013. ANGELA WILLIAMS, PLAINTIFF v. MICHAEL J. ASTRUE, COMMISSIONER OF SOCIAL SECURITY, DEFENDANT¬†...~fides_delim~totalcount
11-41~fides_delim~https://ahlgrimffs.com/janice-a-griffin-91141-2516/~fides_delim~Janice A. Griffin 9/11/41 - 2/5/16~fides_delim~Janice A. Griffin 9/<em>11/41</em> ‚Äì 2/5/16. Hawthorn Woods Funeral Home Visitation for Janice A. Griffin, 74, of Lake Zurich will be held from 9:00 am until the¬†...~fides_delim~totalcount
11-41~fides_delim~https://www.scripture-images.com/bible-verse/kjv/leviticus-11-41-kjv.php~fides_delim~Leviticus 11:41 KJV Bible Verse Picture Image~fides_delim~Best inspirational bible verses with beautiful images and backgrounds. Download Leviticus <em>11:41</em> KJV Bible verse images and share with your friends and¬†...~fides_delim~totalcount
11-41~fides_delim~https://convertingcolors.com/rgb-color-11_41_115.html~fides_delim~Converting Colors - RGB - 11, 41, 115~fides_delim~Converting Colors allows you to convert between color formats like HEX, RGB, CMYK and more. The current page shows the different conversions for RGB <em>11, 41</em>,¬†...~fides_delim~totalcount
11-41~fides_delim~https://www.1stopbedrooms.com/barclay-butera-upholstery-redondo-chair-01-5301-11-41~fides_delim~Barclay Butera Upholstery Redondo Chair 01-5301-11-41~fides_delim~Barclay Butera Upholstery Redondo Chair 01-5301-<em>11-41</em> by Barclay Butera will be yours for just $2199.00 at 1StopBedrooms. ‚úìFree Delivery ‚úìBest Price¬†...~fides_delim~totalcount
11-41~fides_delim~https://www.mathlearnit.com/what-time-is-11-41~fides_delim~What time is 11:41?~fides_delim~This page shows you what <em>11:41</em> is in AM/PM (12 hour) format. For a little refresher on time math, see our page here. The time <em>11:41</em> may also be expressed in¬†...~fides_delim~totalcount
11-41~fides_delim~https://online-calculator.org/11-41-simplified~fides_delim~Simplify 11/41 to Simplest Form - Online Calculator~fides_delim~What is <em>11/41</em> Simplified? - <em>11/41</em> is the simplified fraction for <em>11/41</em>. Simplify <em>11/41</em> to the simplest form. Online simplify fractions calculator to reduce¬†...~fides_delim~totalcount
11-41~fides_delim~https://www.zillow.com/homedetails/11-41-41-Crescent-Dr-Thiells-NY-10984/143845140_zpid/~fides_delim~11-41-41 Crescent Dr, Thiells, NY 10984~fides_delim~<em>11-41</em>-41 Crescent Dr, Thiells, NY 10984 is currently not for sale. The 799 Square Feet apartment home is a 1 bed, 1 bath property.~fides_delim~totalcount
11-41~fides_delim~https://vimeopro.com/calvarypsl/daniel/video/48544098~fides_delim~Daniel - &quot;The End&quot; Daniel 11:41-12:13 on Vimeo~fides_delim~Join Pastor Mike Wiggins as he leads Calvary Chapel PSL verse by verse through the book of Daniel.~fides_delim~totalcount
11-41~fides_delim~https://www.record-eagle.com/ap/national/ap-news-summary-at-11-02-a-m-est/article_d4d6cfd5-1a62-5131-a2ad-275f18ace87e.html~fides_delim~AP News Summary at 11:41 a.m. EST~fides_delim~German caution on Ukraine arms rooted in political culture. BERLIN (AP) ‚Äî Germany has become one of Ukraine's leading weapons suppliers in¬†...~fides_delim~totalcount
11-41~fides_delim~https://www.chronicleonline.com/news/national/ap-news-summary-at-10-37-a-m-est/article_d7c5aa59-d171-5e9e-8c12-ee9216adc99a.html~fides_delim~AP News Summary at 11:41 a.m. EST | National~fides_delim~HOUSTON (AP) ‚Äî An Afghan soldier seeking asylum in the U.S. has been jailed at an immigrant detention center in Texas since he was arrested¬†...~fides_delim~totalcount
11-41~fides_delim~https://www.newschannel6now.com/video/2023/01/19/idea-wf-interview/~fides_delim~IDEA WF Interview - News Channel 6 | Wichita Falls, TX~fides_delim~Published: Jan. 19, 2023 at 5:26 AM PST|Updated: Jan. 19, 2023 at <b>11:41</b> AM PST. Close. Subtitle Settings. Font. Default, Mono Sans, Mono Serif, Sans, Serif&nbsp;...~fides_delim~totalcount
