11-4.5~fides_delim~https://mathsolver.microsoft.com/en/solve-problem/11%2B4.5~fides_delim~Solve 11+4.5~fides_delim~Solve your math problems using our free math solver with step-by-step solutions. Our math solver supports basic math, pre-algebra, algebra, trigonometry, ...~fides_delim~totalcount
11-4.5~fides_delim~https://www.fec.gov/regulations/4-5/CURRENT~fides_delim~11 CFR § 4.5 | eRegulations~fides_delim~A purchase, payment, distribution, loan, advance, deposit or gift of money or anything of value made for the purpose of influencing a federal election. A ...~fides_delim~totalcount
11-4.5~fides_delim~https://law.justia.com/codes/new-jersey/2013/title-40a/section-40a-11-4.5~fides_delim~Section 40A:11-4.5 - Competitive contracting proposal ...~fides_delim~5.Competitive contracting proposals shall be solicited in the following manner: a.A notice of the availability of request for proposal documentation shall be ...~fides_delim~totalcount
11-4.5~fides_delim~https://jenkenkilns.com/af3pbeadannealer.aspx~fides_delim~AF3P - 11/4.5~fides_delim~11"x11"x4.5" 6 sided glass kiln. 120volt 13amp with standard household plug. Max operating temp of 2000°F Uses: Glass fusing, slumping, small castings, PMC, ...~fides_delim~totalcount
11-4.5~fides_delim~https://law.lis.virginia.gov/vacode/title11/chapter1/section11-4.5/~fides_delim~§ 11-4.5. Certain indemnification provisions in motor carrier ...~fides_delim~§ <em>11-4.5</em>. Certain indemnification provisions in motor carrier transportation contracts declared void. A. As used in this section: "Motor carrier transportation ...~fides_delim~totalcount
11-4.5~fides_delim~https://www.apcprop.com/product/11x4-5mr/~fides_delim~11x4.5MR~fides_delim~11×4.5MR. $3.65. Description. Multi-Rotor Use LPAR06E adapter rings (not included). Additional information. Pitch (inches). 4.5. Propeller Diameter (in.).~fides_delim~totalcount
11-4.5~fides_delim~https://casetext.com/statute/indiana-code/title-30-trusts-and-fiduciaries/article-5-powers-of-attorney/chapter-11-electronic-powers-of-attorney/section-30-5-11-45-electronic-power-of-attorney-witnesses-self-proving-clauses-presence-requirement~fides_delim~Section 30-5-11-4.5 - Electronic power of attorney; ...~fides_delim~Read Section 30-5-<em>11-4.5</em> - Electronic power of attorney; witnesses; self-proving clauses; presence requirement, Ind. Code § 30-5-<em>11-4.5</em>, see flags on bad ...~fides_delim~totalcount
11-4.5~fides_delim~https://www.globaltecheng.com/ProductCart/pc/4-5-11-Gauge-Carbon-Steel-Tubing-p4883.htm~fides_delim~4.5" 11 Gauge Carbon Steel Tubing~fides_delim~4.5" OD with .120" wall thickness. Alloy: ASTM A513. Stocked in 20' lengths. (No Minimum Order). Small or Large quantities available.~fides_delim~totalcount
11-4.5~fides_delim~https://www.ghostlongboard.com/products/copy-of-ace-af1-22-black-trucks-5-2~fides_delim~Ace High 11 4.5~fides_delim~Ace High <em>11 4.5</em>" · Axle width: 7.25" · Hanger width: 4.5" · Constructed from high-quality materials.~fides_delim~totalcount
11-4.5~fides_delim~https://www.legis.iowa.gov/docs/iac/rule/11.4.5.pdf~fides_delim~IAC Ch 4, p.1 11—4.5 (8A,17A,22) Requests for treatment ...~fides_delim~<em>11—4.5</em> (8A,17A,22) Requests for treatment of a record as a confidential record and its withholding from examination. The custodian may treat a record as a ...~fides_delim~totalcount
11-4.5~fides_delim~https://www.orsnasco.com/storefrontCommerce/itemDetail.do?item-id=226150&warehouse-id=17&item-number=901-932-458-11~fides_delim~Hardened Glass Gold Filter Plate, Gold/11, 4.5 in x 5.25 in, ...~fides_delim~Hardened Glass Gold Filter Plate, Gold/<em>11, 4.5</em> in x 5.25 in, SH11, Glass | 901-932-458-11 | 901-932-458-11 | Best Welds | 932-458-11.~fides_delim~totalcount
11-4.5~fides_delim~https://fastoolnow.com/honeywell-mflafa-11-4-5ft-turbolite-flash-arc-personal-fall-limiter-420-lb-4-5-ft-1pk/~fides_delim~Honeywell MFLAFA-11/4.5FT TurboLite Flash Arc ...~fides_delim~Honeywell MFLAFA-<em>11/4.5</em>FT TurboLite Flash Arc Personal Fall Limiter, 420 lb, 4.5 ft, Snap HookFeatures:Specifically designed for u.~fides_delim~totalcount
11-4.5~fides_delim~https://www.theenvelopesupplier.com/4.5X10.375WesternSulphiteSFIRegularSideSeam24RemoisteningSealWH.aspx~fides_delim~NO. 11 (4.5 X 10.375) Western Sulphite SFI Regular Side ...~fides_delim~Western Sulphite® Commercial Regular - This popular line of white wove commercial envelopes is manufactured with diagonal seams, no window and a traditional ...~fides_delim~totalcount
11-4.5~fides_delim~https://genswiss.com/cc-er11-04-5-regofix-er-11-4-5mm-collet-range-4-00-4-50.html~fides_delim~CC-ER11-04.5: RegoFix ER 11 4.5mm Collet, Range 4.00-4.50~fides_delim~CC-ER11-04.5: RegoFix ER <em>11 4.5</em>mm Collet, Range 4.00-4.50 ... REGO-FIX is the original manufacturer of the ER Collet and continues to make their collets with the ...~fides_delim~totalcount
11-4.5~fides_delim~https://genswiss.com/cc-er11-04-5-up-regofix-er-11-4-5mm-collet-range-4-00-4-50.html~fides_delim~RegoFix ER 11 4.5mm Collet, Range 4.00-4.50 - GenSwiss~fides_delim~CC-ER11-04.5 UP: RegoFix ER <em>11 4.5</em>mm Collet, Range 4.00-4.50. Login Required. 0. Qty. Add to Cart. Add to Compare. We don't have this product in stock now, ...~fides_delim~totalcount
11-4.5~fides_delim~https://crimpsupply.com/hex-head-cap-screws/grade-8-hex-head-cap-screws-5-8-11-4-5-lg-made-in-the-usa.html~fides_delim~Grade 8 Hex Head Cap Screws, 5/8"-11, 4.5" Lg.~fides_delim~Grade 8 steel hex head cap screws, 5/8"-<em>11, 4.5</em>" length, zinc-yellow coating. Made in the USA. Part #: 41A11147. $3.81. Package Quantity: 1.~fides_delim~totalcount
11-4.5~fides_delim~https://www.ligmanlightingusa.com/images/downloads/cutsheet/Light_poles/Straignt%20steel%20poles/SPD-RSS-4512-11-4.5-.125_Fill.pdf~fides_delim~SPD-RSS-4512-11'-4.5” DIA .125”~fides_delim~SPD-RSS-4512-<em>11'-4.5</em>” DIA .125”. Round Straight Galvanized Steel Pole. Ligman Lighting USA reserves the right to change specifications without prior notice, ...~fides_delim~totalcount
11-4.5~fides_delim~https://www.soulceramics.com/products/jen-ken-af3p-11-4-5-w-2-door~fides_delim~Jen-Ken AF3P 11/4.5 w/ 2” door~fides_delim~Model, AF3P <em>11/4.5</em> 2" door. Max Temperature, 1700 °F. Inside Dimensions, 11" x 4.5". Volume (Cu. Ft.) 0.27. Power Plug Type, NEMA 5-15. Voltage, 120.~fides_delim~totalcount
11-4.5~fides_delim~https://www.coreonewelding.com/lens-welding-glass-green-shade-11-4-5x5-25-model-fs-5h-11-1-ea.html~fides_delim~Lens Welding Glass Green Shade 11 4.5 X5.25 Model Fs- ...~fides_delim~Lens Welding Glass Green Shade <em>11 4.5</em>X5.25 Model Fs-5H-11 1 Ea. In stock (43 items available). Not rated yet. $4.95. Welding Lens. Qty: Add to cart.~fides_delim~totalcount
11-4.5~fides_delim~https://www.cigarking.com/my-father-la-duena-petit-robusto-11-4-5x52-10-pack/~fides_delim~My Father La Duena Petit Robusto #11 (4.5x52 / 10 Pack)~fides_delim~My Father La Duena Petit Robusto #<em>11 (4.5</em>x52 / 10 Pack)~fides_delim~totalcount
11-4.5~fides_delim~https://samedaysupply.com/goodman-amp-11-2025-45-5-pack-20-x-25-x-4-5-clean-comfort-media-air-filter-merv-11~fides_delim~20" x 25" x 4.5" Clean Comfort Media Air Filter, MERV 11~fides_delim~Goodman AMP-11-2025-45 (5-Pack) - 20" x 25" x 4.5" Clean Comfort Media Air Filter, MERV 11. Includes 5 clean comfort air filters.~fides_delim~totalcount
11-4.5~fides_delim~https://www.steelstampsinc.com/products/stick-figure-11-4-5mm~fides_delim~Stick Figure 11 (4.5mm)~fides_delim~Stick Figure <em>11 (4.5</em>mm) ... Metal Design Stamp on 1/4" Round tool. ... Your browser can't play this video. Learn more ...~fides_delim~totalcount
11-4.5~fides_delim~https://store.lydey.com/products/CSCM%20CKCWM%2012-11-4.5~fides_delim~CSCM CKCWM 12-11-4.5 - Automation components (Turck)~fides_delim~CSCM CKCWM 12-<em>11-4.5</em> - Turck automation component - product ID U-14466.~fides_delim~totalcount
11-4.5~fides_delim~https://www.mathway.com/popular-problems/Basic%20Math/38586~fides_delim~Basic Math Examples~fides_delim~The absolute value is the distance between a number and zero. The distance between −4.5 - 4.5 and 0 0 is 4.5 4.5 . 4.5∣∣∣112∣∣∣ 4.5 | 11 2 |.~fides_delim~totalcount
11-4.5~fides_delim~https://codes.findlaw.com/ny/estates-powers-and-trusts-law/ept-sect-11-4-5/~fides_delim~New York Consolidated Laws, Estates, Powers and Trusts ...~fides_delim~New York Estates, Powers and Trusts Law EPT NY EST POW &amp; TRST Section <em>11-4.5</em>. Read the code on FindLaw.~fides_delim~totalcount
11-4.5~fides_delim~https://www.state.nj.us/education/code/current/title6a/chap11.pdf~fides_delim~N.J.A.C. 6A:11, Charter Schools~fides_delim~6A:<em>11-4.5</em> Lottery. 6A:11-4.6 Waiting list. 6A:11-4.7 Age eligibility for kindergarten. 6A:11-4.8 Limited English proficient students.~fides_delim~totalcount
11-4.5~fides_delim~https://www.paperandenvelopes.com/printmaster-envelope-43675n~fides_delim~Printmaster Envelope 43675N~fides_delim~Size, #<em>11 4.5</em>" x 10.375". Ream/Package Quantity, 500. Secondary Sub-category, Commodity &amp; Opaque. GSM, 89. Envelope Style, Commercial.~fides_delim~totalcount
11-4.5~fides_delim~https://www.akyga.com/products/467-cord-dc-ak-sc-11-4-5-x-3-0-mm-pin-hp.html~fides_delim~Cord DC AK-SC-11 4.5 x 3.0 mm + pin (HP)~fides_delim~Cord DC AK-SC-<em>11 4.5</em> x 3.0 mm + pin (HP) ... Akyga® service cable AK-SC for DC power supplies. Made of durable PVC, is equipped with a high-quality ferrite core.~fides_delim~totalcount
11-4.5~fides_delim~https://www.youtube.com/watch?v=nhDxkMXUKBE~fides_delim~Eureka Math Homework Time Grade 4 Module 5 Lesson 11~fides_delim~It&#39;s Homework Time! Help for fourth graders with Eureka Math Module 5 Lesson 11.~fides_delim~totalcount
11-4.5~fides_delim~https://www.law.cornell.edu/regulations/new-jersey/N-J-Admin-Code-SS-6A-11-4.5~fides_delim~N.J. Admin. Code § 6A:11-4.5 - Lottery | State Regulations~fides_delim~Code § 6A:<em>11-4.5</em> - Lottery. State Regulations; Compare. (a) Pursuant to N.J.S.A. 18A:36A-8, preference for enrollment in a charter school shall be given to ...~fides_delim~totalcount
11-4.5~fides_delim~https://www.gofoodservice.com/p/cac-nrc-11~fides_delim~CAC NRC-11, 4.5 oz NRC Ceramic Fruit Bowl, American ...~fides_delim~Shop CAC NRC-<em>11, 4.5</em> oz NRC Ceramic Fruit Bowl, American White (12/case), Low price, and friendly customer service.~fides_delim~totalcount
11-4.5~fides_delim~https://www.lowes.com/pd/JAM-Paper-JAM-Paper-174-11-Tyvek-Tear-Proof-Envelopes-4-5-x-10-375-White-25-Pack/1003185760~fides_delim~JAM Paper #11 Tear-Proof Envelopes, 4.5 x 10.375, White ...~fides_delim~Size: #<em>11 (4.5</em> x 10.375 inches). Quantity: 25 Envelopes per Pack. These tyvek envelopes are very durable and much more tear resistant then regular paper ...~fides_delim~totalcount
11-4.5~fides_delim~https://www.hubert.com/product/PFR.BCSS728/Frieling-Black-Cube-Stainless-Steel-Saute-Pan-11-45-QT-wlid~fides_delim~Frieling Black Cube Stainless Steel Saute Pan 11", 4.5 QT ...~fides_delim~Frieling Black Cube Stainless Steel Saute Pan <em>11", 4.5</em> QT w/lid. Be the first to write a review. Stock No.: PFR.BCSS728 , Vendor Part No.~fides_delim~totalcount
11-4.5~fides_delim~https://www.glasscrafters.com/coil-for-1145-bead-annealer-models.html?Session_ID=d6adf7cea5c7cb4f520cbe83b0b9f295~fides_delim~Coil For 11/4.5 Bead Annealer Models~fides_delim~Receive the latest news on new promotions, exclusive offers, and new arrivals. First Name:.~fides_delim~totalcount
11-4.5~fides_delim~https://clothandwoolshop.com/products/venice-5x11~fides_delim~VENICE 4'9" x 11'4.5"~fides_delim~Creases in rug will fall out within a few days of lying flat* Dimensions: 4'9" x <em>11'4.5</em>" Persian Malayer | 100-110 years old Colors: steel blue, taupe, ...~fides_delim~totalcount
11-4.5~fides_delim~https://www.leonardojewelers.com/leonardo-collection/wedding-rings/886a00gold18k1145.html~fides_delim~Leonardo Collection Carved & Engraved Wedding Ring~fides_delim~Leonardo Collection Carved &amp; Engraved Wedding Ring - 886A00-Gold18k-<em>11-4.5</em>.~fides_delim~totalcount
11-4.5~fides_delim~https://www.envirosafetyproducts.com/honeywell-miller-mflafa-11-4-5ft-turbolite-flash-arc-personal-fall-limiter-yellow-one-size.html~fides_delim~Honeywell Miller MFLAFA-11/4.5FT TurboLite Flash Arc ...~fides_delim~The Honeywell Miller MFLAFA-<em>11/4.5</em>FT TurboLite Flash Arc Personal Fall Limiter is available at envirosafetyproducts.com. Browse our over 40000 products and ...~fides_delim~totalcount
11-4.5~fides_delim~https://www.nybaebeauty.com/products/runway-liquid-lipstick-with-argan-oil-pink-frow-look-11-60~fides_delim~Buy Argan Oil Infused Matte Lipstick, Runway Range, Red~fides_delim~Buy Argan Oil Infused Matte Lipstick, Runway Range, Red - Frow Look <em>11 (4.5</em> g) from best lipstick collections. A Lipstick that will make your bae go woo, ...~fides_delim~totalcount
11-4.5~fides_delim~https://kilnfrog.com/products/af3p-11-4-5-w-2-flip-door~fides_delim~Jen-Ken Kiln - AF3P 11/4.5 w/ 2" Flip Door~fides_delim~The top-loading Jen-Ken AF3P <em>11/4.5</em> kiln features a 2" flip door &amp; comes with a 3-key Digital Orton controller.~fides_delim~totalcount
11-4.5~fides_delim~https://www.theindustrialdepot.com/safety-and-security/head-face-protection/welding-helmet-parts-accessories/hardened-glass-gold-filter-plate-gold-11-45-in-x-525-in-sh11-glass.html~fides_delim~Hardened Glass Gold Filter Plate, Gold/11, 4.5 in x 5.25 in, ...~fides_delim~Lenses Plates · Reflect harmful infrared rays while staying cooler than a conventional green filter plate · Precisely shaded and optically correct · Precision ...~fides_delim~totalcount
11-4.5~fides_delim~https://www.staples.com/JAM-Paper-11-Policy-Envelopes-4-1-2-x-10-3-8-Brite-Hue-Yellow-Recycled-50-pack-3156393I/product_1588680~fides_delim~JAM Paper #11 Policy Business Colored Envelopes, 4.5 x ...~fides_delim~The JAM Paper #<em>11 (4.5</em>" x 10.38") brite hue recycled envelope makes a great option for distributing official materials, sending mails or filing important ...~fides_delim~totalcount
11-4.5~fides_delim~https://www.swartglass.com/Take-A-Part-11-45_p_9717.html~fides_delim~Take A Part 11 4.5~fides_delim~The AF3P - <em>11/4.5</em> this kiln is great for fusing and slumping small items. This is the Take A Part version of this kiln, meaning the lid is not hinged. T.~fides_delim~totalcount
11-4.5~fides_delim~https://usbathstore.com/products/hotass-saunas-homeheat-16-x-11-4-5kw-240v-1ph-stainless-steel-wall-mounted-electric-sauna-heater-with-with-whisper-quiet-built-in-time-and-temperature-controls-and-45-pounds-of-magmatic-rock~fides_delim~Hotass Saunas HomeHeat 16" x 11" 4.5kW 240V 1PH ...~fides_delim~Hotass Saunas HomeHeat 16" x <em>11" 4.5</em>kW 240V 1PH Stainless Steel Wall-Mounted Electric Sauna Heater With With Whisper-Quiet Built-in Time and Temperature ...~fides_delim~totalcount
11-4.5~fides_delim~https://www.waleapparatus.com/product/11-x-4-5-annealingfusing-jen-ken-kiln-with-bead-door~fides_delim~11 in. x 4.5 in. Annealing/Fusing Jen-Ken Kiln with Bead ...~fides_delim~Annealing and fusing kiln. Additional Info: Includes: Shelf, posts, and kiln wash; Side firing; Additional 2" x 9" side flip up door ...~fides_delim~totalcount
11-4.5~fides_delim~https://twosistersrugs.com/products/2-8-x-11-4-5~fides_delim~Clio 2'8 x 11'4.5~fides_delim~Clio 2'8 x <em>11'4.5</em> ... All of our rugs have been cleaned prior to listing. These unique vintage rugs have normal wear related to their age. All photographs are ...~fides_delim~totalcount
11-4.5~fides_delim~https://www.zedaro.com/products/0644772~fides_delim~REGO-FIX ER 11 Ø 4.5 MM 1111.04500 (0644772)~fides_delim~Superior surface finish - Improved clamping length on small diameters - Manufactured in Switzerland. REGO-FIX ER <em>11 4.5</em> mm Collet - 0.0004" TIR.~fides_delim~totalcount
11-4.5~fides_delim~https://www.aftfasteners.com/best-welds-glass-silver-mirror-filter-plate-silver-11-4-5-in-x-5-25-in-glass-1-ea/~fides_delim~Best Welds Glass Silver Mirror Filter Plate, Silver/11, 4.5 in ...~fides_delim~Shop Best Welds Glass Silver Mirror Filter Plate, Silver/<em>11, 4.5</em> in x 5.25 in, Glass, 1/EA at AFT Fasteners. Great Prices. Fast Shipping.~fides_delim~totalcount
11-4.5~fides_delim~https://www.walterwood.com/xtrlens45p-sh11-xtrweld-filter-plate-shade-11-4-5-x-5-25-poly-each-in-hangable-bag~fides_delim~XTRLENS45P-SH11 XTRweld Filter Plate, Shade 11, 4.5 x ...~fides_delim~XTRLENS45P-SH11 XTRweld Filter Plate, Shade <em>11, 4.5</em> x 5.25" Poly Each in Hangable Bag ; SKU: XTRLENS45PSH11 ; Brand part number: XTRLENS45P-SH11 ; GTIN: ...~fides_delim~totalcount
11-4.5~fides_delim~https://www.machiningcloud.com/app/search/rego-fix/productdetail/1111.04500~fides_delim~RegoFix 1111.04500 ER-11 Collet~fides_delim~REGO-FIX ER <em>11 4.5</em> mm Collet - 0.0004" TIR. (*) These values have been automatically converted based on the original dimensions.~fides_delim~totalcount
11-4.5~fides_delim~https://ag.hawaii.gov/wp-content/uploads/2022/03/HAR-Ch-5-11.pdf~fides_delim~Chapter 5-11 Hawaii Administrative Rules~fides_delim~§5-<em>11-4.5</em> Prohibited acts. (a) A notary public shall not do any of the following: (1) Refuse to perform a lawful and proper notarial act because of the race ...~fides_delim~totalcount
11-4.5~fides_delim~https://anmprinting.com/files/templates/doorhangers/DH_tmp.pdf~fides_delim~4.5” x 11*” Door Hanger~fides_delim~Bleed: To ensure ink coverage goes to the very edge of the product, make certain to extend any graphics/artwork past the. Trim to the Bleed line.~fides_delim~totalcount
11-4.5~fides_delim~https://artabys.com/product/magnolia-lady/~fides_delim~Magnolia Lady Ceramic Interior Wall Art 11×4.5 Inches ...~fides_delim~Lady Hanging Wall Decor. This is a beautifully handmade lady wall art. Formed from clay and fired in a kiln. Hand painted interior decoration.~fides_delim~totalcount
11-4.5~fides_delim~https://www.etsy.com/listing/833557546/ykk-7-9-or-11-45-brass-pants-zippers~fides_delim~YKK 7 9 or 11 4.5 Brass Pants Zippers~fides_delim~YKK 7", 9" or <em>11" #4.5</em> Brass Pants Zippers Assortment - Light Beige, Beige, Brown, Light Grey, Black (5 Zippers / Pack). zipperstop.~fides_delim~totalcount
11-4.5~fides_delim~https://www.goat.com/sneakers/air-jordan-11-retro-cherry-ct8012-116~fides_delim~Air Jordan 11 Retro 'Cherry'~fides_delim~The Air Jordan 11 Retro 'Cherry' showcases familiar two-tone color blocking that recalls the low-top AJ11 'Varsity Red' from 2001. The upper is crafted from ...~fides_delim~totalcount
11-4.5~fides_delim~https://smokymountainrelay.com/maps/fullscreen/14/~fides_delim~SMR - Leg 11 (4.5 mi +60 ft / -372 ft) - EASY~fides_delim~Do not block traffic or park on the side of the Blue Ridge Parkway. Exchange Parking - Pull into the parking lot of the West Cullowhee Volunteer Fire Department ...~fides_delim~totalcount
11-4.5~fides_delim~https://www.mountainglass.com/Jen-Ken-AF3-Digital-11-X-11-X-4-5-with-2-inch-flip-door~fides_delim~11/4.5 w/ 2" Flip Door & Digital AF3P Controller - Jen-Ken~fides_delim~The <em>11/4.5</em> with Digital AF3P controller is great for fusing and slumping small items. This kiln comes standard with the AF3P Orton 3-button digital co.~fides_delim~totalcount
11-4.5~fides_delim~https://www.acurapartsforless.com/oem-parts/acura-end-plate-rear-brake-11-4-5mm-48881r9v003~fides_delim~End Plate, Rear Brake (11) (4.5MM) Part# 48881-R9V-003~fides_delim~2014-2020 Acura OEM Acura Part # 48881-R9V-003 - End Plate, Rear Brake (<em>11) (4.5</em>MM): Up To 35% Off On Every Order And Guaranteed Fit When You Enter Your ...~fides_delim~totalcount
11-4.5~fides_delim~https://www.zoro.com/jackson-safety-welding-passive-filter-shade-11-45-x-525-25pk-14564/i/G200693467/~fides_delim~Welding Passive Filter - Shade 11 - 4.5" x 5.25" 25pk~fides_delim~Order Jackson Safety Welding Passive Filter - Shade <em>11 - 4.5</em>" x 5.25" 25pk, 14564 at Zoro.com. Great prices &amp; free shipping on orders over $50 when you sign ...~fides_delim~totalcount
11-4.5~fides_delim~https://www.acurapartsworld.com/oem-parts/acura-end-plate-rear-brake-11-4-5mm-48881r9v003~fides_delim~End Plate, Rear Brake (11) (4.5MM) - Acura (48881-R9V- ...~fides_delim~2014-2020 Acura part # 48881-R9V-003 - End Plate, Rear Brake (<em>11) (4.5</em>MM)~fides_delim~totalcount
11-4.5~fides_delim~https://www.advancedtools.com/honeywell-miller-turbolite-flash-arc-personal-fall-limiters-mflafa1145ft-105528-prd1.htm~fides_delim~Miller TurboLite Flash Arc Personal Fall Limiters~fides_delim~SKU: 493-MFLAFA-<em>11/4.5</em>FT. Honeywell MFLAFA1145FT Miller TurboLite Flash Arc Personal Fall Limiters. * image may not represent actual item. List Price.~fides_delim~totalcount
11-4.5~fides_delim~https://www.lfishman.com/buy/product/john-dc-11/66336~fides_delim~JOHN DC-11 4.5x4 1/8 BX 120' RUBBER COVE BASE ...~fides_delim~JOHN DC-<em>11 4.5</em>x4 1/8 BX 120' RUBBER COVE BASE CANVAS. Description: Manufactured from top quality materials; Durable construction will give years of solid ...~fides_delim~totalcount
11-4.5~fides_delim~https://www.af1racing.com/OEM-Aprilia-Engine-Manual-06-11-45-55~fides_delim~OEM Aprilia Engine Manual '06-'11 4.5, 5.5~fides_delim~OEM Aprilia Engine Manual '06-'<em>11 4.5</em>, 5.5 ... OEM Aprilia Engine Manual .PDF Download. This is a factory engine service manual for '06-'11 SXV, RXV 4.5 / 5.5.~fides_delim~totalcount
11-4.5~fides_delim~https://www.netwelder.com/shade-11-4-5x5-25-glass-welding-helmet-lens-4-1-2-x-5-1-4/~fides_delim~SHADE 11 4.5"x5.25" GLASS WELDING HELMET LENS 4- ...~fides_delim~Home · Safety · Helmets · Lenses · SHADE <em>11 4.5</em>"x5.25" GLASS WELDING HELMET LENS 4-1/2" x 5-1/4".~fides_delim~totalcount
11-4.5~fides_delim~https://www.fixsupply.com/ai0959-glass-silver-mirror-filter-plate-silver-11-4-5-in-x-5-25-in-glass~fides_delim~Glass Silver Mirror Filter Plate, Silver/11, 4.5 in x 5.25 in, ...~fides_delim~Glass Silver Mirror Filter Plate, Silver/<em>11, 4.5</em> in x 5.25 in, Glass · Reflects harmful infrared rays while staying cooler than a conventional green filter plate ...~fides_delim~totalcount
11-4.5~fides_delim~https://brainly.com/question/25293298~fides_delim~Order the numbers from least to greatest. ___ 45 11 , 4.5~fides_delim~Order the numbers from least to greatest. ___ 45 <em>11 , 4.5</em>, √ ___ 20 , √ ___ ___ 45 4 Get the answers you need, now!~fides_delim~totalcount
11-4.5~fides_delim~https://www.toolfetch.com/TurboLite-Flash-Aerial-Lift-Series-Fall-Limiter-4.5-ft-Single~fides_delim~TurboLite Flash Aerial Lift Series Fall Limiter, 4.5 ft, Single, ...~fides_delim~Shop for the 493-MFLAFA-<em>11/4.5</em>FT Honeywell Miller TurboLite Flash Aerial Lift Series Fall Limiters right here at Toolfetch today.~fides_delim~totalcount
11-4.5~fides_delim~https://www.tods.com/us-en/Junior-(Sizes-11-4-5)/c/283-Tods/~fides_delim~Boys shoes size 28 - 35~fides_delim~View all · Baby (Sizes 1-5) · Toddler (Sizes 5-11); Junior \(Sizes <em>11-4.5</em>\). Refine by +. Boys shoes size 28 - 35. (6 Items).~fides_delim~totalcount
11-4.5~fides_delim~https://www.kellysbahamas.com/pd/blk-cube-s-s-11saute-pan-w-lid/31825~fides_delim~Black Cube Stainless Sauté Pan with Lid 11" 4.5 Qt.~fides_delim~Find online for top quality Black Cube Stainless Sauté Pan with Lid <em>11" 4.5</em> Qt. in the cookware, general housewares department at KellysBahamas.com in ...~fides_delim~totalcount
11-4.5~fides_delim~https://codelibrary.amlegal.com/codes/plainviewne/latest/plainview_ne/0-0-0-3904~fides_delim~§ 11-4.5.1 BUSINESS RETENTION; SMALL BOX/VARIETY ...~fides_delim~<em>11-4.5</em>.1 BUSINESS RETENTION; SMALL BOX/VARIETY STORES; COMPETITION AND REGULATION. (A) Administration; intent and purpose. The purpose of this section is to ...~fides_delim~totalcount
11-4.5~fides_delim~https://ammcindustries.com/products/ors-nasco_gold_coated_filter_plate_gold_11_4-5_x_5-25_polycarbonate~fides_delim~ORS Nasco Gold Coated Filter Plate, Gold/11, 4.5 x 5.25, ...~fides_delim~Reflects harmful infrared rays while staying cooler than a conventional green filter plate Precisely shaded and optically correct Light-weight and ...~fides_delim~totalcount
11-4.5~fides_delim~https://www.boardparadise.com/ace-high-trucks-11-4-5-raw-skateboard-trucks-set-of-2-trucks/~fides_delim~Ace High Truck 11/4.5 Raw Set Of 2 Trucks | Boardparadise.com~fides_delim~ACE HIGH TRUCK <em>11/4.5</em> RAW Set of 2 Trucks. Rating Required. Select Rating, 1 star (worst), 2 stars, 3 stars (average), 4 stars, 5 stars (best).~fides_delim~totalcount
11-4.5~fides_delim~https://www.walmart.com/ip/Hardened-Glass-Gold-Filter-Plate-Gold-11-4-5-in-X-5-25-In-Sh11-Glass/165087585~fides_delim~Hardened Glass Gold Filter Plate, Gold/11, 4.5 in X 5.25 In, ...~fides_delim~Arrives by Thu, Oct 20 Buy Hardened Glass Gold Filter Plate, Gold/<em>11, 4.5</em> in X 5.25 In, Sh11, Glass at Walmart.com.~fides_delim~totalcount
11-4.5~fides_delim~https://www.homebello.com/frieling-black-cube-hybrid-saute-pan-with-lid-11-4-5-qt-bc728/~fides_delim~Frieling Black Cube Hybrid Saute Pan with Lid 11" 4.5 Qt. ...~fides_delim~Buy Frieling Black Cube Hybrid Saute Pan with Lid <em>11" 4.5</em> Qt., MPN: BC728, UPC/EAN: 728547087321 on Sale at HomeBello. Huge Selection of Frieling Kitchen ...~fides_delim~totalcount
11-4.5~fides_delim~https://wcc.sc.egov.usda.gov/reportGenerator/view_csv/customSingleStationReport/hourly/1268:ak:SNTL/-167,0/WTEQ::value,SNWD::value,PREC::value,TOBS::value~fides_delim~CSV~fides_delim~... 2022-11-15 17:00,2.4,<em>11,4.5</em>,-5 2022-11-15 18:00,2.4,<em>11,4.5</em>,-7 2022-11-15 19:00,2.4,<em>11,4.5</em>,-8 2022-11-15 20:00,2.4,11,4.4,-11 2022-11-15 21:00,2.4,11,4.4 ...~fides_delim~totalcount
11-4.5~fides_delim~https://feetcm.com/height/11-feet-and-4.5-inches-to-cm~fides_delim~11 feet 4.5 inches to cm - FEETCM.com~fides_delim~What is 11ft 4.5in in cm. Convert 11 feet 4.5 inches to centimeters.~fides_delim~totalcount
11-4.5~fides_delim~https://www.geteasysolution.com/11-4.5=x~fides_delim~11-4.5=x - solution~fides_delim~Simple and best practice solution for <em>11-4.5</em>=x equation. Check how easy it is, and learn it for the future. Our solution is simple, and easy to understand, ...~fides_delim~totalcount
11-4.5~fides_delim~http://online.encodeplus.com/regs/greensboro-nc/doc-viewer.aspx?secid=1415~fides_delim~Land Development Ordinance - Document Viewer~fides_delim~30-<em>11-4.5</em> Exemption for Existing Buildings on Constrained Sites. The Planning Director is authorized to approve a Type 1 Modification for a reduction in the ...~fides_delim~totalcount
11-4.5~fides_delim~https://lis.njleg.state.nj.us/nxt/gateway.dll?xhitlist_vq=40A%3A11-4.5+Competitive+contracting+proposal+solicitation.&f=xhitlist&xhitlist_q=%5BRank+100%5D%5BDomain%3A+40A%3A11-4.5+Competitive+contracting+proposal+solicitation.%5D40A%3A11-4.5+Competitive+contracting+proposal+solicitation.&xhitlist_x=advanced&xhitlist_s=relevance-weight&xhitlist_mh=99999&xhitlist_d=&xhitlist_hc=%5BXML%5D%5BKwic%2C25%5D&xhitlist_xsl=xhitlist.xsl&xhitlist_vpc=first&xhitlist_vps=20&xhitlist_sel=title%3Bpath%3Brelevance-weight%3Bcontent-type%3Bhome-title%3Bitem-bookmark%3Btitle-path%3Bhit-context&vid=Publish:10.1048/Enu~fides_delim~Search Results~fides_delim~Title. XML document, 40A:<em>11-4.5</em> Competitive contracting proposal solicitation. New Jersey Statutes (Unannotated) / NEW JERSEY GENERAL AND PERMANENT STATUTES ...~fides_delim~totalcount
11-4.5~fides_delim~https://www.fredmiranda.com/forum/topic/1661355/3~fides_delim~Review: Laowa 11mm f/4.5 FF-RL - FM Forums~fides_delim~Well, I finally gave this lens (the <em>11/4.5</em>) a try as it went on sale and thus B&amp;H also discounted their used copies.~fides_delim~totalcount
11-4.5~fides_delim~https://www.alligatorperformance.com/rough-country-563-20-4-5-suspension-lift-kit-11-14-ford-6-7l-powerstroke~fides_delim~4.5" Suspension Lift Kit for 11-14 Ford F250 / F350 6.7L ...~fides_delim~Quick View. Carli CS-F45-CO25-<em>11 4.5</em>" Coilover System | 11-16 Ford F250/F350. - Call 208-719-7400 for Availablity. $5,750.00.~fides_delim~totalcount
11-4.5~fides_delim~http://panchbhaya.weebly.com/uploads/1/3/7/0/13701351/phys11_sm_04_5.pdf~fides_delim~Section 4.5: Forces Applied to Sports and Research~fides_delim~Section 4.5: Forces Applied to. Sports and Research. Section 4.5 Questions, page 188. 1. (a) In the case of a spike in volleyball or hitting.~fides_delim~totalcount
11-4.5~fides_delim~https://www.airgas.com/product/Safety-Products/Ergonomics-%26-Fall-Protection/Fall-Protection/p/HONMFLAFA-11/4.5FT~fides_delim~Honeywell 4.5' Miller® TurboLite™ Flash Personal Fall ...~fides_delim~Airgas Part #:HONMFLAFA-<em>11/4.5</em>FT. Manufacturer Part #:MFLAFA-<em>11/4.5</em>FT. $506.21 Each. $50621 $506.21 /Each. CONTACT AIRGAS. PHONE. 1-866-935-3370.~fides_delim~totalcount
11-4.5~fides_delim~https://mirageoutlet.com/PICTURE-FRAME-SIZES-4-x-4-thru-4-75-x-11.html~fides_delim~PICTURE FRAMES / Custom Sizes 4x4 thru 4.75" x 11.5"~fides_delim~... x 10.25 - 4.25 x 10.5 - 4.25 x 10.75 - 4.25 x <em>11 - 4.5</em> x 4.5 - 4.5 x 4.75 - 4.5 x 5 - 4.5 x 5.25 - 4.5 x 5.5 - 4.5 x 5.75 - 4.5 x 6 - 4.5 x 6.25 - 4.5 x ...~fides_delim~totalcount
11-4.5~fides_delim~https://www.phonographs.org/product/p-383-sonora-long-crank/~fides_delim~P-383 SONORA long crank (Female, 11", 4.5")~fides_delim~P-383 SONORA long crank, as seen in these photos (motor is not included) [Taken from a Sonora “Queen Anne Console” phonograph].~fides_delim~totalcount
11-4.5~fides_delim~https://www.lawserver.com/law/state/indiana/in-code/indiana_code_30-5-11-4-5~fides_delim~Indiana Code 30-5-11-4.5. Electronic power of attorney~fides_delim~Indiana Code 30-5-<em>11-4.5</em>. Electronic power of attorney; witnesses; self-proving clauses; presence requirement ... Sec. 4.5. (a) This section applies to an ...~fides_delim~totalcount
11-4.5~fides_delim~https://stockx.com/air-jordan-11-retro-cool-grey-2021-gs~fides_delim~Jordan 11 Retro Cool Grey (2021) (GS) - 378038-005 - US~fides_delim~Buy and sell StockX Verified Jordan 11 Retro Cool Grey (2021) (GS) shoes 378038-005 and thousands of other Jordan sneakers with price data and release ...~fides_delim~totalcount
11-4.5~fides_delim~https://github.com/vuejs/vue-cli/issues/6276~fides_delim~vue/cli-plugin-unit-jest@4.5.11 requires node-notifier@^5.4 ...~fides_delim~... @vue/cli-plugin-unit-jest: ^4.5.<em>11 =&gt; 4.5</em>.11 @vue/cli-plugin-vuex: 4.5.11 @vue/cli-service: 4.5.<em>11 =&gt; 4.5</em>.11 @vue/cli-shared-utils: ...~fides_delim~totalcount
11-4.5~fides_delim~https://www.farmercoop.com/product/adm-moormans-showtec-cattle-pellet-finisher-bt-11-4-5-13-5/~fides_delim~MoorMan's ShowTec Cattle Pellet Finisher BT 11-4.5-13.5~fides_delim~MoorMan's ShowTec Cattle Pellet Finisher BT <em>11-4.5</em>-13.5 is a nutritionally balanced base ration. It supplies protein, energy, vitamins and minerals.~fides_delim~totalcount
11-4.5~fides_delim~https://stores.botanicwonders.com/tom-glavich-handmade-ceramic-pot-tg-11-4-5x4-5x5/~fides_delim~Tom Glavich Handmade Ceramic Pot - TG-11 4.5"x4.5"x5~fides_delim~Tom Glavich Handmade Ceramic Pot - TG-<em>11 4.5</em>"x4.5"x5 · Write a Review · Add to Wishlist · Related Products · Customers Also Viewed.~fides_delim~totalcount
11-4.5~fides_delim~https://factorysupplyoutlet.com/best-welds-glass-silver-mirror-filter-plate-silver-11-4-5-in-x-5-25-in-glass/~fides_delim~Best Welds Glass Silver Mirror Filter Plate, Silver/11, 4.5 in ...~fides_delim~Reflects harmful infrared rays while staying cooler than a conventional green filter plate|Precisely shaded and optically correct|Precision gro.~fides_delim~totalcount
11-4.5~fides_delim~https://www.tiger-algebra.com/drill/x-4.5=11/~fides_delim~Solve Linear equations with one unknown x-4.5=11 ...~fides_delim~Equations : Tiger shows you, step by step, how to Isolate x (Or y or z) in a formula x-4.5=11 and Solve Your Equation Tiger Algebra Solver.~fides_delim~totalcount
11-4.5~fides_delim~https://www.uscbookstore.com/sale/sale-accessories/custitem1/11,4.5,5.5,6.5,7,9.5,M?show=48&display=table~fides_delim~USC Accessories Sale [9]~fides_delim~... Sort by price, high to low · Sort by price, low to high · Sort by relevance · Sort by Newest. Filters. Narrowed By: <em>11 4.5</em> 5.5 6.5 7 9.5 M.~fides_delim~totalcount
11-4.5~fides_delim~https://mcdonaldpaper.com/c-a-c-nrc-11-4-5-oz-4-62-inch-porcelain-fruit-dish-with-narrow-rim-3-dz-cs/~fides_delim~C.A.C. NRC-11, 4.5 Oz 4.62-Inch Porcelain Fruit Dish with ...~fides_delim~Order C.A.C. NRC-<em>11, 4.5</em> Oz 4.62-Inch Porcelain Fruit Dish with Narrow Rim, 3 DZ/CS at McDonald Paper &amp; Restaurant Supplies. Call us for professional ...~fides_delim~totalcount
11-4.5~fides_delim~https://www.pinterest.com/pin/grey-swirled-glass-table-top-torch-lamp-11-in-2022--382383824621849674/~fides_delim~Grey Swirled Glass Table Top Torch Lamp, 11~fides_delim~At Home Gray Swirled Glass Table Top Torch, 11", Grey, 4.5"l X 11.0"h X 4.5"w. At Home Grey Swirled Glass Table Top Torch Lamp, <em>11", 4.5</em>"l X 11.0"h X 4.5"w.~fides_delim~totalcount
11-4.5~fides_delim~https://www.chegg.com/homework-help/questions-and-answers/homework-mml21-question-11-4516-part-1-2-hw-score-5882-10-17-points-points-0-1-save--recta-q86534287~fides_delim~Homework: MML21 Question 11,4.5.16 Part 1 of 2 HW Score~fides_delim~Transcribed image text: Homework: MML21 Question <em>11,4.5</em>.16 Part 1 of 2 HW Score: 58.82%, 10 of 17 points Points: 0 of 1 Save a. A rectangular pen is built ...~fides_delim~totalcount
11-4.5~fides_delim~https://fandfind.com/product/best-welds-932-117-11-glass-silver-mirror-filter-plate-silver-11-4-5-in-x-5-25-in-glass/~fides_delim~Best Welds 932-117-11 Glass Silver Mirror Filter Plate ...~fides_delim~Best Welds 932-117-11 Glass Silver Mirror Filter Plate, Silver/<em>11, 4.5</em> in x 5.25 in, Glass available now at F &amp; F Industrial.~fides_delim~totalcount
11-4.5~fides_delim~https://www.rfc-editor.org/rfc/rfc3551.html~fides_delim~RFC 3551: RTP Profile for Audio and Video Conferences ...~fides_delim~by H Schulzrinne · 2003 · Cited by 1320 — <em>11 4.5</em> Audio Encodings ......................................... 12 4.5.1 DVI4 ............................................ 13 4.5.2 G722 .~fides_delim~totalcount
11-4.5~fides_delim~https://www.cacd.uscourts.gov/sites/default/files/documents/LocalRulesEffectiveJune21-2012-ChapterI.pdf~fides_delim~LOCAL RULES~fides_delim~L.R. <em>11-4.5</em> Request for Conformed Copy.. . . . . . . . . . . . . . . 33. L.R. 11-5 Exhibits to Documents............................ 34.~fides_delim~totalcount
11-4.5~fides_delim~https://www.flightclub.com/air-jordan-11-retro-low-gs-legend-blue-528896-117~fides_delim~Air Jordan 11 Retro Low GS 'Legend Blue'~fides_delim~A grade-school shoe, the upper is built with white leather, overlaid by tonal patent leather along the mudguard. Mesh on the tongue provides breathability, ...~fides_delim~totalcount
