11-78 lvl~fides_delim~https://www.menards.com/main/building-materials/trusses-i-joists-engineered-lumber/laminated-veneer-lumber-lvl-strand-lumber/1-3-4-x-11-7-8-lvl-1-9e/1061608/p-1444438525506-c-5663.htm~fides_delim~1-3/4&quot; x 11-7/8&quot; x 20&#39; LVL 1.9E - Menards~fides_delim~1-3/4" x 11-7/8" <em>LVL</em> 1.9E at Menards ; Masterforce® Pneumatic 30-34° Framing Nailer. Sku #: 2085017. $189.99 ; Saddle Plate (large). Sku #: 1851002. $65.99.~fides_delim~totalcount
11-78 lvl~fides_delim~https://www.homedepot.com/p/1-3-4-in-x-11-7-8-in-x-20-ft-Douglas-Fir-Laminated-Veneer-Lumber-LVL-1-9E-L112020/204692529~fides_delim~1-3/4 in. x 11-7/8 in. x 20 ft. Douglas Fir Laminated Veneer ...~fides_delim~x 11-7/8 in. x 20 ft. Douglas Fir Laminated Veneer Lumber (<em>LVL</em>) 1.9E is a store exclusive item and only able to be bought in a Home Depot store ...~fides_delim~totalcount
11-78 lvl~fides_delim~https://schillings.com/products/lumber/engineered-lumber/lvl/1-3-4-x-11-7-8-x-18-lvl-2-1e-lumber/~fides_delim~1-3/4&quot; x 11-7/8&quot; x 18&#39; LVL 2.1E Lumber - Schillings~fides_delim~1-3/4″ x 11-7/8″ x 18′ <em>LVL</em> 2.1E Lumber · Consistent, accurate sizes and resists warping, twisting and shrinking · Dimensions: 1-3/4″ x 11-7/8″ x 18′ · No two ...~fides_delim~totalcount
11-78 lvl~fides_delim~https://parr.com/PDFs/LP%20LVL%201.9E.pdf~fides_delim~LP LVL 2650Fb-1.9E Technical Guide - Parr Lumber~fides_delim~This LP <em>LVL</em> guide (formerly Gang-Lam <em>LVL</em>) must be used in conjunction with the Engineered Wood Product Guide. Page 2. MAXIMUM REACTION (LBS.) Product ...~fides_delim~totalcount
11-78 lvl~fides_delim~https://www.westfraser.com/sites/default/files/products/LVL/LVL%20Users%20Guide%20-%20US%20%20v0415.pdf~fides_delim~LVL User&#39;s Guide - West Fraser~fides_delim~<em>LVL</em> User's Guide Technical Data for <em>LVL</em> Headers, Beams, Column Applications for Residential Floor and Roof Systems. UNITED STATES VERSION ...~fides_delim~totalcount
11-78 lvl~fides_delim~https://www.westfraser.com/sites/default/files/products/LVL/LVL%20Users%20Guide%20-%20Canada%20v0415.pdf~fides_delim~LVL Users Guide - Canada v0415.pdf - West Fraser~fides_delim~<em>LVL</em> User's Guide Technical Data for <em>LVL</em> Headers, Beams, Column Applications for Residential Floor and Roof Systems. CANADIAN VERSION ...~fides_delim~totalcount
11-78 lvl~fides_delim~https://www.twperry.com/product/1-34x11-78-lvl-beam-20-moe-sold-even-length-increments~fides_delim~1-3/4&quot;X11-7/8&quot; LVL BEAM, 2.0 MOE *SOLD IN EVEN LENGTH ...~fides_delim~<em>LVL</em> (Laminated Veneer Lumber) offers consistent moisture content, resists warping, splitting and shrinking and it is manufactured to disperse the defects ...~fides_delim~totalcount
11-78 lvl~fides_delim~https://www.cameronashleybp.com/1011259/product/versa-lam-1-34-x-11-78-x-10-lvl~fides_delim~Boise Cascade® | Cameron Ashley Building Products~fides_delim~VERSA LAM/ <em>LVL</em> 1-3/4" x 11-7/8" x 10' 2.1E 3100Fb. SPECIFICATIONS; Documents. SPECIFICATIONS. Pallet Quantity, : 24 Pieces Per Pallet. Documents.~fides_delim~totalcount
11-78 lvl~fides_delim~https://www.cameronashleybp.com/1011266/product/versa-lam-1-34-x-11-78-x-24-lvl~fides_delim~Boise Cascade® 210538254~fides_delim~VERSA LAM/ <em>LVL</em> 1-3/4" x 11-7/8" x 24' 2.1E 3100Fb. SPECIFICATIONS. SPECIFICATIONS. Pallet Quantity, : 24 Pieces Per Pallet. Related Product Categories.~fides_delim~totalcount
11-78 lvl~fides_delim~https://lpcorp.com/resources/product-literature/technical-guides/lvl-beam-header-technical-guide-canada~fides_delim~LP SOLIDSTART LVL BEAM &amp; HEADER - LP Building Solutions~fides_delim~LP SolidStart <em>LVL</em> beams are exceptionally strong, solid and straight, making them excellent for most primary load-carrying beam applications.~fides_delim~totalcount
11-78 lvl~fides_delim~https://3dwarehouse.sketchup.com/model/u2aa8ee74-8223-44c5-b2da-73865ac5ba16/1-34-x-11-78-Microllam-LVL?hl=en~fides_delim~1-3/4&#39; x 11-7/8&#39; Microllam LVL | 3D Warehouse~fides_delim~Microllam <em>LVL</em> is a versatile solution that works great in in applications all over the house from window openings to garage door headers.~fides_delim~totalcount
11-78 lvl~fides_delim~https://roofonline.com/weights-measures/weight-of-engineered-wood/~fides_delim~Weight of Glulam and LVL Beams • Reference Charts~fides_delim~The following tables provide the approximate weight (dead load, self-weight) for two types of engineered wood, glulam and <em>LVL</em> beams, ...~fides_delim~totalcount
11-78 lvl~fides_delim~https://www2.palmbeachschools.org/dre/goldrpt/fy03_1/2871.TXT~fides_delim~https://www2.palmbeachschools.org/dre/goldrpt/fy03...~fides_delim~... 4 08 MAR 02 65% 36 44% 11 86% 19 75% 6 66% 23 65% 13 READ <em>LVL</em> 2 PCT 06 MAR ... MAR 01 77% 30 69% <em>11 78</em>% 14 * 5 67% 18 100% 12 07 MAR 02 61% 25 39% 7 83% ...~fides_delim~totalcount
11-78 lvl~fides_delim~https://www.weyerhaeuser.com/woodproducts/engineered-lumber/parallam-psl/parallam-psl-beams/~fides_delim~Parallam® PSL Beams - Weyerhaeuser~fides_delim~Parallam® PSL · Parallam® PSL Beams · Parallam® PSL Columns · Parallam® Plus PSL · Microllam® <em>LVL</em> · Microllam® <em>LVL</em> Beams · Microllam® <em>LVL</em> Headers.~fides_delim~totalcount
11-78 lvl~fides_delim~https://www.bc.com/wp-content/uploads/2018/09/W-spec-guide-BCI-and-VL.pdf~fides_delim~WESTERN SPECIFIER GUIDE - Boise Cascade~fides_delim~VERSA-LAM® <em>LVL</em> beam. See page 7 for allowable hole sizes and location. 1½" knockout holes at approximately 12" o.c. are pre-punched. VERSA-LAM® header.~fides_delim~totalcount
11-78 lvl~fides_delim~https://pathnet.org/si.asp_id_3845__skip_this202.pdf~fides_delim~2 1 FIRST FLOOR FRAMING PLAN SECOND FLOOR ...~fides_delim~2 X 10 JOISTS @ 16" O.C.. 2 - 2 X 8 BEAM. 2 - 2 X 10 LEDGER. 12" DIA. SONO TUBE. JOIST HANGERS. 2-2 X 4. 2-2 X 4. 1 - 1 34" X <em>11 78</em>" <em>LVL</em>.~fides_delim~totalcount
11-78 lvl~fides_delim~https://www.mcscustomhomes.com/wp-content/uploads/2021/07/Chapel-Ridge-Lot-57-0928-21-Resealed-07.06.21-1.pdf~fides_delim~(3) 11 78&quot; LVL - MCS Custom Homes~fides_delim~(3) <em>11 78</em>" <em>LVL</em>. A.A. TAKLA ENGINEERING, PLLC. NC FIRM LICENSE NO. P-1446. 718 ARNETTE AVE. DURHAM, NC 27701 919-423-0470.~fides_delim~totalcount
11-78 lvl~fides_delim~https://vbteh.chtonamstoit.info/psl-beam-prices.html~fides_delim~Psl beam prices~fides_delim~Weight of <em>LVL</em> (Laminated Veneer Lumber) 41 Pounds per Cubic Foot (41 lbsft3) ... 135.84 View Product 1-34 x <em>11-78</em> x 18 <em>LVL</em> 2.1E Lumber 148.50 View Product 2 ...~fides_delim~totalcount
11-78 lvl~fides_delim~https://www.buildsite.com/pdf/ilevel/TimberStrand-LSL-Technical-Notes-1998925.pdf~fides_delim~TimberStrand LSL - Technical Notes - BuildSite~fides_delim~Trus Joist® TimberStrand® LSL, Microllam® <em>LVL</em>, and Parallam® PSL are structural solutions you can count on—guaranteed. Why Choose Trus Joist® Beams, ...~fides_delim~totalcount
11-78 lvl~fides_delim~https://www.ferguson.com/product/pacific-woodtech-corporation-30-x-11-78-in-40-psi-lumber-ppsi401130/_/R-4200146~fides_delim~Pacific Woodtech Corporation 30 x 11-7/8 in. 40 psi Lumber~fides_delim~Material: <em>LVL</em>, OSB. Width: 11-7/8 in. www.ferguson.com. LEAD LAW WARNING: In accordance with the US Federal or other States laws It is illegal to install ...~fides_delim~totalcount
11-78 lvl~fides_delim~https://www.redbuilt.com/wp-content/uploads/2020/08/RedBuilt_Red-I-Joist_Guide_Canada.pdf~fides_delim~Red-I™ Joists - RedBuilt~fides_delim~Top and bottom flanges of. 1¾" x 3½" RedLam™ <em>LVL</em> with 7⁄16" OSB web. www.RedBuilt.com. Joist depths from 14" to 30" are available in 2" increments.~fides_delim~totalcount
11-78 lvl~fides_delim~https://www.ncbi.nlm.nih.gov/Taxonomy/Browser/wwwtax.cgi?mode=Info&id=208964&lvl=3&keep=1&srchmode=1&unlock&mod=1&log_op=modifier_toggle~fides_delim~Taxonomy browser (Pseudomonas aeruginosa PAO1) - NCBI~fides_delim~2017-I [1 142 1], PAO1 [2 297 <em>11 78</em>], PAO1_wild_type [294]. culture-collection. ATCC:15692 [9 1 1]. Disclaimer: The NCBI taxonomy database is not an ...~fides_delim~totalcount
11-78 lvl~fides_delim~https://sherwoodlumber.com/wp-content/uploads/pdf/Wood-Beam-Joists-Specs.pdf~fides_delim~Wood I Beam™ Joists - Sherwood Lumber~fides_delim~Each joist features an enhanced. OSB web with high-grade solid sawn lumber or GP Lam® <em>LVL</em> flanges. The wider flanges offered by the 40, 60, 65, 80, and 90 ...~fides_delim~totalcount
11-78 lvl~fides_delim~https://www.lowes.com/pl/Lvl-Engineered-lumber-Lumber-composites-Building-supplies/925015096~fides_delim~LVL at Lowes.com~fides_delim~Laminated veneer lumber (<em>LVL</em>) is a high-strength engineered wood product, and one of the most widely used kinds of lumber in construction projects. It's used ...~fides_delim~totalcount
11-78 lvl~fides_delim~https://www.scribd.com/document/137111810/Holophane-Lobay-II-Series-Brochure-11-78~fides_delim~Holophane Lobay II Series Brochure 11-78 | PDF - Scribd~fides_delim~Holophane Lobay II Series Brochure <em>11-78</em> - Free download as PDF File (.pdf), ... For intormation on other J-<em>lvl</em> products and systems, call the Product ...~fides_delim~totalcount
11-78 lvl~fides_delim~https://bluelinxco.com/wp-content/uploads/2021/06/onCENTER-EL-Specifiers-Guide-June-2021_for-print.pdf~fides_delim~When it&#39;s built right, it&#39;s onCENTER! - BlueLinx~fides_delim~Simpson Strong-Tie® Connectors for <em>LVL</em> …… 49 ... lumber (<em>LVL</em>) flanges and an enhanced OSB web ... Bearing wall, onCENTER® <em>LVL</em> or glulam beam.~fides_delim~totalcount
11-78 lvl~fides_delim~https://www.trumbull-ct.gov/DocumentCenter/View/322/Firehouse-Road-PDF~fides_delim~Firehouse Road - Trumbull, CT~fides_delim~1/<em>11/78</em> 9 Rm 2 Sty 2 Car Gar Att &amp; Dack. 1/19/78 | 8 Rm 2 Sty 2 Car Gar Inder ... roof, reframe, add structural <em>LVL</em>. 10,000. Pfeffer, Stacey.~fides_delim~totalcount
11-78 lvl~fides_delim~https://cdn1.sportngin.com/attachments/document/14c7-1783296/2019-02-09_17-59_vs_Tonawanda.pdf~fides_delim~2019-02-09 17:59 - Ngin~fides_delim~21:<em>11 78</em> 119. 3 5:34 78 15 ... HC-VanEgmond, Jim <em>Lvl</em> 3 CEP#050961 exp 12/31/20 ... AC-Cardamone, Mike - <em>Lvl</em> 2 CEP#448166 exp 12/31/20.~fides_delim~totalcount
11-78 lvl~fides_delim~https://elmgrovewi.org/AgendaCenter/ViewFile/Item/2797?fileID=2533~fides_delim~6/1 pitch - Village of Elm Grove~fides_delim~RETAINING WALL. BY OTHER. 3-3/9X3/6 CSMT. UP. 2-<em>11 78</em>' <em>LVL</em>. 6'-0" SL PATIO DR. 2-9 1/4" LVL. COFFER CLG. DINING ROOM. WOOD TRUSSES.~fides_delim~totalcount
11-78 lvl~fides_delim~https://www.epicnpc.com/tags/clash-royale-arena-11/~fides_delim~clash royale arena 11 - EpicNPC Marketplace~fides_delim~Clash royale account - Level <em>11 - 78</em>/78 cards found - All legendary cards unlocked <em>lvl</em> 1-2 - Its on IOS &amp; android (both android and IOS info will be given) ...~fides_delim~totalcount
11-78 lvl~fides_delim~https://www.millcreeklumber.com/clientcontent/mcl/pdf/TJ-4000.pdf~fides_delim~TJI 110, 210, 230, 360, &amp; 560 Joists Specifier&#39;s Guide~fides_delim~Microllam® <em>LVL</em>, and Parallam® PSL headers and beams. Pull them all together with our self-gapping and self-draining Weyerhaeuser Edge GoldTM floor panels ...~fides_delim~totalcount
11-78 lvl~fides_delim~https://www.coventryct.org/DocumentCenter/View/6033/House-Plans~fides_delim~architectural - front &amp; left elevations - Coventry, CT~fides_delim~(BI) 3-1 3/4" X 14" <em>LVL</em>: SET BELOW FLOOR JOISTS. 9'-8". 1111. ·TRIM AROUND. 1111. 1131. LALLY COLUMN ... <em>11 78</em>' RIP1-40 IJOISTS. B36F 111.~fides_delim~totalcount
11-78 lvl~fides_delim~https://wtrask.com/wp-content/uploads/2019/09/E-ALLJOIST-ajs-us-spec-guide.pdf~fides_delim~ALLJOIST Specifier Guide - Warren Trask Company~fides_delim~VERSA-LAM® <em>LVL</em> beam. See page 7 for allowable hole sizes and location. 1½" knockout holes at approximately 12" o.c. are pre-punched. VERSA-LAM® header.~fides_delim~totalcount
11-78 lvl~fides_delim~https://bct.eco.umass.edu/publications/articles/the-evolution-of-engineered-wood-i-joists/~fides_delim~The Evolution of Engineered Wood I-Joists~fides_delim~Structural values of the <em>LVL</em> flanges are very high. ... sell a residential series in the following depths: 9-1/2”, <em>11-78</em>”, 14” and 16”.~fides_delim~totalcount
11-78 lvl~fides_delim~https://www1.flightrising.com/clan-profile/13338~fides_delim~Lychie&#39;s Clan | Flight Rising~fides_delim~c l a nxie v i o 21 | female | +3 frt 13ScRYK.gif. I exalt stuff ♢ No random friend requests please ♢ . : adopts : . ♢ MP | MP ♢ <em>Lvl</em>. 25 Lair: <em>11/78</em>~fides_delim~totalcount
11-78 lvl~fides_delim~https://www.cleancss.com/mac-lookup/~fides_delim~MAC/OUI Address Lookup Tool - Clean CSS~fides_delim~Chiron Technology Ltd, 00-<em>11-78</em>. Chitai Electronic Corp. ... <em>LVL</em> 7 Systems, Inc. 00-02-BC. LVS Co.,Ltd. CC-96-35. LVX Western, 8C-57-FD.~fides_delim~totalcount
11-78 lvl~fides_delim~http://catalogs.wps-inc.com/2019/offroad/1402/~fides_delim~2019 Offroad Catalog~fides_delim~2 48–2 49 Snow Bike Tunnel Pack-NXT <em>LVL</em>............ ........ .... 2 37 Snow Pegs-Flo Motorsports. ... 11 77–<em>11 78</em> Gear Tools.~fides_delim~totalcount
11-78 lvl~fides_delim~https://www.sigtalk.com/threads/lvl-1-holster.297257/~fides_delim~lvl 1 holster - SIG Talk~fides_delim~<em>lvl</em> 1 holster ... P6 <em>11/78</em> - German P220 w/Folded Slide - German P220 frame w/Carry Slide - P220R ST - P220R-22-BAS-SAO + 5" Match Upper ...~fides_delim~totalcount
11-78 lvl~fides_delim~http://legistar.cityofmadison.com/attachments/ad1832aa-0daa-4a97-9434-d99bf4be06e8.pdf~fides_delim~2 Canvasback Cir.pdf - City of Madison~fides_delim~(2) <em>11 78</em>" <em>LVL</em>. ロー. 12'0". ***** 4'0". 21-7. બ. EXISTING. CONCRETE. SLAB. DRAWN BY. APPROVED. 6/30/06. DRAWING*. REVISED.~fides_delim~totalcount
11-78 lvl~fides_delim~https://www.aisc.org/globalassets/aisc/publications/historic-shape-references/fleming-bros-section-book-1944.pdf~fides_delim~Fleming Bros Section Book-1944.pdf~fides_delim~10 x i . m <em>11·78</em> -;:;; ' ·n .,. " 71 ·67. 10 . 1 ." 14·71 ,·n ,." .. " 5,H4. --. lO x ' . n IH5 1·)7 m .. " n·,. Page 367. 3SO FLEMING BROS. JOISTS.~fides_delim~totalcount
11-78 lvl~fides_delim~https://www.pricecharting.com/game/pokemon-evolutions/charizard-11~fides_delim~Charizard #11 Pokemon Evolutions - PriceCharting~fides_delim~~fides_delim~totalcount
11-78 lvl~fides_delim~https://docs.cityofanacortes.org/WebLink/0/doc/235955/Page9.aspx~fides_delim~Permit File BLD-2019-0075 (2) 1316 25th Street~fides_delim~<em>LVL</em> Option to GLB and PSL's: Multi-ply <em>LVL</em> beams may be used in lieu ... loads only 10'-4" — 2X6 D.F.2 22'-3" <em>11-78</em>"TJ1210 W    W        Z ...~fides_delim~totalcount
11-78 lvl~fides_delim~https://www.fs.usda.gov/Internet/FSE_DOCUMENTS/stelprdb5400598.pdf~fides_delim~Clearwater NatisnaB Fsaest - USDA Forest Service~fides_delim~<em>LVL</em> PW (CD) ... assessment (Adams and Haynes, 1980). <em>11-78</em> ... <em>LVL</em> PM m BENEF”S. 0 COSTS. C 0 E El F G H 1 J &amp;,. ALTERNATIVES.~fides_delim~totalcount
11-78 lvl~fides_delim~https://m.facebook.com/MisfitToysAutism/videos/480329766569994/?locale2=sy_SY~fides_delim~Misfit Toys Car Club was live. - Facebook~fides_delim~2022 Sep <b>11 · 78</b> views. 00:07. 2022 Sep 11 · 99 views ... Next <b>LVL</b> Auto. Car dealership. ‎No photo description available.‎.~fides_delim~totalcount
11-78 lvl~fides_delim~https://www.supremecourt.gov/pdfs/journals/scannedjournals/1978_journal.pdf~fides_delim~OCTOBER TERM, 1978 - Supreme Court~fides_delim~V7W-l Hill M LlO, VyjJ-<em>Lvl</em>. Robert E. (Inlnm niis (in in. VVV-'l U.111 KJ LlOj V/llll_». Robert E. frOOGtrpp i^nlnml"vn&lt;5 Onin. Rohprt E. (^rOOGtrpp.~fides_delim~totalcount
11-78 lvl~fides_delim~http://libraryonline.erau.edu/online-full-text/ntsb/aircraft-accident-briefs/NTSB-AMM-80-06-OCR.pdf~fides_delim~NATIONAL ------ TRANSPORTATION SAFETY~fides_delim~BLOOD-ALCOHOL <em>LVL</em> 120MG%.AC~T FNU 4/10/78. 3-2024 6/<em>11/78</em>. LIRERTY,NC. TAYLORCRAFT BC12D. N96897. DAMAGE-SllBST ANT I AL.~fides_delim~totalcount
11-78 lvl~fides_delim~http://npgallery.nps.gov/pdfhost/docs/NRHP/Text/79000490.pdf~fides_delim~NATIONAL REGISTER OF HISTORIC PLACES INVENTORY~fides_delim~<em>lVl</em> , . .1 I . I i I . i. QUADRANGLE SCALE ... (<em>11/78</em>). UNITED STATES DEPARTMENT OF THE INTERIOR. HERITAGE CONSERVATION AND RECREATION SERVICE.~fides_delim~totalcount
11-78 lvl~fides_delim~https://online.flippingbook.com/view/289411/~fides_delim~في نقد تنظيم «القاعدة » - FlippingBook Online~fides_delim~1| ' $R "T% Lj$ ‡ b <em>L V     L   </em> 9 '8 . $ c p5 / ' )0 3 L 1 ' 1 'L 3 = “ 4 ... V2 L m 2 : 2 &gt; 2 ” ‰ <em>11 78</em> 9 2001 " ) 1 ( . - - $|$ $a 3/ V     T &amp; 0 # i œ£ ...~fides_delim~totalcount
11-78 lvl~fides_delim~https://gist.github.com/Vudentz/168ee48e0c081278fbce73bb6078232c~fides_delim~gist:168ee48e0c081278fbce73bb6078232c - gists · GitHub~fides_delim~00018580 26 <em>11 78</em> 59 a0 ae c2 a6 2d 3a b8 6b 8a 8b a0 88 |&amp;.xY....-:.k....| ... <em>l.V.l.</em>4.l|. 0001e610 27 d0 2d 6d f9 27 62 6d 53 3c 96 6d 14 0d ca 6d |'.-m.~fides_delim~totalcount
11-78 lvl~fides_delim~https://mht.maryland.gov/secure/medusa/PDF/Montgomery/M;%2027-16.pdf~fides_delim~~eviewer~-~prograti&#39; r - Maryland Historical Trust~fides_delim~Date Compiled <em>11/78</em>. 14. Designation. 15. Acreage .65 acre. Approval __ ... LA~/./lt.L. C.OMMV}.)1/'( r/?.EE (VlerHoot.SrcHU~CH f/<em>Lvl</em>:R.. SfR(IJG.~fides_delim~totalcount
11-78 lvl~fides_delim~https://ir.library.oregonstate.edu/downloads/q237j0236~fides_delim~AN ABSTRACT OF THE THESIS OF - Oregon State University~fides_delim~by MC Wind · 2021 · Cited by 1 — plywood, laminated veneer lumber (<em>LVL</em>), or similar to conventional cross-laminated timber (CLT). Often manufacturers, as well as users, ...~fides_delim~totalcount
11-78 lvl~fides_delim~https://www.amerhart.com/product/rollex-032-gauge-gutter-coil-11-78~fides_delim~Rollex .032 Gauge Gutter Coil - 11-7/8 - Amerhart~fides_delim~Engineered Wood; Engineered Wood Studs · Glulam · I-Joist · LSL · <em>LVL</em> · Rim Board · Foundation Protection. Foundation Protection; Drainage &amp; Waterproofing ...~fides_delim~totalcount
11-78 lvl~fides_delim~https://dnr.wi.gov/botw/DownloadBlobFile.do;jsessionid=BVUo_6JLVNR0alkcsStVXADpyY0c7-uLdAkqyuGbnN19m_gNQk4o!1346394211?docSeqNo=189365&docName=20201217_43_GW_Monitor_July_2020.pdf&docDsn=552193~fides_delim~TECHNICAL MEMO - Wisconsin DNR~fides_delim~\\scc‐server1\common\1‐Projects\Imogenes\Data\[FG Data Table ‐ Imogenes ‐ 14.1125.xlsx]Table 1 Water <em>Lvl</em> Elev ... 08/04/20 16:<em>11 78</em>-87-5.~fides_delim~totalcount
11-78 lvl~fides_delim~https://www.agcaustin.org/uploads/1/2/2/9/122909896/masterformat_2018_web.pdf~fides_delim~MasterFormat GROUPS, SUBGROUPS, AND ... - Austin AGC~fides_delim~Alternate Terms/Abbreviations: <em>LVL</em>: laminated veneer lumber. ... <em>11 78</em> 00. Mortuary Equipment. Includes: specialized equipment for the handling and.~fides_delim~totalcount
11-78 lvl~fides_delim~https://app.dcoz.dc.gov/Exhibits/2010/BZA/BZATmp1818/Exhibit4.pdf~fides_delim~BEN HAMLIN 1 Foundation Plan 2 - DCOZ App~fides_delim~OR USE <em>11 78</em>" TJI 560 @ 16" O.C.- ... 1.75X11.875 <em>LVL</em> UNDER. WALL. 20'-0" VIF ... <em>LVL</em>. BEAR ON (2)2X12. HEADER. 1. Foundation Plan. SCALE: 1/4" = 1'-0".~fides_delim~totalcount
11-78 lvl~fides_delim~https://www.dec.ny.gov/data/DecDocs/130009/Report.HW.130009.1999-07-26.Pilot_Study_Air_Sparging_Soil_Vapor_Extraction_Test.pdf~fides_delim~July 26, 1999 Mr. Joseph Jones Remedial Section A. Bureau ...~fides_delim~5'<em>11-78</em>-5. -E8-10-1. 75-09-2. Ethylbenzene ... STAT H20 <em>LVL</em>: 22'. SLOT SIZE: ,023. DRILLER : Todd Naugle ... STAT 220 <em>LVL</em>: 20'. SLOT SIZE:.~fides_delim~totalcount
11-78 lvl~fides_delim~https://www.playerup.com/tags/clash-royale-account/~fides_delim~clash royale account - PlayerUp~fides_delim~Selling Clash Royale <em>lvl</em> 10- 93 cards - 10 Emotes - 4079 Trophies ... Clash royale account - Level <em>11 - 78</em>/78 cards found - All ...~fides_delim~totalcount
11-78 lvl~fides_delim~https://issuu.com/the_anchor/docs/05.11.78~fides_delim~05.11.78 by The Anchor - Issuu~fides_delim~... M-M Vincent LeBlanc, Mercedes Lucas, Louise Mahoney, M-M Francis Maloney, Julia Martin, M-M James McLaughlin, M-<em>lVl</em> Joseph O&amp;#39;Connor, ...~fides_delim~totalcount
11-78 lvl~fides_delim~https://www.wowhead.com/wotlk/quest=5535/spiritual-unrest~fides_delim~Spiritual Unrest - Quest - WotLK Classic - Wowhead~fides_delim~The npc also gives this quest which is also attainable at <em>lvl</em> 45. ... <em>11,78</em>, right next to an alliance flightpoint, interestingly enough.~fides_delim~totalcount
11-78 lvl~fides_delim~https://www.fantasyjunction.com/uploads/documents/file/BINDER-1979.pdf~fides_delim~binder 1979 - Fantasy Junction~fides_delim~TO READ OIL <em>LVL</em>: KOTATE STICK 360° IN HOLE BEFORE EXTRACTING. ADD OIL- IPT ... GIL <em>LVL</em>: C ... TdF OVERHAUL <em>11/78</em>-6/79. SUMMARY.~fides_delim~totalcount
11-78 lvl~fides_delim~https://www.alamy.com/stock-photo/p-78.html?page=27~fides_delim~P 78 hi-res stock photography and images - Page 27 - Alamy~fides_delim~Absurdities ^V HV El oi—oi4 a LVC <em>LVL</em> a 14 02 a 2++ a vocx a /ZV + LOJ. -72 V + LiUa 140* 2/1/0 AQIIH1Q ... 73, <em>11, 78</em>). Stanis?aw Che?chowski (Wis?a II, ...~fides_delim~totalcount
11-78 lvl~fides_delim~ftp://ftp.census.gov/library/publications/decennial/1900/abstract/abstract-1904-p3.pdf~fides_delim~Abstract of the Twelfth Census: 1900~fides_delim~<em>11. 78</em>. 188. 48 46. 089. 642. 17·1. -13. 130. 439. 402. 4.47. 39. 29 47. 5,654. 3,596. 588. 232 l,2H8. 1,256. 1, 002. 2. 76. 105. ('). 4S. 1,519.~fides_delim~totalcount
11-78 lvl~fides_delim~http://www.cityofbandon.org/sites/default/files/fileattachments/general/meeting/1811/5.2.2_resolution_17-10_adopting_a_new_electric_rate_schedule_effective_december_1_2017.pdf~fides_delim~City of Bandon~fides_delim~<em>11 .78</em>. 11 .13 0.648879. Per Booster (mo) ... MOTION: Adopt Resolution No. 11-23. SUBMITIED BY: MATT' ¥IN EL, CIT1 <em>lVl</em> ANAGER ...~fides_delim~totalcount
11-78 lvl~fides_delim~https://thedocs.worldbank.org/en/doc/383981525383450137-0240021979/render/WorldBankGroupArchivesFolder30324187.txt~fides_delim~WorldBankGroupArchivesFolder...~fides_delim~27 OCR (<em>11 78</em>: M POR T ANT (PLEASE R EA D INSTR UCT Class o• Serv ce:_ LT To lex No : _ _ _ ., 0 START 1 HERE TO DIRECTOR GENERAL, ... '<em>lVl</em> Jngine leaflet.~fides_delim~totalcount
11-78 lvl~fides_delim~https://www.legis.iowa.gov/docs/publications/DF/1041510.pdf~fides_delim~CONTRACT - Iowa.gov~fides_delim~CONCRETE BEAM BRIDGE - NHS-029-3(106)48--<em>11-78</em> ... PROJECT NUMBDI NHS-029-31106)48-<em>11-78</em>. SHEET NUMllER 97 ... pv:\ \pl'QJ•c <em>lvl</em> t•.dot.1nt.~fides_delim~totalcount
11-78 lvl~fides_delim~https://www.jstor.org/stable/3689242~fides_delim~Back Matter - JSTOR~fides_delim~OR/M S <em>lVl</em> OPERATIONS RESE,. INDEX INTERFACES. Enclosed is my check for THE OR/MS ... Students only may DATE order INT and/or MOR at $4.50 each. <em>11/78</em> 5M.~fides_delim~totalcount
11-78 lvl~fides_delim~https://www.va.gov/vdl/documents/Clinical/Pharm-Inpatient_Med/PSJ_5_0_P399_nurse_um.pdf~fides_delim~INPATIENT MEDICATIONS NURSE&#39;S USER MANUAL~fides_delim~DOB: 12/<em>11/78</em> (42). Wt(kg): ______ (______). Sex: MALE. Admitted: 04/23/21 ... Danger <em>Lvl</em>: This order check is exported with a High clinical danger level.~fides_delim~totalcount
11-78 lvl~fides_delim~https://nepis.epa.gov/Exe/ZyPURL.cgi?Dockey=9100ICBJ.TXT~fides_delim~Central Florida Phosphate Industry, Volume III, Responses to ...~fides_delim~(Adopted 4/<em>11/78</em>). ... DORR-OLIVER INCORPORATED Thermal Processing Division Telephone: 203-348-5871 X774 <em>LVL</em>/vjl cc: Mr. R. L. Klaer, Dorr-Oliver-Atlanta f ...~fides_delim~totalcount
11-78 lvl~fides_delim~https://www.weston.org/DocumentCenter/View/16686/Glen-295-Hearing-Application-2018-PDF~fides_delim~Glen 295 Hearing Application 2018 (PDF) - Weston.org~fides_delim~(2) <em>11/78 LVL</em> FLUSH. 2X8 PT LEDGER WITH (3) 4" LEGERLOK 16" OC. 17'-5 1/4". 3'-6". 11 7/8 TJI 200. 16" dc. HU412. BEAM 9. (3) 11 7/8 LVL ...~fides_delim~totalcount
11-78 lvl~fides_delim~https://merge-mansion.fandom.com/wiki/Pool_Area~fides_delim~Pool Area | Merge Mansion Wiki - Fandom~fides_delim~~fides_delim~totalcount
11-78 lvl~fides_delim~https://agriculture.ec.europa.eu/document/download/4d25aa22-0812-4ceb-992c-38d52d5ca082_en?filename=direct-aid-indicative-figures-2007_en.pdf~fides_delim~direct-aid-indicative-figures-2007_en.pdf~fides_delim~<em>LVL</em>: 0.699033, PLN: 3.799701, SKK: 33.687386 ... CZK: 27.945333, DKK: 7.452067, EEK: 15.646599, HUF: 231.341806, <em>LVL</em>: 0.699033, ... <em>11,78</em>% 22,31%.~fides_delim~totalcount
11-78 lvl~fides_delim~https://legacy-assets.eenews.net/open_files/assets/2021/06/21/document_ew_01.pdf~fides_delim~in the united states court of appeals~fides_delim~<em>11 78</em> 7 78 916789 7 7 7 !"#20$%. 212% ÿ'ÿ()*ÿ+,,-. ... <em>LVL</em> e1(I024,ÿV219EF*2Gÿ ?99'2+0,ÿ. C2'd5'16ÿW*6ÿ72*+6(1661'+ÿ/,690(=ÿ.<em>LVL</em>.~fides_delim~totalcount
11-78 lvl~fides_delim~http://bubbleblastsolutions.blogspot.com/2011/07/bubble-blast-2-pack-11-level-solutions.html~fides_delim~Bubble Blast 2 pack 11 level solutions!~fides_delim~<em>11-78</em>: 2-3, 2-5, 4-3, 4-3 // 3-3, 3-5, 4-3, 4-3 user contribution! ... <em>Lvl</em> 83 is wrong but the comment with like 30 to 90 has the correct ...~fides_delim~totalcount
11-78 lvl~fides_delim~https://www.hapeville.org/AgendaCenter/ViewFile/Item/5338?fileID=2456~fides_delim~3384 North Fulton Avenue - hapeville.org~fides_delim~<em>LVL</em> Beam sitting on 6x6 post w/ 18" x 24" footing ... (3) 1 3/4" x 11 1/4" <em>LVL</em>. 6x6 Post ... <em>11 78</em> FLOOR JOIST WITH. OC SPACING PER PLAN.~fides_delim~totalcount
11-78 lvl~fides_delim~https://ntrs.nasa.gov/api/citations/19780021179/downloads/19780021179.pdf~fides_delim~NlASA Ci - NASA Technical Reports Server~fides_delim~KSC <em>LVL</em> III. KSC. BUILDUP. ISC. SPACELAB. LEVEL V. TASSEMBLY. <em>LVL</em> l1/i1 ... <em>11 78</em>. C-4. 26.33. 9 58 3.70 1 23. 13.02 4.44. 10 05 3 30 53 10.~fides_delim~totalcount
11-78 lvl~fides_delim~https://repository.library.noaa.gov/view/noaa/47427/noaa_47427_DS1.pdf~fides_delim~annual report - the NOAA Institutional Repository~fides_delim~7/<em>11/78</em>. 5747N. 17315W. KAJUN MARU NO. 52. 7/11/7:::: 5::::::2N. 1732:::W ... (<em>lvl</em> Bering Sea Di,tricL Berln11 Sea. Elizabeth. &lt;59'9"12"".~fides_delim~totalcount
11-78 lvl~fides_delim~http://www.tc.faa.gov/its/worldpac/techrpt/rd77-117.pdf~fides_delim~7Se -- r/l/f --; 17- 1&#39;( - William J. Hughes Technical Center~fides_delim~by MR Brashears · 1977 · Cited by 4 — of-sight velocity component,<em>lvl</em> cosS. Some typical advantages of the laser. Doppler method are: (1) the Doppler shift is a ... 3/<em>11/78</em>. TABLE: PIT. 1Cl270.~fides_delim~totalcount
11-78 lvl~fides_delim~https://www.yugioh-card.com/oc/events/detail.php?id=6842&type=store&selected_country=Portugal~fides_delim~Rokket Revolt Launch Event | Yu-Gi-Oh! TRADING CARD GAME~fides_delim~~fides_delim~totalcount
11-78 lvl~fides_delim~https://arxiv.org/pdf/1207.0528~fides_delim~arXiv:1207.0528v2 [cond-mat.supr-con] 15 Feb 2013~fides_delim~by Z Stegen · 2012 · Cited by 1 — this a layered vortex liquid (<em>LVL</em>) state; it is essentially ... <em>11,78</em>. Along with other recent work14,15, our results suggest.~fides_delim~totalcount
11-78 lvl~fides_delim~https://www.govinfo.gov/content/pkg/CZIC-ht393-m2-c66-1978/html/CZIC-ht393-m2-c66-1978.htm~fides_delim~management plan for the unregistered coastal islands of ...~fides_delim~... 19900511 Used: 19800205 S Type: a Sib <em>LvL</em>: m Source: d Lang: eng Repr: Enc <em>Lvl</em>: I Conf ... 50 94 br&amp; @4,9 1 81 33 133 <em>11; 78</em> 42 -..5 C "IA " 4 " @(D; ...~fides_delim~totalcount
11-78 lvl~fides_delim~http://git.openembedded.org/openembedded/plain/recipes/arpwatch/files/ethercodes.dat~fides_delim~ethercodes.dat~fides_delim~... Inc. 0:<em>11:78</em> Chiron Technology Ltd 0:11:79 Singular Technology Co. ... Inc. 0:2:bb Continuous Computing 0:2:bc <em>LVL</em> 7 Systems, Inc. 0:2:bd Bionet Co., ...~fides_delim~totalcount
11-78 lvl~fides_delim~https://cityofukiah.com/wp-content/uploads/2022/06/Talmage-Road-DEIR-Appendices.pdf~fides_delim~Talmage-Road-DEIR-Appendices.pdf - City of Ukiah~fides_delim~24 (23) <em>11 78</em> (54) 73 12 (29) 16. 11 (19) 11. 473 (401) 308. 263 (325) 402. 435 (418) 358. 54 (46) 57 ... 101 Snd <em>Lvl</em>. 101 Snd <em>Lvl</em>. ~10 ' Snd <em>Lvl</em> •.~fides_delim~totalcount
11-78 lvl~fides_delim~https://www.nj.gov/dca/njht/documents/programs/preservenj/CSI_CODES.pdf~fides_delim~MasterFormat GROUPS, SUBGROUPS, AND ... - NJ.gov~fides_delim~Alternate Terms/Abbreviations: <em>LVL</em>: laminated veneer lumber. ... <em>11 78</em> 00. Mortuary Equipment. Includes: specialized equipment for the handling and.~fides_delim~totalcount
11-78 lvl~fides_delim~https://ia803004.us.archive.org/26/items/TownReport1916a/Town%20Report%201916.PDF~fides_delim~Selectmen&#39; s Report~fides_delim~11 85 N. <em>lVL</em> Burr, groceries to Conant family ... <em>11 78</em> Gladys Jones, teaching. 11 79 J. II. Davis for Mollie Chase, teach-.~fides_delim~totalcount
11-78 lvl~fides_delim~https://www.utsystem.edu/sites/default/files/offices/board-of-regents/board-meetings/dockets/6-89-1978.pdf~fides_delim~June 1978 - Docket - UT System~fides_delim~'YHE tJN <em>lVl</em>:l&lt;S 141'Y OF '\'I:X:IS ;\Is ;\[J:;lm 1 N. June 9, 1978. SPECIAL PARAGRAPHS ... Contract Period: 4/<em>11/78</em> - 5/10/79.~fides_delim~totalcount
11-78 lvl~fides_delim~https://www.crossfit.com/workout/2008/11/30~fides_delim~Forging Elite Fitness: Sunday 081130 - CrossFit~fides_delim~Squats: 10,10,9,9,9, 10,10, <em>11 = 78</em>. Total = 247 ... wu=30 min stairs at home <em>lvl</em> 8 prog, still sour from KB class at Equinox yesterday 487 64/155/91/177~fides_delim~totalcount
11-78 lvl~fides_delim~https://www.math.uh.edu/~climenha/doc/osu-srb.pdf~fides_delim~SRB measures, unstable nanifolds, - and effective hyperbolicity~fides_delim~weaker dynamics: 1Dfx (v)| = Ce² = <em>lvl</em>, ... 2 n <em>11 78</em> 30. น. * exgedic component of μ is an SRB measure. How to produce in? Need pairs (x, n) Exx N s.t..~fides_delim~totalcount
11-78 lvl~fides_delim~https://new.azwater.gov/sites/default/files/Bulletin%202.pdf~fides_delim~BUREAU OF GEOLOGY AND MINERAL TECHNOLOGY~fides_delim~10-<em>11-78</em>. 1650. 29. 12-13-78. 1345 ... 12-<em>11-78</em>. 1540. 3.3. 01-15-79 ... <em>lvl</em>. I1Q"',~. ('\2/2 7 /191,. 1&lt;·,10..2. , q7 ~. uS.OII. Ob/2?/147~.~fides_delim~totalcount
11-78 lvl~fides_delim~https://edocs.deq.nc.gov/WasteManagement/DocView.aspx?id=1588306&dbid=0&repo=WasteManagement~fides_delim~6001_Mecklenburg_Harrisburg_...~fides_delim~<em>lVl</em>, i f  N I- I - - p &gt; 21 CID f,n  m  a  CL Av z   n :d  m  (e 13 W  A  ' rn m ... 14:11 156-60-5 1,2-Dichloropropene ND ug/L 1.0 1 06/18/21 14:<em>11 78</em>-87-5 ...~fides_delim~totalcount
11-78 lvl~fides_delim~https://jonathanlewis.files.wordpress.com/2009/05/hints_on_hints.pdf~fides_delim~Hints (definition 2) - WordPress.com~fides_delim~token=921 org=1 <em>lvl</em>=2 txt=USE_CONCAT (8) ). Page 6. 6. Hints on Hints. <em>11 / 78</em>. Jonathan Lewis. © 2008 - 2009. Ignoring hints – 8 select /*+ use_concat */.~fides_delim~totalcount
11-78 lvl~fides_delim~https://summitcounty.org/DocumentCenter/View/3559~fides_delim~staff report - Summit County~fides_delim~Ill I &lt;4&gt; 13,4 x <em>11 78</em>•. ~7~rtJJf:F===;==~=#I:{"=t~soLID BLOCKING REQUIRED. <em>LVL</em> BEAM--........_ b w. FRAMING ANCHOR AT. 'e: <em>LVL</em> BEAM.~fides_delim~totalcount
11-78 lvl~fides_delim~https://mostateparks.com/sites/mostateparks/files/Fulton%20Survey%202.pdf~fides_delim~1 902, 191 0 Photographic Information - Missouri State Parks~fides_delim~Photographer: T. Van Dyke, 7/<em>11/78</em> ... 44 Oe%c:<em>lvl</em>~on of Envlronmenl and Oufbuildinao Driveway shared with 509; garage to the rear.~fides_delim~totalcount
11-78 lvl~fides_delim~https://share.mo.gov/nr/mgs/MGSData/Books/Water%20Resources/Groundwater%20Level%20Data%20for%20Missouri%201985%20-%201986/WR37.pdf~fides_delim~Groundwater Level Data for Missouri 1985-1986~fides_delim~<em>11. 78</em>. 11 .47. 11 . 12. 10 . 82. 10 , 48. 10. <em>11. 78</em>. 1J. 46. 11. 15. 1 0 . 78. 10 .44 ... <em>lvl</em>.H. 101. C). ,o,." 10·.• •. 1u,. u. 10".J:.~fides_delim~totalcount
11-78 lvl~fides_delim~https://records.garfield-county.com/WebLink/0/edoc/3547712/1.01%20Sketch%20plan.pdf~fides_delim~SKETCH PLAN FOR MAHAN PROPERTI ES SU BDI VI SI ON ...~fides_delim~<em>11 '. 78</em> "ET' ... TC~Al 'W],13ER CF <em>IIDlvlDUAL</em> CWEll'''G l \1 'S. PROPOSE) FOR EAC~ STRUC~JRE -. -;-C~AL ~,L~IBE:;; JF OF" S~REET ~ARKI"G SPACES.~fides_delim~totalcount
11-78 lvl~fides_delim~https://gamefaqs.gamespot.com/pc/370600-diablo-ii-lord-of-destruction/faqs/28901~fides_delim~Diablo II: Lord of Destruction - Barbarian Guide Guide - PC~fides_delim~... 58 76 14 8 63 84 15 9 68 92 16 10 73 100 17 <em>11 78</em> 108 17 12 83 116 18 13 88 124 ... OK say your barb has 100 strength at <em>lvl</em> 60 (which, ...~fides_delim~totalcount
11-78 lvl~fides_delim~https://www.joesandbox.com/analysis/721619/1/html~fides_delim~Automated Malware Analysis Report for #U00d6deme belgesi ...~fides_delim~... 99 f1 82 bd 6b 7d 18 89 91 5c 17 a9 de 30 31 07 6e 45 30 78 33 1b 15 f6 04 <em>11 78</em> f7 26 6a ... Data Ascii: <em>Lvl</em>&lt;0P-lQA!o(LR`V)e~zKdGdvbjX't4+7HDg H(Lw9{&lt; ...~fides_delim~totalcount
11-78 lvl~fides_delim~https://psycnet.apa.org/record/2014-19596-016~fides_delim~Multicultural competence in geropsychology. - APA PsycNET~fides_delim~by DA Chiriboga · 2015 · Cited by 5 — BMC Health Services Research, <em>11, 78</em>. ... Retrieved from http://minorityhealth.hhs.gov/templates/browse.aspx?<em>lvl</em>=2&amp;lvlID=11; Patient-Centered Outcomes ...~fides_delim~totalcount
11-78 lvl~fides_delim~http://post330.org/Graves.pdf~fides_delim~Graves Page 1 of 102 02/28/2017 Last Name First Name Date ...~fides_delim~<em>Lvl</em> 6. Buros. John J. 11/16/92. Calumet Park ... 05/<em>11/78</em>. Holy Cross ... <em>Lvl</em> E. 1. Percak. Leonard P. 06/29/12. Holy Cross.~fides_delim~totalcount
11-78 lvl~fides_delim~https://rzjets.net/aircraft/?page=5&typeid=193~fides_delim~Beech KingAir production list - RZJets~fides_delim~~fides_delim~totalcount
