11011 crenshaw blvd~fides_delim~https://www.loopnet.com/property/11011-crenshaw-blvd-inglewood-ca-90303/06037-4031012011/~fides_delim~11011 Crenshaw Blvd, Inglewood, CA 90303 - LoopNet~fides_delim~View information about <em>11011 Crenshaw Blvd</em>, Inglewood, CA 90303. See if the property is available for sale or lease. View photos, public assessor data, ...~fides_delim~totalcount
11011 crenshaw blvd~fides_delim~https://www.mapquest.com/us/california/medical-management-center-356087635~fides_delim~Medical Management Center - 11011 Crenshaw Blvd~fides_delim~Get directions, reviews and information for Medical Management Center in Inglewood, CA. You can also find other Health Services on MapQuest.~fides_delim~totalcount
11011 crenshaw blvd~fides_delim~https://www.propertyshark.com/mason/Property/15557682/11011-Crenshaw-Blvd-Inglewood-CA-90303/~fides_delim~11011 Crenshaw Blvd, Inglewood~fides_delim~This Office Building - One Story (1700) located at <em>11011 Crenshaw Boulevard</em>, Inglewood, CA 90303 has a total of 8,200 square feet.~fides_delim~totalcount
11011 crenshaw blvd~fides_delim~https://www.trulia.com/p/ca/inglewood/11011-crenshaw-blvd-inglewood-ca-90303--2077739632~fides_delim~11011 Crenshaw Blvd, Inglewood, CA 90303~fides_delim~<em>11011 Crenshaw Blvd</em> is in Inglewood, CA and in ZIP code 90303. This property was built in 1960. Home Highlights. Year Built. 1960. Parking. No Info.~fides_delim~totalcount
11011 crenshaw blvd~fides_delim~https://seniorcarefinder.com/providers/9436/ca/inglewood/precautionary-home-health-services-inc~fides_delim~Precautionary Home Health Services Inc~fides_delim~<em>11011 Crenshaw Blvd</em> Suite 203. Inglewood, CA 90303 (323) 241-1150. Send Message. Claim Listing. Send Message. Share. AddThis Sharing Buttons.~fides_delim~totalcount
11011 crenshaw blvd~fides_delim~https://hcai.ca.gov/facility/precautionary-home-health-services-inc/~fides_delim~Precautionary Home Health Services, Inc.~fides_delim~Address: <em>11011 Crenshaw Blvd</em> Inglewood, CA 90303; HCAI ID: 406194987; Facility License Type: Home Health Agency; License Category: Home Health Agency.~fides_delim~totalcount
11011 crenshaw blvd~fides_delim~https://www.healthgrades.com/providers/john-fisher-3y64v~fides_delim~John Fisher, CHIRMD - Chiropractor in Inglewood, CA~fides_delim~What is John Fisher, CHIRMD's office address? John Fisher's office is located at 11161 <em>Crenshaw Blvd</em> Ste 150, Inglewood, CA 90303. You can find other locations ...~fides_delim~totalcount
11011 crenshaw blvd~fides_delim~https://www.waze.com/live-map/directions/us/ca/inglewood/wilak-financial?to=place.ChIJt3olkW22woARFYo9m9yXk3A~fides_delim~Driving directions to Wilak Financial, 11011 Crenshaw Blvd ...~fides_delim~Realtime driving directions to Wilak Financial, <em>11011 Crenshaw Blvd</em>, Inglewood, based on live traffic updates and road conditions – from Waze fellow ...~fides_delim~totalcount
11011 crenshaw blvd~fides_delim~https://www.yellowpages.com/inglewood-ca/mip/medical-management-center-510957424~fides_delim~Medical Management Center - Inglewood, CA 90303~fides_delim~Details. Phone: (310) 677-7997. Address: <em>11011 Crenshaw Blvd</em>, Inglewood, CA 90303. People Also Viewed. Professional Business. 828 W Beach Ave, Inglewood, ...~fides_delim~totalcount
11011 crenshaw blvd~fides_delim~https://www.seniorcare.com/home-care/ca/inglewood/precautionary-home-health-services/8915/~fides_delim~Precautionary Home Health Services in Inglewood, CA~fides_delim~<em>11011 CRENSHAW BLVD</em> SUITE 203. Inglewood, CA 90303. Phone: (323) 241-1150. Ownership type: VOLUNTARY NON-PROFIT - OTHER Date certified: 04/01/1997.~fides_delim~totalcount
11011 crenshaw blvd~fides_delim~https://m.yelp.com/biz/wilak-financial-corporation-inglewood~fides_delim~WILAK FINANCIAL CORPORATION - Request Information~fides_delim~Wilak Financial Corporation is located at <em>11011 Crenshaw Blvd</em>, Inglewood, CA. Is this your business? Respond to reviews and customer messages. Claiming is free, ...~fides_delim~totalcount
11011 crenshaw blvd~fides_delim~https://m.yelp.com/biz/a-plus-technology-inglewood~fides_delim~A Plus Technology - Inglewood, CA~fides_delim~A Plus Technology is located at <em>11011 Crenshaw Blvd</em>, Inglewood, CA. Is this your business? Respond to reviews and customer messages.~fides_delim~totalcount
11011 crenshaw blvd~fides_delim~https://dola.com/venues/11011-crenshaw-blvd~fides_delim~11011 Crenshaw Blvd - Los Angeles - DoLA~fides_delim~Check out the event calendar for <em>11011 Crenshaw Blvd</em> in Los Angeles, along with artist, ticket and venue information, photos, videos, and address.~fides_delim~totalcount
11011 crenshaw blvd~fides_delim~https://foursquare.com/v/dr-fisher/5a6ba219088158386cb37e10~fides_delim~Dr. Fisher - Inglewood, CA~fides_delim~<em>11011 Crenshaw Blvd</em> Inglewood, CA 90303. United States. Get directions. See More. United States » Los Angeles County » Inglewood » ...~fides_delim~totalcount
11011 crenshaw blvd~fides_delim~https://www.superpages.com/bp/inglewood-ca/medical-management-center-L2711534810.htm~fides_delim~11011 Crenshaw Blvd, Inglewood, CA 90303~fides_delim~Get reviews, hours, directions, coupons and more for Medical Management Center. Search for other Medical Business Administration on The Real Yellow Pages®.~fides_delim~totalcount
11011 crenshaw blvd~fides_delim~https://www.healthcare4ppl.com/home-health/california/inglewood/precautionary-home-health-services-inc-557790.html~fides_delim~Precautionary Home Health Services Inc~fides_delim~Occupational Therapy; Speech Pathology; Medical Social; Home Health Aide. Contact Info. <em>11011 Crenshaw Blvd</em> Suite 203, Inglewood, ...~fides_delim~totalcount
11011 crenshaw blvd~fides_delim~http://globalelectric.us/contact-us/~fides_delim~Contact Us - Global Electric~fides_delim~760 E. Debra Ln, Anaheim, CA 92805; <em>11011 Crenshaw Blvd</em>. Ste 102, Inglewood, CA 90303; OC Phone: (714) 619-5225; LA Phone: (310) 400-5831 ...~fides_delim~totalcount
11011 crenshaw blvd~fides_delim~https://www.loc8nearme.com/california/inglewood/wilak-financial/4778538/~fides_delim~Wilak Financial - 11011 Crenshaw Blvd, Inglewood CA ...~fides_delim~Wilak Financial at <em>11011 Crenshaw Blvd</em>, Inglewood CA 90303 - ⏰hours, ✓address, map, ➦directions, ☎️phone number, customer ratings and comments.~fides_delim~totalcount
11011 crenshaw blvd~fides_delim~https://www.eventbrite.com/e/tedxcrenshaw-salon-strength-of-returning-citizensmaking-the-second-chance-tickets-337334224747~fides_delim~Strength of Returning Citizens:Making the Second Chance ...~fides_delim~... Salon- Strength of Returning Citizens:Making the Second Chance - Saturday, June 11, 2022 at <em>11011 Crenshaw Blvd</em>, Inglewood, CA.~fides_delim~totalcount
11011 crenshaw blvd~fides_delim~https://www.fastpeoplesearch.com/address/11011-crenshaw-blvd-unit-102_inglewood-ca-90303~fides_delim~11011 Crenshaw Blvd, Unit 102 Inglewood CA 90303~fides_delim~Fast and FREE public record search on <em>11011 Crenshaw Blvd</em> Unit 102 Inglewood CA 90303. Get contact info for current residents. View their latest public ...~fides_delim~totalcount
11011 crenshaw blvd~fides_delim~https://flexfinders.com/losangeles/property/All-In-Coworking-of-Inglewood-Inglewood,1704.html~fides_delim~Flex space: All In Coworking of Inglewood~fides_delim~Claim &amp; promote this listing! All In Coworking of Inglewood - Inglewood. <em>11011 Crenshaw Blvd</em> Inglewood, CA 90303. Inglewood. Office. Contact this center~fides_delim~totalcount
11011 crenshaw blvd~fides_delim~https://opencorporates.com/companies/us_ca/201913510612~fides_delim~MEDICAL MANAGEMENT CENTER LLC. :: California (US)~fides_delim~Free and open company data on California (US) company MEDICAL MANAGEMENT CENTER LLC. (company number 201913510612), <em>11011 CRENSHAW BLVD</em>.~fides_delim~totalcount
11011 crenshaw blvd~fides_delim~https://www.realtor.com/realestateagency/589e3922b08f39001056b44b~fides_delim~Wilak Financial Real Estate Agency in INGLEWOOD, CA~fides_delim~About Wilak Financial. Wilak Financial hasn't provided a bio yet.... Show More. Company Address: <em>11011 CRENSHAW BLVD</em> STE 202. INGLEWOOD, CA 90303.~fides_delim~totalcount
11011 crenshaw blvd~fides_delim~https://medical-services.cmac.ws/medical-management-center/77299/~fides_delim~Medical Management Center~fides_delim~Location details, hours, ratings, payment options, links and more for Medical Management Center at <em>11011 Crenshaw Blvd</em>, Inglewood, CA.~fides_delim~totalcount
11011 crenshaw blvd~fides_delim~https://pharmacy-near-me.com/pharmacy/simisola-pharmacy-90303-11011-crenshaw-blvd-suite-102-inglewood-ca-90303-1730274903/~fides_delim~SIMISOLA PHARMACY 11011 Crenshaw Blvd, SUITE 102 ...~fides_delim~SIMISOLA PHARMACY - Pharmacy Open Hours, Phone, Reviews &amp; Information: <em>11011 Crenshaw Blvd</em>, SUITE 102, Inglewood, CA 90303.~fides_delim~totalcount
11011 crenshaw blvd~fides_delim~https://grantsforseniors.org/home-care/inglewood-ca/precautionary-home-health-services-inc/~fides_delim~Precautionary Home Health Services Inc~fides_delim~Its address is <em>11011 Crenshaw Blvd</em> Suite 203. Type of ownership is . Precautionary Home Health Services Inc offers nursing care, physical therapy services, ...~fides_delim~totalcount
11011 crenshaw blvd~fides_delim~https://www.buzzfile.com/business/Medical-Management-Center-Llc.-310-677-7997~fides_delim~Medical Management Center Llc. in Inglewood, CA~fides_delim~Medical Management Center Llc. <em>11011 Crenshaw Blvd</em> Inglewood, CA 90303. Contact: Thadeus Jones.~fides_delim~totalcount
11011 crenshaw blvd~fides_delim~https://www.volunteermatch.org/search/org889676.jsp~fides_delim~ALL IN Coworking of Inglewood volunteer opportunities~fides_delim~Location. <em>11011 CRENSHAW BLVD</em>STE 102INGLEWOOD, CA 90303 United States. Are You an. Organization Admin? Share. Personal_Logo.~fides_delim~totalcount
11011 crenshaw blvd~fides_delim~https://opennpi.com/provider/1578614087~fides_delim~Precautionary Home Health Services~fides_delim~The National Provider Identifier (NPI) is #1578614087. The practice address is <em>11011 Crenshaw Blvd</em>, Suite 203, Inglewood, CA 90303-6330, US. Published on ...~fides_delim~totalcount
11011 crenshaw blvd~fides_delim~https://www.vitals.com/chiropractors/1z3t1g/john-fisher~fides_delim~Dr. John Luther Fisher, DC - Inglewood, CA~fides_delim~We are sorry, it looks like we don't have insurance information. Please call John Luther Fisher's office for more information. 11161 <em>Crenshaw Blvd</em> Ste 150 ...~fides_delim~totalcount
11011 crenshaw blvd~fides_delim~https://losangeles.networkofcare.org/pr/services/medicare-home-health-detail.aspx?pn=557790~fides_delim~precautionary home health services inc - Los Angeles~fides_delim~PRECAUTIONARY HOME HEALTH SERVICES INC - <em>11011 CRENSHAW BLVD</em> SUITE 203 INGLEWOOD, CA 90303 Los Angeles County, California.~fides_delim~totalcount
11011 crenshaw blvd~fides_delim~https://www.manta.com/c/mtxc3lb/medical-management-center~fides_delim~Medical Management Center LLC - Inglewood, CA~fides_delim~Medical Management Center LLC; <em>11011 Crenshaw Boulevard</em> # 101; Inglewood, CA 90303 · (310) 677-7997 · Map pin Get Directions. Similar Businesses.~fides_delim~totalcount
11011 crenshaw blvd~fides_delim~https://www.yasabe.com/en/inglewood-ca/d-1000001410130-law-offices-of-david-chesley-attorneys.html~fides_delim~Law Offices of David Chesley - Attorneys~fides_delim~<em>11011 Crenshaw Blvd</em>, Suite 102. Inglewood, CA. 90303. Directions · (424)-888-6080. +-. Leaflet | Map data © OpenStreetMap contributors, CC-BY-SA ...~fides_delim~totalcount
11011 crenshaw blvd~fides_delim~https://datagemba.com/b/v/us/inglewood/chiropractors/ChIJC2GoDHC2woARrQL5CnCizDA~fides_delim~Crenshaw Chiropractic - Chiropractors in Inglewood~fides_delim~<em>11011 Crenshaw Blvd</em> #101, Inglewood, CA 90303, United States. The Joint Chiropractic. 3358 W Century Blvd, Inglewood, CA 90303, United States ...~fides_delim~totalcount
11011 crenshaw blvd~fides_delim~https://www.mycaringplan.com/home-care/precautionary-home-health-services/~fides_delim~Precautionary Home Health Services in Inglewood, California~fides_delim~Call for pricing: (980) 890-6880. Precautionary Home Health Services. <em>11011 Crenshaw Blvd</em> Suite 203, Inglewood, CA 90303. Based on 0 reviews ...~fides_delim~totalcount
11011 crenshaw blvd~fides_delim~https://dlrplanning.com/contact-us~fides_delim~Contact Us - DLR Planning LLC~fides_delim~<em>11011 Crenshaw Blvd</em>, Ste 102, Inglewood, CA 90303. Hours. Monday - Friday: 8am-5pm. Saturday-Sunday: Closed. Call Us: (213) 503-9064 ...~fides_delim~totalcount
11011 crenshaw blvd~fides_delim~https://npino.com/home-health/1578614087-precautionary-home-health-services/~fides_delim~Precautionary Home Health Services in Inglewood, California~fides_delim~Address, <em>11011 Crenshaw Blvd</em> Suite 203, Inglewood, CA, 90303. Phone, (323) 241-1150. Services Offered, Nursing Care, Physical Therapy, ...~fides_delim~totalcount
11011 crenshaw blvd~fides_delim~https://www.acnconsult.org/Sys/PublicProfile/64351480/5615771~fides_delim~Crystal Whiteaker~fides_delim~Crystal Whiteaker. Founder and Inclusive Brand Consultant. Crystal Lily Creative. Visit Website · Email. <em>11011 Crenshaw Blvd</em>. Suite 102Inglewood, CA 90303 ...~fides_delim~totalcount
11011 crenshaw blvd~fides_delim~https://www.boomershub.com/home-care/california/inglewood/precautionary-home-health-services-inc~fides_delim~Precautionary Home Health Services - Inglewood, CA~fides_delim~Precautionary Home Health Services - INGLEWOOD, CA. location-icon <em>11011 CRENSHAW BLVD</em> SUITE 203, INGLEWOOD, CA. phone-icon (877) 409-0666 ...~fides_delim~totalcount
11011 crenshaw blvd~fides_delim~https://doctor.webmd.com/doctor/john-fisher-de2dabca-b931-4e8e-82a4-06a45dfe3ae3-overview~fides_delim~Dr. John Luther Fisher, DC - Inglewood, CA~fides_delim~11161 <em>Crenshaw Blvd</em> Ste 150. Inglewood,CA,90303. Tel: (310) 677-7997. SPECIALTIES. Chiropractor. PATIENT PREPARATION GUIDE. INSURANCE PLANS ACCEPTED.~fides_delim~totalcount
11011 crenshaw blvd~fides_delim~https://www.bizapedia.com/ca/minor-details-productions-llc.html~fides_delim~Minor Details Productions LLC in Inglewood, CA~fides_delim~The Registered Agent on file for this company is Terrina Elizabeth Scott and is located at <em>11011 Crenshaw Blvd</em>. Ste 102, Inglewood, CA 90303.~fides_delim~totalcount
11011 crenshaw blvd~fides_delim~https://www.caring.com/senior-living/adult-day-care/california/inglewood~fides_delim~The 10 Best Adult Day Care Services in Inglewood, CA for ...~fides_delim~<em>11011</em> S. <em>Crenshaw Blvd</em>., Inglewood, CA 90303. Get Pricing ... 120 W. El Segundo Blvd., Los Angeles, CA 90061 ... 14517 S. <em>Crenshaw Blvd</em>., Gardena, CA 90249.~fides_delim~totalcount
11011 crenshaw blvd~fides_delim~https://dexur.com/hha/611338/~fides_delim~Inglewood - All You Need To Know - Oct 2016 to Sep 2019~fides_delim~All you need to know about Precautionary Home Health Services Inc, Home Health Agency located at <em>11011 Crenshaw Blvd</em> Suite 203, Inglewood, CA, 90303 ...~fides_delim~totalcount
11011 crenshaw blvd~fides_delim~https://www.chamberofcommerce.com/united-states/california/inglewood/chiropractic-doctors/1335938288-dr-john-l-fisher-d-c~fides_delim~John L. Fisher, DC in Inglewood, CA 90303 - (310) 677-7997~fides_delim~Fisher, DC is located at <em>11011 Crenshaw Blvd</em> # 101 in Inglewood, California 90303. John L. Fisher, DC can be contacted via phone at (310) 677-7997 for pricing, ...~fides_delim~totalcount
11011 crenshaw blvd~fides_delim~https://happeningnext.com/event/on-the-block-small-business-block-party-eid4snso2vrb51~fides_delim~On The Block: Small Business Block Party~fides_delim~On The Block: Small Business Block Party happening at <em>11011 Crenshaw Blvd</em>, <em>11011 Crenshaw Boulevard</em>, Inglewood, United States on Sat Sep 25 ...~fides_delim~totalcount
11011 crenshaw blvd~fides_delim~https://opengovus.com/sam-entity/QNDVJUL62AZ9~fides_delim~A Plus Technology · Body, Villalobos~fides_delim~The registered business location is at <em>11011 Crenshaw Blvd</em> Ste 204, Inglewood, CA 90303-6339. The current status is Expired. The entity structure is 2J ...~fides_delim~totalcount
11011 crenshaw blvd~fides_delim~https://www.coworker.com/united-states/california/inglewood/all-in-coworking~fides_delim~Coworking Space at All In Coworking, Inglewood~fides_delim~Coworking Space All In Coworking. icon Verified icon Joined November 2020. icon <em>11011 Crenshaw Boulevard</em>, Inglewood, United States View on Map. Starting at ...~fides_delim~totalcount
11011 crenshaw blvd~fides_delim~https://www.zoominfo.com/c/all-in-coworking-of-inglewood/541013508~fides_delim~All In Coworking of Inglewood - Overview, News & ...~fides_delim~<em>11011 Crenshaw Blvd</em> Ste 102, Inglewood, California, 90303, United Stat... Phone Number. (214) 440-6717. Website. www.inglewoodcoworking.com. Revenue.~fides_delim~totalcount
11011 crenshaw blvd~fides_delim~https://taxreliefprofessional.com/california/inglewood~fides_delim~Inglewood, CA~fides_delim~Choose from 33 Enrolled Agents in Inglewood, CA. Top Enrolled Agents in Inglewood, CA. Akinyemi Akinwunmi. <em>11011 Crenshaw Blvd</em>, Inglewood, CA 90303.~fides_delim~totalcount
11011 crenshaw blvd~fides_delim~https://pharmacyfinder.rxlocal.com/pharmacyfinder/ca/inglewood/simisola-pharmacy~fides_delim~Simisola Pharmacy~fides_delim~See hours, services, reviews and more for Simisola Pharmacy located at <em>11011 Crenshaw Blvd</em> Ste 102, Inglewood, CA 90303.~fides_delim~totalcount
11011 crenshaw blvd~fides_delim~http://www.hipaaspace.com/medical_billing/coding/national_provider_identifier/codes/npi_1578614087.aspx~fides_delim~1578614087 NPI Number | PRECAUTIONARY HOME ...~fides_delim~... to the healthcare provider PRECAUTIONARY HOME HEALTH SERVICES, practice location address at <em>11011 CRENSHAW BLVD</em> SUITE 203 INGLEWOOD, CA, 90303-6330.~fides_delim~totalcount
11011 crenshaw blvd~fides_delim~https://www.allbiz.com/business/wilak-financial_3G-310-672-1620~fides_delim~Wilak Financial | (310) 672-1620 | Inglewood, California~fides_delim~Wilak Financial is located at <em>11011 Crenshaw Blvd</em>, Inglewood, CA 90303. Q5. Is there a primary contact for Wilak Financial? William A. Akinwumi ...~fides_delim~totalcount
11011 crenshaw blvd~fides_delim~https://www.taxbuzz.com/find-the-best-tax-preparer/california/inglewood/wilak-services-corporation~fides_delim~Inglewood CA Tax Preparation and Accounting~fides_delim~WILAK SERVICES CORPORATION; <em>11011 Crenshaw Blvd</em> Ste 202; Inglewood, CA 90303. 1 2 3 4 5 (not rated). write a review. To navigate, press the arrow keys.~fides_delim~totalcount
11011 crenshaw blvd~fides_delim~https://healthcarecomps.com/home-health/ca/?zip=90303~fides_delim~Home Health Care Near Inglewood, CA 90303~fides_delim~<em>11011 CRENSHAW BLVD</em> SUITE 203. INGLEWOOD, CA 90303. (323) 241-1150 ... 2222 W MANCHESTER BLVD SUITE B INGLEWOOD, CA 90305. (323) 751-7000 ...~fides_delim~totalcount
11011 crenshaw blvd~fides_delim~https://www.carepathways.com/ca/home-health-care-inglewood/services.cfm?medicare=557790~fides_delim~Precautionary Home Health Services Inc - Inglewood~fides_delim~Medicare certified agency located at <em>11011 Crenshaw Blvd</em> Suite 203 in Inglewood, CA 90303. Provider Number: 557790.~fides_delim~totalcount
11011 crenshaw blvd~fides_delim~https://www.disorders.org/therapists/california/inglewood-california/~fides_delim~Therapists in Inglewood, California~fides_delim~9800 S Lacienega Blvd Suite 200-27. Inglewood, California 90301 ... <em>11011 Crenshaw Blvd</em>, Suite 203. Inglewood, California 90303 ... 9800 S La Cienega Blvd~fides_delim~totalcount
11011 crenshaw blvd~fides_delim~http://www.wilakfinancial.com/mortgage-and-real-estate-services-contact-us~fides_delim~Real Estate | Contact Us - Wilak Financial Group~fides_delim~<em>11011 Crenshaw Blvd</em>., Ste. 202, Inglewood, California 90303. Phone: 310-672-1620 Email: info@wilakfinancial.com. Site Navigation.~fides_delim~totalcount
11011 crenshaw blvd~fides_delim~https://nicelocal.com/inglewood/medical/john_l_fisher_dc/~fides_delim~John L. Fisher, DC~fides_delim~CA 90303, <em>11011 Crenshaw Blvd</em> # 101. Leaflet | © MapTiler © OpenStreetMap contributors. Get directions. Maps for external applications ...~fides_delim~totalcount
11011 crenshaw blvd~fides_delim~https://www.kellysearch.com/listing/dr-linda-lacefield-dc-chiropractor-inglewood-ca/~fides_delim~Dr. Linda Lacefield, DC - Chiropractor | Inglewood, CA~fides_delim~Dr. Linda Lacefield, DC is rated as a top chiropractor in the Inglewood, CA area. Book an appointment at her practice located at <em>11011 Crenshaw Blvd</em> Ste 101 ...~fides_delim~totalcount
11011 crenshaw blvd~fides_delim~https://carelistings.com/home-health-agencies/inglewood-ca/precautionary-home-health-services-inc/5ace893293efd2372f9944af~fides_delim~Precautionary Home Health Services Inc - Inglewood, CA~fides_delim~2/5 stars. Medicare Star Ratings last updated November 22, 2021. Request Information. <em>11011 Crenshaw Blvd</em> Suite 203. Inglewood, CA 90303. View Phone Number.~fides_delim~totalcount
11011 crenshaw blvd~fides_delim~https://www.chesleylawyers.com/locations/inglewood-criminal-defense-attorneys-2/~fides_delim~Criminal Defense and DUI Lawyers & Attorneys Inglewood ...~fides_delim~<em>11011 Crenshaw Blvd</em>, Suite 102, ... 2370 S Robertson Blvd ... you over for driving erratically down West Century Boulevard or they picked you up on violent ...~fides_delim~totalcount
11011 crenshaw blvd~fides_delim~https://qualifiedwomen.com/ana/~fides_delim~Ana | Qualified~fides_delim~**If you choose to ship items, please be sure to include the mama's name. Shipping address: <em>11011 Crenshaw Blvd</em>., Ste 102, Inglewood, CA 90303 ...~fides_delim~totalcount
11011 crenshaw blvd~fides_delim~https://clustrmaps.com/d/CA/Inglewood/Crenshaw-Boulevard~fides_delim~Crenshaw Boulevard, Inglewood, California~fides_delim~<em>11011 Crenshaw Boulevard</em> Six persons, including Paulette Higgins and William Gaston, lived here in the past. Parcel owner name was listed as ...~fides_delim~totalcount
11011 crenshaw blvd~fides_delim~http://www.losangelestax.us/business/profile/129425/wilak-services~fides_delim~Wilak Services | Tax Preparer in Inglewood, CA~fides_delim~Location. <em>11011 Crenshaw Blvd</em> #202 Inglewood, CA 90303. Contact Information. To contact an individual or entity at Wilak Services who specialize in Tax Prep ...~fides_delim~totalcount
11011 crenshaw blvd~fides_delim~https://www.bizexposed.com/California-USA/C1/Real_Estate-Inglewood.php~fides_delim~Real Estate, Inglewood, California USA~fides_delim~<em>11011 Crenshaw Blvd</em>. Inglewood, California, USA. Tel. #: +1 310 680 0930. Nicholson Investment Group. 614 E Manchester Blvd. Inglewood, California, USA.~fides_delim~totalcount
11011 crenshaw blvd~fides_delim~https://www.cityofinglewood.org/Archive/ViewFile/Item/72~fides_delim~1993 Legacy Permit (PDF)~fides_delim~<em>11011 Crenshaw Blvd</em>. PERMIT #. PERMIT ADDRESS. APPLIED. ISSUED. FINALED. PARCEL #. 06/18/1993. 03/15/1993. 03/15/1993. BLARC-1993-03-00189. Job Description:.~fides_delim~totalcount
11011 crenshaw blvd~fides_delim~https://www.agingcare.com/local/adult-day-care/inglewood-ca~fides_delim~Adult Day Care Centers and Programs - Inglewood, CA~fides_delim~<em>11011 Crenshaw Boulevard</em> Inglewood, CA 90303. Find. In-Home Care, Assisted Living, Independent Living, Memory Care, Nursing Homes, Adult Day Care ...~fides_delim~totalcount
11011 crenshaw blvd~fides_delim~https://www.medicarelist.com/mental-health/das-care-inc-inglewood-ca/~fides_delim~Das Care, Inc. in Inglewood, CA - Counselor - Medicare List~fides_delim~The current practice location for Das Care, Inc. is <em>11011 Crenshaw Blvd</em>, Suite 204, Inglewood, California. For appointments, you can reach ...~fides_delim~totalcount
11011 crenshaw blvd~fides_delim~https://eintaxid.com/company/954769145-oyemekun-association-of-america-los-angeles-chapter/~fides_delim~Oyemekun Association Of America Los Angeles Chapter~fides_delim~Address Line, <em>11011 Crenshaw Blvd</em> Ste 202. City, Inglewood. State, California. Zip, 90303-6331. Tax Exemption Details for Oyemekun Association Of America ...~fides_delim~totalcount
11011 crenshaw blvd~fides_delim~https://www.vitadox.com/practice/leimert-park-inglewood-ca-90303/das-care-inc/rRXhHR2E9VPfzKPkzmDuSd~fides_delim~Das Care, Inc | Mental Health Counseling in Inglewood, CA~fides_delim~Das Care, Inc - Mental Health Counseling in Inglewood, CA at <em>11011 Crenshaw Blvd</em> - ☎ (310) 492-5677 - Book Appointments.~fides_delim~totalcount
11011 crenshaw blvd~fides_delim~https://www.lendersa.com/lenders/private-investor/ca/inglewood~fides_delim~1886 Private money Lenders lending in Inglewood, CA~fides_delim~Wilak Financial Corporation; <em>11011 Crenshaw Boulevard</em>, Suite 202, Inglewood, CA, 90303; Wilak Financial Group is a mortgage and real estate agency in ...~fides_delim~totalcount
11011 crenshaw blvd~fides_delim~https://www.notarypublicguide.com/notary_public_directory/ca_inglewood_notary_public.shtml~fides_delim~Notary Public Services in Inglewood, CA~fides_delim~Address: 3227 W Century Blvd Inglewood, CA 90303 ... Address: 239 E Manchester Blvd Inglewood, CA 90301 ... Address: <em>11011 Crenshaw Blvd</em> Suite 202~fides_delim~totalcount
11011 crenshaw blvd~fides_delim~https://www.realty.com/browse/home-value/CA/Inglewood~fides_delim~Property & Home Values Inglewood, California~fides_delim~<em>11011</em> Inglewood Ave Inglewood CA 90304 ... 620 W Hyde Park Blvd #202 Inglewood CA 90302 ... 8005 <em>Crenshaw Blvd</em> Inglewood CA 90305~fides_delim~totalcount
11011 crenshaw blvd~fides_delim~https://www.lapdonline.org/newsroom/martin-luther-king-day-parade-media-information-na11011kr/~fides_delim~Martin Luther King Day Parade Media Information ...~fides_delim~Martin Luther King Day Parade Media Information <em>NA11011kr</em> ... at Martin Luther King (MLK) Blvd at Western Ave; ending at <em>Crenshaw Blvd</em> and Vernon Ave.~fides_delim~totalcount
11011 crenshaw blvd~fides_delim~https://lastandardnewspaper.com/index.php/business/984-all-in-coworking-of-inglewood.html~fides_delim~ALL IN Coworking of Inglewood~fides_delim~Those who use the app should also benefit financially. That's what we've built.” ALL IN Coworking is located at <em>11011 Crenshaw Boulevard</em>. Visit ...~fides_delim~totalcount
11011 crenshaw blvd~fides_delim~https://vymaps.com/US/Wilak-financial-corporation-273011292841377/~fides_delim~Wilak financial corporation, California ((310) 672-1620)~fides_delim~<em>11011 Crenshaw Blvd</em> Ste 202, Inglewood, California 90303 | Tax Preparation Service, Accountant.~fides_delim~totalcount
11011 crenshaw blvd~fides_delim~https://www.carinsurancequotes-california.com/insurance-agent/Inglewood.html~fides_delim~Inglewood California Insurance Agent Directory~fides_delim~8611 Crenshaw Blvd Ste 210. Inglewood, CA 90305 • (310) 674-2212 ... 614 W Manchester Blvd Ste 202. Inglewood, CA 90301 • (310) 677- ... <em>11011 Crenshaw Blvd</em>~fides_delim~totalcount
11011 crenshaw blvd~fides_delim~https://ourweekly.com/news/2022/01/20/kolor-society-hosts-kolorcon-for-millennials-and-gen-x-generation/~fides_delim~Kolor Society hosts KolorCon for millennials and Gen X ...~fides_delim~The 11 a.m. to 4 p.m. KolorCon event, hosted by Kolor Society, will take place at All In Co-working, <em>11011 Crenshaw Blvd</em>. Suite 102, ...~fides_delim~totalcount
11011 crenshaw blvd~fides_delim~http://file.lacounty.gov/SDSInter/dmh/194175_FFSGroupRenderingProvidersAcceptingReferrals.pdf~fides_delim~Healthy Families - Groups 2013-04-29.xlsx~fides_delim~<em>11011 CRENSHAW BLVD</em>. STE 204. INGLEWOOD. CA. 90303. (323) 786-9757. 5 x x x x. Das Care, Inc. Emmanuel Akuamoah. LCSW. <em>11011 CRENSHAW BLVD</em>.~fides_delim~totalcount
11011 crenshaw blvd~fides_delim~https://rates.ladwp.com/location.aspx~fides_delim~Charging Stations Map~fides_delim~Crenshaw Customer Service Center. 4030 <em>Crenshaw Blvd</em>. Los Angeles, CA 90008 ... <em>11011</em> Fruitland Dr Studio City, CA 91604.~fides_delim~totalcount
11011 crenshaw blvd~fides_delim~https://seniorhomenearme.com/california/inglewood/c-h-residential-facility~fides_delim~C-H Residential Facility - Senior Home Near Me~fides_delim~<em>11011 Crenshaw Blvd</em> # 101, Inglewood, CA 90303 ... Better House Assisted Living. 11803 Casimir Ave, Hawthorne, CA 90250 ... Ahmen Residential Facility.~fides_delim~totalcount
11011 crenshaw blvd~fides_delim~https://orthopedic.io/prosthetic-orthotic/lerman-and-son-inc-inglewood-ca/~fides_delim~Lerman And Son Inc - Prosthetic &amp; Orthotic in Inglewood, CA~fides_delim~Address: <em>11011 Crenshaw Blvd</em>, Ste 102, Inglewood, CA Phone: 310-677-6522 Fax: 310-677-6562; Advanced Prosthetics Inc. Speciality: Prosthetic ...~fides_delim~totalcount
11011 crenshaw blvd~fides_delim~https://www.blackculturalevents.com/city/los-angeles-so-cal/event/tedxcrenshaw-salon-strength-of-returning-citizens-making-the-second-chance/~fides_delim~Strength of Returning Citizens: Making the Second Chance~fides_delim~Location: <em>11011 Crenshaw Boulevard</em>, Inglewood, CA 90303. Website: https://www.eventbrite.com/e/tedxcrenshaw-salon-strength-of-returning-citizensmaking-the- ...~fides_delim~totalcount
11011 crenshaw blvd~fides_delim~https://www.taxexemptworld.com/organizations/inglewood-ca-california.asp?spg=3~fides_delim~Nonprofit & 501C Organizations Inglewood, CA~fides_delim~(c/o WILLIAM AKINWUMI), <em>11011 CRENSHAW BLVD</em> STE 202. INGLEWOOD, CA 90303-6331, Charitable Organization; Educational Organization~fides_delim~totalcount
11011 crenshaw blvd~fides_delim~http://catalog.elcamino.edu/preview_course_nopop.php?catoid=7&coid=11011~fides_delim~GEOG 20 - Geography Field Studies - Acalog ACMS™~fides_delim~16007 <em>Crenshaw Blvd</em>. Torrance, CA 90506 · 1-866-ELCAMINO · Campus Map · Contact Us · Report a Website Issue. About El Camino.~fides_delim~totalcount
11011 crenshaw blvd~fides_delim~https://taxrpo.com/preparer/asondoh-tangwe-inglewood-ca/~fides_delim~Asondoh Richard Tangwe - Tax Preparer in Inglewood, CA~fides_delim~You can contact Asondoh Richard Tangwe at 8611 S <em>Crenshaw Blvd</em> Ste 210, Inglewood, CA or on (310) 419-9982. Complete Profile:.~fides_delim~totalcount
11011 crenshaw blvd~fides_delim~https://www.npinumberlookup.org/precautionary-home-health-services-inglewood-ca-1578614087~fides_delim~Precautionary Home Health Services – Inglewood, CA~fides_delim~Address: <em>11011 CRENSHAW BLVD</em> SUITE 203. Inglewood, CA 90303. Phone Number: 3232411150. Fax Number: 3232411155 ...~fides_delim~totalcount
11011 crenshaw blvd~fides_delim~https://www.torranceca.gov/home/showdocument?id=44938~fides_delim~contract design and - utility coordination~fides_delim~<em>11011</em>! F. AVE. BORDER. STORM DRAIN. CONNECTION. -DESCANSO. PARK. Q. 2720 SEPULVEDA <em>BLVD</em>. SUITE 100. TORRANCE, CA 90505. NEW 18". WATERMAIN. AVG. DEPTH 6'.~fides_delim~totalcount
11011 crenshaw blvd~fides_delim~https://npiprofile.com/npi/1598164782/similar~fides_delim~MARSHA CHINICHIAN MA Similar Providers Psychologist~fides_delim~1093052565, IM POSSIBLE YOUTH FOUNDATION, Organization, Marriage &amp; Family Therapist, <em>11011 CRENSHAW BLVD</em> SUITE 203. INGLEWOOD, CA 90303, Non-Participating ...~fides_delim~totalcount
11011 crenshaw blvd~fides_delim~https://www.b2byellowpages.com/company-information/08497492-wilak-financial.html~fides_delim~Wilak Financial | Inglewood, CA 90303 | 310-672-1620~fides_delim~Tax Return Preparation Services. ▻. Tenant Roster: In addition to Wilak Financial there are 5 other tenants located at <em>11011 Crenshaw Blvd</em> ...~fides_delim~totalcount
11011 crenshaw blvd~fides_delim~https://www.cylex.us.com/inglewood/notary%20public.html~fides_delim~Notary Public in Inglewood, CA ▷ Ask for free quotes~fides_delim~4900 W Century Blvd. 90304 Inglewood, CA ... 915 W Manchester Blvd, Suite 4. 90301 Inglewood, CA ... <em>11011 CRENSHAW BOULEVARD</em> SUITE 202.~fides_delim~totalcount
11011 crenshaw blvd~fides_delim~https://www.truepeoplesearch.com/find/person/pu86n9rur9n422n2rn40~fides_delim~Alexander Leyva Lives in Inglewood, California~fides_delim~11721 <em>Crenshaw Blvd</em> Inglewood, CA 90303. Los Angeles County (Aug 2006 - Dec 2022) ... <em>11011</em> S Truro Ave Inglewood, CA 90304. Los Angeles County~fides_delim~totalcount
11011 crenshaw blvd~fides_delim~https://nuwber.com/person/563a29a57686b0176bfadfe5~fides_delim~Moses U Anusiem from La Habra, CA - 941 Sandlewood Ave~fides_delim~Moses U Anusiem has moved numerous times. His previous addresses are as follows: <em>11011 Crenshaw Blvd</em>, Apt 202, Inglewood, CA, 90303-6331 · 8407 S Vermont ...~fides_delim~totalcount
11011 crenshaw blvd~fides_delim~https://www.findhelp.org/goods/clothing--inglewood-ca~fides_delim~clothing programs in Inglewood, ca~fides_delim~<em>11011 Crenshaw Boulevard</em>, Inglewood, CA 90303 ... 2040 W Jefferson Blvd, Los Angeles, CA 90018 ... 5514 Sepulveda Blvd, Culver City, CA 90230.~fides_delim~totalcount
11011 crenshaw blvd~fides_delim~https://www.apartments.com/11018-lemoli-ave-s-inglewood-ca/bzxw78b/~fides_delim~11018 Lemoli Ave S, Inglewood, CA 90303~fides_delim~Points of Interest ; Shopping Centers · 10925 <em>Crenshaw Blvd</em>. Walk: 4 min, 0.2 mi ; Parks and Recreation · Watts Senior Center &amp; Rose Garden. Drive: 10 min, 5.7 mi.~fides_delim~totalcount
11011 crenshaw blvd~fides_delim~https://www.redfin.com/CA/Inglewood/11001-Yukon-Ave-S-90303/home/6479043~fides_delim~11001 Yukon Ave, Inglewood, CA 90303~fides_delim~3 beds, 2 baths, 1048 sq. ft. house located at 11001 Yukon Ave, Inglewood, CA 90303 sold for $120000 on Dec 1, 1995. View sales history, tax history, ...~fides_delim~totalcount
11011 crenshaw blvd~fides_delim~https://www.topnpi.com/ca1871778472/dr-john-fisher~fides_delim~Dr. John Fisher, Chiropractic, Inglewood CA~fides_delim~Dr. John Fisher in Inglewood, CA. Dr. John Fisher specializes in chiropractic, practices at 11161 <em>Crenshaw Boulevard</em>, phone number, opening hours, ...~fides_delim~totalcount
11011 crenshaw blvd~fides_delim~https://thelocationportal.com/park-del-amo/~fides_delim~Park Del Amo~fides_delim~2355-2377 <em>Crenshaw Blvd</em>., Torrance, CA. Class A suburban office park located in Torrance; Two 3-story concrete and glass buildings; Easy access to 405 and ...~fides_delim~totalcount
11011 crenshaw blvd~fides_delim~https://www.rent.com/p/california/inglewood-apartments/darby-park~fides_delim~Apartments for rent near Darby Park, Inglewood, CA~fides_delim~Filter by Price · 8101 <em>Crenshaw Blvd</em> - Inglewood, CA.~fides_delim~totalcount
