112 pcr~fides_delim~https://www.lily-bearing.com/products/f4b-gtez-112-pcr/~fides_delim~F4B-GTEZ-112-PCR Standard Duty - Lily Bearing~fides_delim~F4B-GTEZ-<em>112</em>-<em>PCR</em> ; Housing Coating, NO COATING ; Shaft Size, 1.7500 IN ; Housing Material, Polymer ; End Cap Groove, YES ; Bearing Outer Ring Material, STEEL.~fides_delim~totalcount
112 pcr~fides_delim~https://www.ncbi.nlm.nih.gov/pmc/articles/PMC7776707/~fides_delim~112. Impact of Respiratory Viral PCR Panels (RVP ... - NCBI~fides_delim~by A Bilinskaya · 2020 — Impact of Respiratory Viral <em>PCR</em> Panels (RVP) and Serum Procalcitonin (PCT) on Antibiotic Days of Therapy (DOT) in Patients Admitted with Lower ...~fides_delim~totalcount
112 pcr~fides_delim~https://www.applied.com/c-brands/c-baldor/c-dodge/f4b-gtez-112-pcr/064584/p/101925794~fides_delim~Dodge | F4B-GTEZ-112-PCR | 064584 | Applied~fides_delim~F4B-GTEZ-<em>112</em>-<em>PCR</em>. 064584. Item #101925794. $454.33 each. 0 Available to Order This item typically ships in 5-7 business days but longer lead times could ...~fides_delim~totalcount
112 pcr~fides_delim~https://www.applied.com/c-c-dodge-f4bscez112pcr/p/101846772~fides_delim~Dodge | 057907 F4B-SCEZ-112-PCR (20 PC MIN)~fides_delim~057907 F4B-SCEZ-<em>112</em>-<em>PCR</em> (20 PC MIN). Item #101846772. each. Shipment Options. One Time Shipment. Auto-Replenish. Frequency.~fides_delim~totalcount
112 pcr~fides_delim~https://www.walkerindustrial.com/057907-DODGE-BEARINGS-p/057907.htm~fides_delim~DODGE 057907 F4B-SCEZ-112-PCR - Walker Industrial~fides_delim~... Mounted &gt; Ball Bearings, Inch &gt; Flange Assemblies, 4 Bolt Mounting (F4B Housing) &gt; Setscrew Shaft Attachment &gt; 057907 - DODGE 057907 F4B-SCEZ-<em>112</em>-<em>PCR</em> ...~fides_delim~totalcount
112 pcr~fides_delim~https://www.miamidade.gov/global/initiatives/coronavirus/covid19-location.page?Mduid_covid19-location=cov16026370807444~fides_delim~South Dade Government Center~fides_delim~The <em>PCR</em> test is completed with a swab of the front of the nose that is administered by health care professional; Results should arrive within 24 hours by ...~fides_delim~totalcount
112 pcr~fides_delim~https://www.zillow.com/homedetails/112-Pcr-458-Altenburg-MO-63732/233599872_zpid/~fides_delim~112 Pcr 458, Altenburg, MO 63732 | Zillow~fides_delim~<em>112 Pcr</em> 458, Altenburg, MO 63732 is currently not for sale. The -- sqft single family home is a -- beds, -- baths property. This home was built in null and ...~fides_delim~totalcount
112 pcr~fides_delim~https://genome.cshlp.org/content/2/2/112~fides_delim~Modeling of heteroduplex formation during PCR from mixtures ...~fides_delim~by G Ruano · 1992 · Cited by 84 — We have investigated the capability of <em>PCR</em> to amplify a specific locus from each template in a mixture of allelic ... doi: 10.1101/gr.2.2.<em>112</em> Genome Res.~fides_delim~totalcount
112 pcr~fides_delim~https://www.facebook.com/GCHD.WA/photos/a.923655541020063/4472227402829508/?type=3~fides_delim~Grant County Health District - GCHD is reporting 112 (PCR ...~fides_delim~GCHD is reporting <em>112</em> (<em>PCR</em> = 69, antigen = 43) additional cases of COVID-19 since our last update on August 16. Cases are from all areas in the county....~fides_delim~totalcount
112 pcr~fides_delim~https://www.uptodate.com/contents/mucormycosis-zygomycosis/abstract/112~fides_delim~Medline ® Abstract for Reference 112 of &#39;Mucormycosis ...~fides_delim~<em>112</em>: PubMed |; TI: Evaluation of Serum Mucorales <em>Polymerase Chain Reaction</em> (<em>PCR</em>) for the Diagnosis of Mucormycoses: The MODIMUCOR Prospective Trial.~fides_delim~totalcount
112 pcr~fides_delim~https://www.studocu.com/row/document/national-open-university-of-nigeria/democracy-and-good-governance/pcr-112-democracy-and-good-governance/21207938~fides_delim~PCR 112 Democracy and Good Governance - Studocu~fides_delim~<em>PCR 112</em>: Democracy and Good Governance is a three- unit course that has minimum duration of one semester. It is suitable for all students of Peace Studies ...~fides_delim~totalcount
112 pcr~fides_delim~https://nsightrecovery.com/mobile-covid-testing-for-families/~fides_delim~PCR COVID Testing for Individuals &amp; Families~fides_delim~Nsight Molecular <em>PCR</em> Nasal Swab COVID testing service with Results in less than 24 hours. ... 4000 Birch St, Suite <em>112</em>, Newport Beach, CA 92660~fides_delim~totalcount
112 pcr~fides_delim~https://link.springer.com/article/10.1007/s001220051046~fides_delim~A new system of comparing PCR primers applied to ISSR ...~fides_delim~by A Prevost · 1999 · Cited by 1672 — Prevost, A., Wilkinson, M. A new system of comparing <em>PCR</em> primers applied to ISSR fingerprinting of potato cultivars. Theor Appl Genet 98, 107–<em>112</em> (1999).~fides_delim~totalcount
112 pcr~fides_delim~https://bmcgastroenterol.biomedcentral.com/articles/10.1186/1471-230X-11-112~fides_delim~DPO multiplex PCR as an alternative to culture and ...~fides_delim~by P Lehours · 2011 · Cited by 75 — The DPO-<em>PCR</em> is an interesting tool to detect H. pylori on gastric ... BMC Gastroenterology volume 11, Article number: <em>112</em> (2011) Cite this ...~fides_delim~totalcount
112 pcr~fides_delim~https://www.warwickri.gov/sites/g/files/vyhlif1391/f/agendas/pcr-112-19_2019-277b_fire_apparatus_repair_additional_vendor_1.pdf~fides_delim~PCR-112-19 - Warwick, RI~fides_delim~<em>PCR</em>-<em>112</em>-19. CITY OF WARWICK. STATE OF RHODE ISLAND AND PROVIDENCE PLANTATIONS. RESOLUTION OF THE CITY COUNCIL.~fides_delim~totalcount
112 pcr~fides_delim~https://store.nanoporetech.com/ligation-sequencing-kit.html~fides_delim~Ligation Sequencing Kit - Nanopore store~fides_delim~However, if <em>PCR</em> is likely to be the main method of library preparation, we recommend the <em>PCR</em> Sequencing Kit, or Rapid <em>PCR</em> Barcoding Kit.~fides_delim~totalcount
112 pcr~fides_delim~https://www.autobeautyproducts.com/product/112-PCR.html~fides_delim~VAC TOOL - PLASTIC STRAIGHT~fides_delim~VAC TOOL - PLASTIC STRAIGHT. Code: <em>112</em>-<em>PCR</em>. $11.95. Body Shop Safe: Yes. Size: Each. Voc Compliant: Yes. Qty. Add to Cart. Description; Body Shop Safe.~fides_delim~totalcount
112 pcr~fides_delim~https://www.piercecountywa.gov/7086/Pierce-County-Covid-19-Testing-Site~fides_delim~Pierce County Covid-19 Testing Information - Official Website~fides_delim~WA State At-Home rapid Covid-19 Test Portal. Washington state residents can order up to 5 free rapid-antigen COVID tests per household and receive those ...~fides_delim~totalcount
112 pcr~fides_delim~https://www.cvs.com/store-locator/webster-ma-pharmacies/112-e-main-st-webster-ma-01570/storeid=498~fides_delim~CVS Pharmacy at 112 E. Main St. Webster, MA 01570~fides_delim~Find store hours and driving directions for your CVS pharmacy in Webster, MA. Check out the weekly specials and shop vitamins, beauty, medicine &amp; more at ...~fides_delim~totalcount
112 pcr~fides_delim~https://www.cvs.com/store-locator/coram-ny-pharmacies/1710-route-112-coram-ny-11727/storeid=3100~fides_delim~CVS Pharmacy at 1710 Route 112 Coram, NY 11727~fides_delim~The Route <em>112</em> location is a go-to shop for vitamins, groceries, first aid supplies, and cosmetics. Its central location has made this Coram pharmacy a ...~fides_delim~totalcount
112 pcr~fides_delim~https://www.questdiagnostics.com/locations/detail.html/PJF/11776/75/1~fides_delim~Port Jefferson - Quest Diagnostics~fides_delim~LOCATION INFORMATION. Quest Diagnostics - Port Jefferson. 1010 Route <em>112</em> 2nd Fl Port Jefferson Station, NY 11776. Phone 516-677-7729. Fax 631-476-3634.~fides_delim~totalcount
112 pcr~fides_delim~https://www.walgreens.com/locator/walgreens-1580+route+112-medford-ny-11763/id=4687~fides_delim~1580 ROUTE 112, Medford, NY 11763 - Walgreens Pharmacy~fides_delim~Visit your Walgreens Pharmacy at 1580 ROUTE <em>112</em> in Medford, NY. Refill prescriptions and order items ahead for pickup.~fides_delim~totalcount
112 pcr~fides_delim~https://www.gohealthuc.com/memorialhermann/locations/friendswood~fides_delim~Urgent Care in Friendswood | Memorial Hermann~fides_delim~1505 E Winding Way, Suite <em>112</em>. Friendswood, TX 77546. Next projected walk-in visit in 30 min. Friendswood. Selected location. Reason for visit.~fides_delim~totalcount
112 pcr~fides_delim~https://www.essexfellsboro.com/News/View/2565/essex-county-covid-19-vaccination-and-testing-locations~fides_delim~Essex County COVID-19 Vaccination &amp; Testing Locations~fides_delim~Sears Building, <em>112</em> Eisenhower Parkway, Livingston Mall Thursdays &amp; Fridays from 2 to 7 p.m. &amp; Saturdays from 8 a.m. to 2 p.m.~fides_delim~totalcount
112 pcr~fides_delim~https://communitymedcare.com/arlington-urgent-care/~fides_delim~Arlington Urgent Care &amp; COVID-19 Testing~fides_delim~Location. 6320 U.S. 287 Frontage Rd #<em>112</em> · Arlington, TX 76001. To navigate, press the arrow keys. ... <em>PCR</em> Swab and Antibody Tests.~fides_delim~totalcount
112 pcr~fides_delim~https://www.jax.org/strain/023099~fides_delim~C57BL/6J-Tg(C9orf72_i3)112Lutzy/J - The Jackson Laboratory~fides_delim~023099 C57BL/6J-Tg(C9orf72_i3)112Lutzy/J Tg(C9orf72_3) line <em>112</em> mice have several tandem copies of the C9orf72_3 transgene, with each copy ...~fides_delim~totalcount
112 pcr~fides_delim~https://www.anylabtestnow.com/mckinney-75069/~fides_delim~ANY LAB TEST NOW of McKinney | Full-Service Lab Testing~fides_delim~THIS LOCATION NOW OFFERS SAME DAY RT <em>PCR</em> COVID-19 TESTING FOR $199. ANY LAB TEST NOW® of McKinney: Private and affordable lab testing.~fides_delim~totalcount
112 pcr~fides_delim~https://www.primbioresearch.com/~fides_delim~PrimBio - PrimBio COVID-19 RT PCR testing~fides_delim~PrimBio offers local COVID-19 RT <em>PCR</em> Testing. Results in 24 hours. Travel Ready. ... Location: 3070 McCann Farm Dr, STE <em>112</em>, Garnet Valley, PA 19060~fides_delim~totalcount
112 pcr~fides_delim~https://www.livingstonnj.org/1457/COVID-19-Vaccinations~fides_delim~COVID-19 Vaccinations | Livingston Township, NJ~fides_delim~Update: 12/9/22. The covid bivalent booster dose has been approved for children ages 6 months-4 years. For more information from the CDC, click here.~fides_delim~totalcount
112 pcr~fides_delim~https://www.sciencedirect.com/bookseries/methods-in-cell-biology/vol/112/suppl/C~fides_delim~Laboratory Methods in Cell Biology - ScienceDirect.com~fides_delim~Edited by P. Michael Conn. Volume <em>112</em>, ... Chapter 3 - Real-Time <em>PCR</em>. Yibing Jia. Pages 55-68: Download PDF. Chapter preview.~fides_delim~totalcount
112 pcr~fides_delim~https://xpresscovidtesting.org/~fides_delim~Xpress Covid Testing~fides_delim~THE TESTS AVAILABLE FOR ORDER: Are rapid antigen at-home tests, not <em>PCR</em>; Can be taken anywhere; Give results ...~fides_delim~totalcount
112 pcr~fides_delim~https://www.thomasgoode.com/table-knife-pcr-ai-001.html~fides_delim~Table Knife - Thomas Goode~fides_delim~Christofle. Aria. Table Knife. <em>PCR</em>/AI/001. £<em>112</em> ... Christofle Malmaison Table knife £<em>112</em>. Christofle Aria Table knife £<em>112</em>. Christofle Aria Dessert knife £ ...~fides_delim~totalcount
112 pcr~fides_delim~https://www.pnas.org/doi/10.1073/pnas.1420294112~fides_delim~Boosting CRISPR/Cas9 multiplex editing capability ... - PNAS~fides_delim~by K Xie · 2015 · Cited by 1074 — <em>112</em> (11) 3570-3575 ... Arrows indicate mature gRNAs amplified by cRT-<em>PCR</em>, and asterisks indicate the ... S3 and Table S2 for the principle of cRT-<em>PCR</em>).~fides_delim~totalcount
112 pcr~fides_delim~https://www.missouribaptist.org/Patient-Visitor-Information/Information-Viewer/ArtMID/777/ArticleID/1719/Laboratory-Services~fides_delim~Laboratory Services - Missouri Baptist Medical Center~fides_delim~Professional Building B, Suite <em>112</em> 3009 N. Ballas Rd. St. Louis, Missouri 63131. Monday-Friday: 8:00 a.m. -4:30 p.m.. Closed Saturday and Sunday.~fides_delim~totalcount
112 pcr~fides_delim~https://www.thermofisher.com/us/en/home/life-science/pcr/real-time-pcr/real-time-openarray/open-array-technology.html~fides_delim~OpenArray® Technology Overview - Thermo Fisher Scientific~fides_delim~<em>112</em> assays, 24, 1, 2, 240 (inv only)/ ... Select OpenArray Digital <em>PCR</em> Plates. ... For digital <em>PCR</em> applications, mix assays, samples, and master mix in ...~fides_delim~totalcount
112 pcr~fides_delim~https://www.semanticscholar.org/paper/DNA%2C-PCR-and-formalinized-animal-tissue-a-short-and-Schander-Kenneth/9ee95a390f835a40c55786b37aeb649f29e5d7b7~fides_delim~[PDF] DNA, PCR and formalinized animal tissue~fides_delim~With this method we have obtained mitochondrial DNA useful for <em>PCR</em> reactions from as little as 3 mg tissue ... <em>112</em> Citations; 84 References; Related Papers ...~fides_delim~totalcount
112 pcr~fides_delim~https://advurgent.com/locations/fort-lupton/~fides_delim~Fort Lupton ... - Advanced Urgent Care & Occupational Medicine~fides_delim~<em>112</em> S. Denver Ave ... 4-in-1 Flu A&amp;B/RSV/COVID <em>PCR</em> Test – $225 ... The lab-based COVID RT-<em>PCR</em> test is available through an in-clinic urgent care visit or a ...~fides_delim~totalcount
112 pcr~fides_delim~https://shadeandseeker.com/~fides_delim~Shade &amp; Seeker~fides_delim~The Body Roller <em>PCR</em> TreatmentNEW CLIENT WAIVER MORE Injectables Work for Us VENTILATION Gift Certificates SHOP ONLINE. New location <em>112</em> Cricket Avenue.~fides_delim~totalcount
112 pcr~fides_delim~https://www.roc.noaa.gov/WSR88D/NewRadarTechnology/NewTechDefault.aspx~fides_delim~NEXRAD Radar Operations Center, WSR-88D~fides_delim~In VCP <em>112</em> for split cuts, the MPDA combines velocity data from a high PRF SZ-2 Doppler scan (upper right) with a lower PRF SZ-2 Doppler ...~fides_delim~totalcount
112 pcr~fides_delim~https://www.labconco.com/product/purifier-filtered-pcr-enclosures/46/search/112/-/-/24/0~fides_delim~Purifier Filtered PCR Enclosures - Labconco~fides_delim~These specialized vertical clean benches provide a controlled environment in which to perform <em>polymerase chain reaction</em> experiments. These ...~fides_delim~totalcount
112 pcr~fides_delim~https://www.sscadda.com/haryana-police-driver-recruitment-2022/~fides_delim~Haryana Police Driver Recruitment 2022, Dial 112 and SPO ...~fides_delim~In this article, you will be getting information of vacancies coming soon for Haryana Police Driver Recruitment 2022. Dial <em>112</em> and SPO 3500 ...~fides_delim~totalcount
112 pcr~fides_delim~https://www.justice.gov/ust-regions-r20/region-20-district-new-mexico~fides_delim~Region 20 : District Of New Mexico - Department of Justice~fides_delim~Room <em>112</em>. Albuquerque, NM 87102. Link to Map Phone: (505) 248-6544 ... To obtain the required MOR and <em>PCR</em> forms, instructions for completing and filing MOR ...~fides_delim~totalcount
112 pcr~fides_delim~https://pointecoupeereporter.com/index2028.htm~fides_delim~pcr article archives 112 - PointeCoupeeReporter.com~fides_delim~Obituary: Franklin Delano Martin, Sr. 10.30.2020 •, Louisiana Begins Hurricane Zeta Damage Assessments; Polling Locations Likely Will Be Moved. 10.30.2020 ...~fides_delim~totalcount
112 pcr~fides_delim~https://www.bio-rad.com/en-us/life-science/digital-pcr/digital-pcr-assays/vericheck-ddpcr-mycoplasma-detection-kit~fides_delim~Vericheck ddPCR Mycoplasma Detection Kit - Bio-Rad~fides_delim~The specificity and reproducibility of this kit allows for a precise measurement of <em>112</em> Mycoplasma species using droplet digital <em>PCR</em>.~fides_delim~totalcount
112 pcr~fides_delim~https://www.fastmed.com/urgent-care-centers/san-antonio-tx-walk-in-clinic-mccreless/~fides_delim~McCreless Walk-In Clinic | San Antonio Urgent Care | 78223~fides_delim~... TX Urgent Care Walk‑In Clinic on New Braunfels Ave. Schedule a visit in‑clinic Get directions. 4130 New Braunfels Ave, Suite <em>112</em> • San Antonio, TX 78223.~fides_delim~totalcount
112 pcr~fides_delim~https://quizlet.com/99161222/bio-112-23-dna-replication-in-vitro-pcr-flash-cards/~fides_delim~Bio 112 - 2.3 - DNA Replication In Vitro (PCR) - Quizlet~fides_delim~<em>polymerase chain reaction</em>. what does <em>PCR</em> do? makes copies of a targeted piece of DNA to be replicated. amplify? to replicate a copy of DNA, usually using ...~fides_delim~totalcount
112 pcr~fides_delim~https://requestatest.com/hsv-pcr-test-columbus-ohio-4998-w-broad-st-ste-112-43228~fides_delim~Confidential, Same Day HSV PCR Test Columbus, OH~fides_delim~Request A Test offers the affordable and same day HSV <em>PCR</em> Test in ... 4998 W Broad St. Ste <em>112</em> ... Same day, Confidential and Affordable HSV <em>PCR</em> Test.~fides_delim~totalcount
112 pcr~fides_delim~https://mako.exchange/scheduler/registration/?location=2760~fides_delim~WESTMINSTER - FRCC - Mako Medical~fides_delim~Register for Testing. Location: CDH - WESTMINSTER - FRCC. W <em>112th</em> Ave &amp; Stuart St, Westminster CO 80031, US. *** ...~fides_delim~totalcount
112 pcr~fides_delim~https://chicagocovidcontrol.com/~fides_delim~Chicago Covid Control: Free Rapid &amp; PCR Testing~fides_delim~OnSite Lab Corp, a leading provider of COVID-19 diagnostic services, designed to support overall public health care. Click here to learn more.~fides_delim~totalcount
112 pcr~fides_delim~https://www.deccanherald.com/special-features/what-happens-when-you-dial-100-or-112-1073397.html~fides_delim~What happens when you dial 100 or 112 | Deccan Herald~fides_delim~Radhakrishna L, head constable at the Hennur police station along with XXX, resolved to a street nuisance complaint at 3.45 am. The policemen ...~fides_delim~totalcount
112 pcr~fides_delim~https://www.medicalofficesofmanhattan.com/~fides_delim~Medical Offices of Manhattan - Primary Care Physicians~fides_delim~<em>112</em> West 72nd street. New York, NY 10023. Phone: 212-223-0349. Text: 212-223-0349. FAX: (929) 579-1929. Privacy Policy · Other Policies · Accessibility ...~fides_delim~totalcount
112 pcr~fides_delim~https://www.coursehero.com/file/38651265/WS-7-Polymerase-Chain-Reactionpdf/~fides_delim~WS #7 - Polymerase Chain Reaction.pdf - BIOL112 – PCR...~fides_delim~View Test Prep - WS #7 - <em>Polymerase Chain Reaction</em>.pdf from BIOL <em>112</em> at University of British Columbia. BIOL112 – <em>PCR</em> Worksheet <em>Polymerase Chain Reaction</em> ...~fides_delim~totalcount
112 pcr~fides_delim~https://www.youtube.com/watch?v=mSxvpHjFvW4~fides_delim~PCR - BIOL 112 TERM PROJECT - YouTube~fides_delim~<b>PCR</b> - BIOL <b>112</b> TERM PROJECT. 17 views 1 year ago. Andrea Enriquez. Andrea Enriquez. Subscribe. 0. I like this. I dislike this.~fides_delim~totalcount
112 pcr~fides_delim~https://www.fulgentgenetics.com/covid19~fides_delim~COVID-19 Testing Solutions - Fulgent Genetics~fides_delim~Diagnostic Tests. With fast turnaround and high sensitivity, Fulgent's RT-<em>PCR</em> diagnostic test is a trusted choice for COVID-19 screening. This FDA EUA ...~fides_delim~totalcount
112 pcr~fides_delim~https://www.nature.com/articles/s41586-022-05398-2~fides_delim~A multinational Delphi consensus to end the COVID-19 public ...~fides_delim~by JV Lazarus · 2022 · Cited by 19 — Where access to <em>PCR</em> or antigen tests is limited, providers should consider ... the inclusion of experts from <em>112</em> countries and territories ...~fides_delim~totalcount
112 pcr~fides_delim~https://www.monroecounty.gov/health-covid-19-testing~fides_delim~COVID-19 Testing Information - Monroe County, NY~fides_delim~Monroe County is no longer running COVID-19 testing sites. Tests can be obtained at pharmacies and most local libraries. Find a NYS Test Site.~fides_delim~totalcount
112 pcr~fides_delim~https://www.frontrange.edu/being-a-student/frcc-covid-19-updates/community-testing-sites~fides_delim~COVID-19 Testing Sites | FRCC~fides_delim~Jobs En Español Contact Us Disclaimers &amp; Legal Notices. ©2023 Front Range Community College. 3645 W. <em>112th</em> Ave. Westminster, CO 80031.~fides_delim~totalcount
112 pcr~fides_delim~https://www.science.org/doi/10.1126/science.277.5322.112~fides_delim~Positive Effects of Combined Antiretroviral Therapy on CD4+ T ...~fides_delim~by B Autran · 1997 · Cited by 2262 — ... authors +4 authors fewerAuthors Info &amp; Affiliations. Science. 4 Jul 1997. Vol 277, Issue 5322. pp. <em>112</em>-116. DOI: 10.1126/science.277.5322.<em>112</em> ...~fides_delim~totalcount
112 pcr~fides_delim~https://www.twotwelvemedical.org/~fides_delim~Two Twelve Medical Center | Right Care, Right Now, Right Here~fides_delim~A health care destination, Two Twelve Medical Center offers 24/7 emergency care, comprehensive family and specialty care, advanced diagnostics, access to ...~fides_delim~totalcount
112 pcr~fides_delim~https://uci.edu/coronavirus/testing-response/testing.php~fides_delim~Testing | Coronavirus Information Hub - UCI~fides_delim~<em>PCR</em> testing may be available to you through your primary care provider or from local clinics and pharmacies. ... Continuing Education 4, Room <em>112</em>-113.~fides_delim~totalcount
112 pcr~fides_delim~https://windhamhospital.org/~fides_delim~Windham Hospital Home Page | Windham Hospital ...~fides_delim~To receive our health news text alerts / text StartHere to 85209. Windham Hospital. <em>112</em> Mansfield Ave Willimantic, CT 06226. Call: 860.456.9116 | Email Us ...~fides_delim~totalcount
112 pcr~fides_delim~https://ifh.rutgers.edu/covid-resources/~fides_delim~COVID-19 Resources - Rutgers~fides_delim~Coming Together Around COVID-19 Research in New Jersey · Offers rapid and <em>PCR</em> tests · Free without insurance after signing attestation to not having insurance ...~fides_delim~totalcount
112 pcr~fides_delim~https://thepointsguy.com/guide/places-americans-can-travel-internationally/~fides_delim~UPDATED: Americans can now visit 112 countries and territories~fides_delim~Visitors should be prepared for travel restrictions to be put into place with little or no advance notice. For details on <em>PCR</em> or rapid antigen testing ...~fides_delim~totalcount
112 pcr~fides_delim~https://www.biocompare.com/PCR-Real-Time-PCR/20953-Oligo-Primer/?pda=20953%7C937901_834_0%7C%7C%7C,probe&vids=100853&vmpi_6408=4~fides_delim~from BIOCARE MEDICAL | Biocompare~fides_delim~Used in <em>PCR</em>-based amplification, oligonucleotide primers guide the activity of ... Your search returned <em>112</em> Primers and Probes across 1 supplier.~fides_delim~totalcount
112 pcr~fides_delim~https://www.nyc.gov/site/coronavirus/get-tested/covid-19-testing.page~fides_delim~COVID-19 Testing - Coronavirus - NYC.gov~fides_delim~Free COVID-19 rapid testing, <em>PCR</em> testing, clinical evaluation and direct connection to the anti-viral medication Paxlovid is available to you at our mobile ...~fides_delim~totalcount
112 pcr~fides_delim~https://journals.asm.org/doi/10.1128/JCM.43.1.112-119.2005~fides_delim~Preclinical Diagnosis of African Swine Fever in Contact ...~fides_delim~by L Zsak · 2005 · Cited by 166 — ABSTRACT A fluorogenic probe hydrolysis (TaqMan) <em>PCR</em> assay for African swine fever ... DOI: https://doi.org/10.1128/JCM.43.1.<em>112</em>-119.2005.~fides_delim~totalcount
112 pcr~fides_delim~https://www.pediatrichealthchestnuthill.com/~fides_delim~Pediatric Health at Chestnut Hill~fides_delim~We are now providing in office RT-<em>PCR</em> COVID-19 tests with results available in less than an hour for patients who are symptomatic or have been exposed to ...~fides_delim~totalcount
112 pcr~fides_delim~https://onlinelibrary.wiley.com/doi/10.1002/mco2.112~fides_delim~SARS‐CoV‐2 triggered oxidative stress and abnormal energy ...~fides_delim~by T Zhou · 2022 · Cited by 8 — https://doi.org/10.1002/mco2.<em>112</em> ... Before discharge, the quantitative real-time <em>polymerase chain reaction</em> (qRT-<em>PCR</em>) test results for ...~fides_delim~totalcount
112 pcr~fides_delim~https://www.mymedicalclinicmn.com/~fides_delim~Occupational Health | Employee Health | Plymouth | Maplewood~fides_delim~4130 Blackhawk Rd, Suite <em>112</em>, Eagan, MN 55122. Call: 651.340.1445Fax: 651.340.5421. Copyright © 2022 Cago, Inc. and My Medical Clinic ...~fides_delim~totalcount
112 pcr~fides_delim~https://www.nj.com/coronavirus/2021/01/nj-reports-5791-new-covid-cases-112-more-deaths-transmission-rate-rises-above-key-benchmark.html~fides_delim~N.J. reports 5791 new COVID cases, 112 more deaths ...~fides_delim~New Jersey has now reported 516,608 positive <em>PCR</em> tests out of the more than 8.1 million administered since its first case was announced March 4.~fides_delim~totalcount
112 pcr~fides_delim~https://ashpublications.org/blood/article/112/11/289/59590/RASSF1a-Is-Applicable-as-Universal-Fetal~fides_delim~RASSF1a Is Applicable as Universal Fetal Identifier in RQ ...~fides_delim~by AA Soussan · 2008 · Cited by 2 — RASSF1a Is Applicable as Universal Fetal Identifier in RQ-<em>PCR</em>-Based Non-Invasive Prenatal Genotyping Assays ... Blood (2008) <em>112</em> (11): 289.~fides_delim~totalcount
112 pcr~fides_delim~https://www.ahajournals.org/doi/full/10.1161/circulationaha.105.543066~fides_delim~Tuberculous Pericarditis | Circulation - AHA Journals~fides_delim~by BM Mayosi · 2005 · Cited by 544 — TB was correctly diagnosed by <em>PCR</em> in 13 patients (81%); there was 1 false-positive ... at http://circ.ahajournals.org/cgi/content/full/<em>112</em>/23/3608/DC1).~fides_delim~totalcount
112 pcr~fides_delim~https://www.wizeprep.com/courses/Biol112-UBC~fides_delim~BIOL 112 at UBC | Try it free - Wizeprep~fides_delim~Improve your grades with study guides, expert-led video lessons, and guided exam-like practice made specifically for your course.~fides_delim~totalcount
112 pcr~fides_delim~https://memorialhermann.org/services/specialties/urgent-care~fides_delim~Urgent Care - Memorial Hermann~fides_delim~1505 E. Winding Way Dr Ste <em>112</em>, Friendswood, TX 77546 ... requirements or because you aren't feeling well, we offer rapid and <em>PCR</em> testing seven days a week.~fides_delim~totalcount
112 pcr~fides_delim~https://www.bloomfieldtwpnj.com/1527/COVID-19-Information~fides_delim~COVID-19 Information | Bloomfield Township, NJ~fides_delim~Johnson &amp; Johnson, Moderna, and Pfizer vaccine is available at Bloomfield Health Department (1 Municipal Plaza, Bloomfield) by appointment. · In Need of COVID-19 ...~fides_delim~totalcount
112 pcr~fides_delim~https://plantpathology.ca.uky.edu/files/sr112.pdf~fides_delim~Science of Hemp: Production and Pest Management, 2020~fides_delim~SR-<em>112</em>. Science of Hemp: Production and Pest Management ... elongation factor 1-alpha (EF1-a), and beta tubulin (BTUB) gene regions were amplified via <em>PCR</em>.~fides_delim~totalcount
112 pcr~fides_delim~https://www.sabic.com/en/products/polymers/polycarbonate-pc/lexan-resin~fides_delim~LEXAN™ Resin - SABIC~fides_delim~SABIC TRUCIRCLE™, 50wt% <em>PCR</em>, 11 MFR PC. Mold release. UL94 HB rated. LEXAN™ T5R141RC is an ETP compound, which is formulated with 50wt% post-consumer ...~fides_delim~totalcount
112 pcr~fides_delim~https://www.hepb.org/prevention-and-diagnosis/diagnosis/other-tests/~fides_delim~Additional Hepatitis B Blood Tests~fides_delim~The blood is tested using a <em>Polymerase Chain Reaction</em> (<em>PCR</em>) technique that is highly ... Alkaline phosphatase, &lt;<em>112</em> IU/L, <em>112</em>-300 IU/L, &gt;300 IU/L.~fides_delim~totalcount
112 pcr~fides_delim~https://strbase.nist.gov/validation/Papers%20for%20Review/STR_Ref%201325%20FSS%20validation%20of%20SGM%20Plus.pdf~fides_delim~Validation of the AMPFlSTR SGM PlusE system for use in ...~fides_delim~by EA Cotton · 2000 · Cited by 232 — Forensic Science International <em>112</em> (2000) 151–161. 1. Introduction ... It was found that (possible) <em>PCR</em> inhibitors in chelex affected Taq gold polymerase.~fides_delim~totalcount
112 pcr~fides_delim~https://www.manualsdir.com/manuals/215991/texas-instruments-tms320tci648x.html?page=112~fides_delim~3 peripheral control register (pcr), Pcr), Section 5.3~fides_delim~3 peripheral control register (<em>pcr</em>), <em>Pcr</em>), Section 5.3 – Texas Instruments TMS320TCI648x User Manual. Page <em>112</em>. Text mode · Original mode.~fides_delim~totalcount
112 pcr~fides_delim~https://www.biosearchtech.com/products/pcr-reagents-kits-and-instruments/pcr-and-qpcr-reagents/pcr-master-mix/kasp-master-mix~fides_delim~KASP-TF Master Mix | LGC Biosearch Technologies~fides_delim~~fides_delim~totalcount
112 pcr~fides_delim~https://pubs.acs.org/doi/10.1021/cr200101d~fides_delim~Luminescent Functional Metal–Organic Frameworks~fides_delim~by Y Cui · 2012 · Cited by 5229 — 2012, <em>112</em>, 2, 1126–1162 ... Soares-Santos, <em>P. C. R.</em>; Cunha-Silva, L.; Paz, F. A. A.; Ferreira, R. A. S.; Rocha, J.; Trindade, T.; Carlos, ...~fides_delim~totalcount
112 pcr~fides_delim~https://iovs.arvojournals.org/article.aspx?articleid=2693344~fides_delim~Histopathology and PCR analysis of the scleral bed | IOVS~fides_delim~by L Kadasi · 2018 — Evisceration and Sympathetic Ophthalmia: Histopathology and <em>PCR</em> analysis of ... Investigative Ophthalmology &amp; Visual Science July 2018, Vol.59, <em>112</em>. doi:.~fides_delim~totalcount
112 pcr~fides_delim~https://www.ncs-nj.org/cms/lib/NJ02201358/Centricity/Domain/112/combinepdf.pdf~fides_delim~free covid-19 testing - Northfield Community School~fides_delim~Choice of <em>PCR</em> saliva test or Rapid nasal swab. Pre-registration strongly encouraged. <em>PCR</em> test: covid.vlt.co • Rapid test: swab.vlt.co.~fides_delim~totalcount
112 pcr~fides_delim~https://www.liebertpub.com/doi/10.1089/blr.1993.12.112~fides_delim~VERY Taq-Y, SAYS ROCHE - Mary Ann Liebert, Inc.~fides_delim~VERY Taq-Y, SAYS ROCHE. Sues Promega Over Enzyme Sales for <em>PCR</em>. Published Online:10 Jul 2009https://doi.org/10.1089/blr.1993.12.<em>112</em>. About.~fides_delim~totalcount
112 pcr~fides_delim~https://www.nationalww2museum.org/about-us/notes-museum/memoriam-lawrence-brooks-1909-2022~fides_delim~In Memoriam: Lawrence Brooks (1909-2022) | New Orleans~fides_delim~... are required to show proof of vaccination or a negative <em>PCR</em> COVID-19 test, ... At age <em>112</em>, he was the oldest known living US veteran.~fides_delim~totalcount
112 pcr~fides_delim~https://local.pharmacy.safeway.com/wa/vancouver/2615-ne-112th-ave.html~fides_delim~Safeway Pharmacy NE 112th Ave~fides_delim~Back to school vaccine immunizations and covid-19 <em>PCR</em> NAAT walk in test now available. ... to Safeway Pharmacy located at 2615 NE <em>112th</em> Ave, Vancouver, WA?~fides_delim~totalcount
112 pcr~fides_delim~https://www.fda.gov/media/141246/download~fides_delim~COVID-19 Nucleic Acid RT-PCR Test Kit - FDA~fides_delim~Real-Time <em>PCR</em> Instruments and Equipment Required but Not Provided. ... procedure by spiking 28 µl of each control to <em>112</em> µl Nuclease-free ...~fides_delim~totalcount
112 pcr~fides_delim~https://www.cell.com/cell-reports/pdf/S2211-1247(21)00049-8.pdf~fides_delim~Cardiolipin-mediated PPARg S112 phosphorylation impairs IL ...~fides_delim~by M Garg · 2021 · Cited by 8 — PPARg <em>S112</em> phosphorylation is crucial for its K107 ... ene; Cat # 8895) was used as template in a <em>PCR</em> reaction containing the primers ...~fides_delim~totalcount
112 pcr~fides_delim~https://www.optometrytimes.com/view/herpesvirus-dna-identified-in-corneal-grafts~fides_delim~Herpesvirus DNA identified in corneal grafts - Optometry Times~fides_delim~They performed <em>polymerase chain reaction</em> (<em>PCR</em>) on all excised corneal buttons regardless of the primary clinical diagnosis. A total of <em>112</em> ...~fides_delim~totalcount
112 pcr~fides_delim~https://journals.sagepub.com/doi/10.1177/2472630317705680~fides_delim~Digital Assays Part I: Partitioning Statistics and Digital PCR~fides_delim~The remainder focuses on digital <em>PCR</em> (dPCR) for quantification of nucleic acids. ... <em>112</em>. Warren L., Bryder D., Weissman I. L., et al.~fides_delim~totalcount
112 pcr~fides_delim~https://mybethanymedical.com/locations/bethany-medical-at-n-main-street/~fides_delim~Bethany Medical at North Main Street~fides_delim~819 N. Main Street Suite #<em>112</em>. High Point, NC 27262. Phone: 336-289-2299. Fax: 336-883-0867. Customer Service: customersvc@mybethanymedical.com ...~fides_delim~totalcount
112 pcr~fides_delim~https://www.jci.org/articles/view/19246~fides_delim~Obesity is associated with macrophage accumulation in ... - JCI~fides_delim~by SP Weisberg · 2003 · Cited by 11350 — <em>PCR</em> amplification mixtures (20 μl) contained 10 μl of 2× <em>PCR</em> SYBR Green I ... Table 1 available online (http://www.jci.org/cgi/content/full/<em>112</em>/12/1796/DC1) ...~fides_delim~totalcount
112 pcr~fides_delim~https://www.trincoll.edu/chemistry/course-descriptions/~fides_delim~Course Descriptions - Chemistry - Trinity College~fides_delim~Preference for places in the Chem-<em>112</em> labs will be given to first year students. ... the characterization of human DNA using the <em>polymerase chain reaction</em>.~fides_delim~totalcount
112 pcr~fides_delim~https://www.baptistonline.org/locations/minor-medical-centers/bartlett~fides_delim~Visit Our Walk-in-Clinic | Baptist Minor Medical Center-Bartlett~fides_delim~COVID-19 Testing Available. By appointment only. Baptist is offering free COVID-19 testing at all Baptist Medical Group clinic locations.~fides_delim~totalcount
112 pcr~fides_delim~http://www.aensiweb.com/old/jasr/jasr/2006/112-122.pdf~fides_delim~OPTIMIZATION OF THE PCR CONDITION FOR DNA ...~fides_delim~<em>112</em>. Optimization of <em>PCR</em> Conditions in vitro for Maximum Amplification of ... Key words: Xanthomonas campestris, DNA, <em>polymerase chain reaction</em>, ...~fides_delim~totalcount
112 pcr~fides_delim~https://www.future-science.com/doi/10.2144/99261rv01~fides_delim~Quantitative RT-PCR: Pitfalls and Potential | BioTechniques~fides_delim~by WM Freeman · 1999 · Cited by 1632 — Reverse transcription <em>PCR</em> (RT-<em>PCR</em>) represents a sensitive and powerful tool for analyzing RNA. While it has tremendous potential for ...~fides_delim~totalcount
112 pcr~fides_delim~https://www.chegg.com/homework-help/questions-and-answers/2-3-5-6-7-8-9-110-112-113-114-15-16-section-c-cloning-restriction-enzyme-re-digestion-vide-q46879966~fides_delim~Solved 2 3 .5. 6. 7. 8. 9. 1.10- 112 113 114 15 16 | Chegg.com~fides_delim~Question: 2 3 .5. 6. 7. 8. 9. 1.10- <em>112</em> 113 114 15 16 Section-C-Cloning-and-restriction-enzyme (RE)-digestion Video-1: Plasmid-cloning 1 The <em>PCR</em> was a success ...~fides_delim~totalcount
112 pcr~fides_delim~https://www.uspto.gov/web/offices/pac/mpep/s2106.html~fides_delim~2106-Patent Subject Matter Eligibility - USPTO~fides_delim~851 F.3d at 1294, <em>112</em> USPQ2d at 1133 (citing In re Nuijten, 500 F.3d 1346 ... Using <em>polymerase chain reaction</em> to amplify and detect DNA, Genetic Techs. v.~fides_delim~totalcount
