112 pcd wheels~fides_delim~https://www.wheel-size.com/pcd/5x112/~fides_delim~5x112 - Bolt pattern - Wheel-Size.com~fides_delim~The <em>5x112</em> Bolt Pattern or Pitch Circle Diameter (<em>PCD</em>) is made up of the stud count (5) and the bolt circle measurement (<em>112</em>), the notional circle determined ...~fides_delim~totalcount
112 pcd wheels~fides_delim~https://sizemywheels.com/lz-pcd/5-112~fides_delim~Bolt pattern, what cars have 5x112 wheels? 239 found~fides_delim~What cars have <em>5X112</em> bolt pattern? · Audi - found 37 · Bentley - found 6 · BMW - found 19 · Chery - found 1 · Chrysler - found 1 · Daewoo - found 1 · Ford - found 3 ...~fides_delim~totalcount
112 pcd wheels~fides_delim~https://www.urotuning.com/collections/wheels?constraint=pcd-5x112-57-1~fides_delim~Aftermarket Wheels and Custom Rims Pcd:5x112/57.1 Parts~fides_delim~UroTuning carries <em>wheels</em> / <em>rims</em> and <em>wheel</em> parts to fit European/German carsincluding Volkswagen, Audi, BMW and Porsche. We sell everything you need ...~fides_delim~totalcount
112 pcd wheels~fides_delim~https://www.alibaba.com/showroom/112-pcd-wheels.html~fides_delim~Custom 112 PCD Wheels - Alibaba.com~fides_delim~A variety of wholesale <em>112 pcd wheels</em> on sale at affordable prices! Select from an extensive collection of Abrasive Tools available in the product listings.~fides_delim~totalcount
112 pcd wheels~fides_delim~https://www.roadkillcustoms.com/wheel-bolt-pattern-cross-reference/5x112-wheel-bolt-pattern-5x112mm-5x4.41-inches/~fides_delim~5 X 112 Bolt Pattern Cross Reference and Wheel Sizes~fides_delim~The 5 X <em>112</em> Bolt Pattern or Pitch Circle Diameter (<em>PCD</em>) is made up of the stud count (5) and the bolt circle measurement (<em>112</em>), the notional circle determined ...~fides_delim~totalcount
112 pcd wheels~fides_delim~https://www.bbwheelsonline.com/5x112-bolt-pattern-wheels-rims-car/~fides_delim~5x112 Bolt Pattern Car And Truck Wheels And Rims~fides_delim~As with most of our <em>wheel</em> selections, <em>5x112</em> bolt pattern <em>wheels</em> come in an array of styles allowing you to personalize your vehicle however you wish.~fides_delim~totalcount
112 pcd wheels~fides_delim~https://bryansgarage.com/5x112-wheels-fit-what-cars/~fides_delim~5×112 Wheels Fit What Cars: The Models List - Bryan&#39;s Garage~fides_delim~So, a 5×<em>112</em> bolt pattern fits what cars? Mercedes-Benz, Audi, BMW, Infiniti, Chrysler, McLaren, MINI, Porsche, Toyota, and Volkswagen. For each ...~fides_delim~totalcount
112 pcd wheels~fides_delim~https://tirewheelguide.com/pcd/5x112/~fides_delim~Cars with 5x112 bolt pattern - TireWheelGuide.com~fides_delim~<em>5x112</em> bolt pattern or 5x4.4 in inches is used on 380 models. <em>Wheels</em> with this bolt pattern are most often used on Volkswagen, Mercedes-Benz, Audi, BMW, ...~fides_delim~totalcount
112 pcd wheels~fides_delim~https://nlmotoring.com/wheel-bolt-pattern-pcd/5x112/~fides_delim~Shop By Bolt Pattern: 5x112 Wheels - NLMotoring.com~fides_delim~Browse our selection of aftermarket <em>wheels</em> by bolt pattern. See all <em>5x112 wheels</em> online, and enjoy our low price guarantee on every rim.~fides_delim~totalcount
112 pcd wheels~fides_delim~https://www.wheelfitment.eu/PCD/5x112%20/66.6.html~fides_delim~PCD 5x112 - Center bore 66.6 - Wheelfitment.eu~fides_delim~~fides_delim~totalcount
112 pcd wheels~fides_delim~https://www.systemmotorsports.com/collections/wheels-5x112~fides_delim~Wheels, 5x112 - System Motorsports~fides_delim~Rays Volk TE37SL - 19x9.5 +22 / 19x10.5 +35 / <em>5x112</em> - (A90 Supra Fitment) *Set of 4*. On sale from $3,919.70. Sale. View · Work Emotion CR 2P - 19".~fides_delim~totalcount
112 pcd wheels~fides_delim~https://www.jdmdistro.com/wheel-pcd/5x112/~fides_delim~5x112 Archives - Buy JDM Parts Online Worldwide Shipping~fides_delim~JR <em>Wheels</em> JR10 15×7 ET30 Blank Silver Machined Face – These “Blank” <em>wheels</em> will be CUSTOM DRILLED to any single <em>PCD</em> pattern that you want from this list.~fides_delim~totalcount
112 pcd wheels~fides_delim~https://wheelssize.com/bolt-pattern/5x112/~fides_delim~Cars with 5x112 Bolt Pattern - Wheels Size~fides_delim~Naturally, <em>wheels</em> with <em>5x112</em> lug pattern only bolt on the vehicles possessing the same number of studs and the same pitch circle diameter (<em>PCD</em>).~fides_delim~totalcount
112 pcd wheels~fides_delim~https://www.team-bhp.com/forum/tyre-alloy-wheel-section/124539-can-112-pcd-alloys-fit-into-114-3mm-hub.html~fides_delim~Can 112 PCD alloys fit into 114.3mm Hub? - Team-BHP~fides_delim~Hi ITnerd, Installing a <em>112</em> mm <em>PCD wheel</em> in place of 114.3 bolt pattern is not at all recomended. It has to be done with the help of a wobble ...~fides_delim~totalcount
112 pcd wheels~fides_delim~https://www.made-in-china.com/showroom/ruizuwheel/product-detailUXixQfnKBYrR/China-Custom-Aluminum-Alloy-Wheel-with-PCD-112-Wheel-Rims-Aluminum-Alloy-Wheel-From-Chinese-Market.html~fides_delim~Custom Aluminum Alloy Wheel with PCD 112 Wheel Rims ...~fides_delim~Custom Aluminum Alloy <em>Wheel</em> with <em>PCD 112 Wheel Rims</em> Aluminum Alloy <em>Wheel</em> From Chinese Market ; Production Capacity: 100000/Month ; Payment Terms: L/C, Western ...~fides_delim~totalcount
112 pcd wheels~fides_delim~https://forcarwheels.en.made-in-china.com/product/DeXQjtKJbyaH/China-20-21-22-Inch-High-Quality-Popular-Replica-PCD-112-130-Alloy-Wheels-for-Audi.html~fides_delim~20/21/22 Inch High Quality Popular Replica PCD 112~130 ...~fides_delim~20/21/22 Inch High Quality Popular Replica <em>PCD 112</em>~130 Alloy <em>Wheels</em> for Audi ; Type: Rim ; Drive <em>Wheel</em>: 4WD ; <em>Wheel</em> Hub Diameter: 16-20" ; Customization: Available.~fides_delim~totalcount
112 pcd wheels~fides_delim~https://factorystylewheels.com/wheel-styles/slk-style-rm09/~fides_delim~SLK Style - RM09 - Factory Style Wheels~fides_delim~The SLK Style - RM09 is an Aftermarket Factory Style <em>Wheel</em> designed for Mercedes A, A AMG, C, C AMG, CLS, CLS AMG, ... FRONT - 19x8.5, +35 Offset, <em>5x112 pcd</em>.~fides_delim~totalcount
112 pcd wheels~fides_delim~https://www.heritagepartscentre.com/us/701601027-steel-wheel-with-square-holes-5-5x14-5-112-pcd-5-26-bs.html~fides_delim~Steel Wheel with Square Holes, 5.5x14", 5/112 PCD, 5.26" ...~fides_delim~Steel <em>Wheel</em> with Square Holes, 5.5x14", 5/<em>112 PCD</em>, 5.26" BS Eurovan 1991-1994 (701601027) buy online. Was $96.50 - Now $71.94. Free delivery on orders over ...~fides_delim~totalcount
112 pcd wheels~fides_delim~https://www.heritagepartscentre.com/us/ac601010p-ssp-gt-5-spoke-alloy-wheel-polished-5-5x15-5-112-pcd-4-04-bs.html~fides_delim~SSP GT 5 Spoke Alloy Wheel Polished 5.5x15", 5/112 ...~fides_delim~SSP GT 5 Spoke Alloy <em>Wheel</em> Polished 5.5x15", 5/<em>112 PCD</em>, 4.04" BS Baywindow 1971-1979 (AC601010P) buy online. Was $2.50 - Now $2.19.~fides_delim~totalcount
112 pcd wheels~fides_delim~https://www.walmart.com/ip/5-112-PCD-Tr72-Gloss-Silver-Machined-Face-Wheel/169801509?wmlspartner=wlpa&selectedSellerId=1148~fides_delim~5-112 PCD Tr72 Gloss Silver Machined Face Wheel~fides_delim~5-<em>112 PCD</em> Tr72 Gloss Silver Machined Face <em>Wheel</em> · About this item · Product details · Specifications · Warnings · Customer reviews &amp; ratings · Related pages.~fides_delim~totalcount
112 pcd wheels~fides_delim~http://www.alibaba.com/premium/pcd_5x112_wheels/----------------ASS/8.html~fides_delim~Pcd 5x112 Wheels - Alibaba.com~fides_delim~Choose Quality <em>Pcd 5x112 Wheels</em> Manufacturers, Suppliers, Exporters at ... OEM customized <em>pcd 5x112</em> 5x120 r18 inch alloy <em>wheel</em> blank car <em>wheels rims</em>.~fides_delim~totalcount
112 pcd wheels~fides_delim~https://www.discounttire.com/products/wheels/5x112-wheels~fides_delim~5x112 Wheels - Discount Tire~fides_delim~<em>5x112 wheel</em> and tire package. If you're in need of fresh rubber to wrap around your new <em>5x112 rims</em>, you can make your <em>wheel</em> upgrade a double up with ...~fides_delim~totalcount
112 pcd wheels~fides_delim~https://thewheeldepot.com/collections/5x112~fides_delim~5x112 – TheWheelDepot~fides_delim~Custom <em>Wheels</em> 20x8.5/9.5 Forged Aluminum Auto <em>Rims PCD 5x112</em> ... Crosstread 20x9 <em>5x112</em>, Satin Black/Machined <em>Wheel</em>. From $224.99. View · Winn 19x9.5 <em>5x112</em>, ...~fides_delim~totalcount
112 pcd wheels~fides_delim~https://www.rotawheelsuk.com/rota-wheels/rr-pcd/5x112/mode/list.html~fides_delim~5x112 - Rota Wheels UK~fides_delim~Currently Shopping by: Remove This Item RR <em>PCD</em>: <em>5x112</em>. Clear All. Shopping Options Filter. RR Offset.~fides_delim~totalcount
112 pcd wheels~fides_delim~https://www.autostyling.net/collections/wheels/5-112~fides_delim~WHEELS – Tagged &quot;5/112&quot; - Autostyling Klerksdorp~fides_delim~18” AS8705 5/<em>112</em> narrow wide <em>wheels</em> SIZE: 18inch <em>PCD</em>: <em>5x112</em> WIDTH: 8.5j front 9.5j rear OFFSET: 40front 45rear available in silver or gunmetal Price ...~fides_delim~totalcount
112 pcd wheels~fides_delim~https://www.neo-motorsport.com/ja/products/pcd-5x112-cb-57-1-forged-wheel-spacer-for-audi-volkswagen-bentley-lamborghini~fides_delim~EBS Wheel Spacer - PCD 5X112 CB 57.1 Audi / ...~fides_delim~For <em>wheel</em> hubs <em>P.C.D 5x112</em> and center bore 57.1. Bolts M14x1.5 extended bolts Included. Fits Audi A3, Audi A4, Audi A6, Audi A8, Audi TT, Audi R8, Audi Q3, ...~fides_delim~totalcount
112 pcd wheels~fides_delim~https://www.ultimatecustomsuk.com/products/apr-wheel-spacers-5x112-pcd-57-1mm-centre-bore-pair~fides_delim~APR Wheel Spacers - 5x112 PCD - 57.1mm Centre Bore ...~fides_delim~<em>5x112</em> Bolt Patern / <em>PCD</em> - 2mm - 15mm Spacer Widths Available - 10mm and above are Fully Hubcentric - Black Anodised Finish IMPORTANT NOTES:~fides_delim~totalcount
112 pcd wheels~fides_delim~https://m.globaltradeweek.com/product/detail/2005274838~fides_delim~Factory 20 Inch Alloy Car Wheel Rims Black Wheel PCD ...~fides_delim~Product Details ; <em>PCD</em>: 5*105-120mm, Hole: ; ET: +25~+35, Material: ; Finishing: Black, Machine face, Polished face, Width: ; Item: Forged <em>wheel</em>, Casting <em>wheel</em>, C.B: ...~fides_delim~totalcount
112 pcd wheels~fides_delim~https://www.neowheels.com/matrix/16x7-matrix-5x112-bm~fides_delim~16x7 Matrix 5x112 BM - Neo Wheels~fides_delim~The size of this alloy <em>wheel</em> is 16x7inch. The <em>PCD</em> is <em>5x112</em>. The Bore Size is 66.6. The offset is 20. NeoWheels offers wide variety of alloy <em>wheels</em> in terms of ...~fides_delim~totalcount
112 pcd wheels~fides_delim~https://www.youtube.com/watch?v=qBHqQBQd9yY~fides_delim~new alloy wheels 18 inches Alloy wheels 112 pcd - YouTube~fides_delim~new alloy <b>wheels</b> 18 inches Alloy <b>wheels 112 pcd</b>. Watch later. Share. Copy link. Info. Shopping. Tap to unmute.~fides_delim~totalcount
112 pcd wheels~fides_delim~https://store.ngpracing.com/42-draft-designs-4x100-to-5x112-pcd-adaptors.html~fides_delim~42 Draft Designs - 4x100 to 5x112 PCD Adapters~fides_delim~42 Draft Designs makes adapting different bolt pattern <em>wheels</em> onto your 4x100 vehicle easy with their new <em>PCD</em> adapters. Constructed from high quality ...~fides_delim~totalcount
112 pcd wheels~fides_delim~https://www.aliexpress.com/item/1005004018171707.html~fides_delim~5*112/5*100 Pcd Suitable For Santana Wheel Hub Motorcycle ...~fides_delim~5*<em>112</em>/5*100 <em>PCD</em> suitable for Santana <em>wheel</em> hub motorcycle aluminum alloy <em>rims</em> 15 inch 16 inch <em>wheels</em> ; Process technology. Finishing Chrome, Black, High Polished ...~fides_delim~totalcount
112 pcd wheels~fides_delim~https://www.counterspacegarage.com/tws-motorsport-rs317-forged-wheel-19-inch-5x112~fides_delim~TWS Motorsport RS317 - Forged Wheel - 19&quot; - 5x112~fides_delim~Reliability, consistency, and longevity are key to <em>wheels</em> used in racing. ... <em>5x112 P.C.D</em> Bolt Pattern covers Audi, VW, Mercedes Benz, and the Toyota GR Supra.~fides_delim~totalcount
112 pcd wheels~fides_delim~https://www.bonoss.com/5x110-on-5x112-with-wheel-adapters-cai205.html~fides_delim~Can You Put 5x110 on 5x112 with Wheel Adapters? - BONOSS~fides_delim~With <em>wheel</em> adapters, yes, you can put 5×110 <em>wheels</em> on 5×<em>112</em> vehicle hubs safely. Sometimes, it is troublesome when it came time to buy new ...~fides_delim~totalcount
112 pcd wheels~fides_delim~https://circuitperformance.com/category/circuit-performance-wheels-rims/page/3/?filters=_stock_status%5Binstock%5D%7Cwheel-bolt-pattern-pcd%5B4x100-bolt-pattern-5x112-bolt-pattern-5x114-3%5D%7Cwheel-design%5Bdual-drilled-single-drilled%5D~fides_delim~Wheels with In stock and Bolt Pattern 4x100, 5x112 or 5x114.3 ...~fides_delim~Circuit Performance <em>Wheels</em> are premium track proven <em>rims</em> that perform as good as they look. Browse our selection of <em>wheels</em> for street and motorsports. with ...~fides_delim~totalcount
112 pcd wheels~fides_delim~https://www.blackopsautoworks.com/products/fr2-ferrada-wheel-20-pcd-5x112-cb-66-56~fides_delim~FR2 Ferrada Wheel 20&quot; PCD 5x112 CB 66.56~fides_delim~FR2 Ferrada <em>Wheel</em> 20" <em>PCD 5x112</em> CB 66.56. *PRICE IS PER <em>WHEEL</em>. THE 10 SPOKE PROVOCATEUR. Evocative and seductive, this gorgeous 10-spoke design makes for a ...~fides_delim~totalcount
112 pcd wheels~fides_delim~https://www.evasivemotorsports.com/store/product/volk-racing-g16-wheel-19x90-5x112-offset-30/~fides_delim~Volk Racing G16 Wheel - 19x9.0 / 5x112 / Offset +30~fides_delim~Brand: Volk Racing ; Diameter: 19 ; MPN: VR-G16-1990-5112-30 ; <em>PCD</em>: <em>5x112</em> ; <em>Wheel</em> Offset: 30.~fides_delim~totalcount
112 pcd wheels~fides_delim~https://www.maperformance.com/products/eibach-pro-spacer-8mm-wheel-spacers-5x112-pcd-57-1-hub-s90-1-08-001~fides_delim~Eibach Pro-Spacer 8mm Wheel Spacers - 5x112 PCD / 57.1 ...~fides_delim~Pro-Spacer 8mm <em>Wheel</em> Spacers (<em>5x112 PCD</em> / 57.1 Hub) by Eibach ... You'll achieve optimum looks and enhanced handling by moving your <em>wheels</em> flush with the outer ...~fides_delim~totalcount
112 pcd wheels~fides_delim~https://m.kipardowheels.com/sale-13122857-pcd-5-112-5-120-18-19-20-21-22-24-inch-3-piece-forged-wheels.html~fides_delim~PCD 5×112 5×120 18 19 20 21 22 24 Inch 3 Piece Forged ...~fides_delim~Soft cap,logo,plastic bag,guard ring,hard carton. · 15 days · T/T · 80000 pieces per month · 3 piece forged aluminium <em>wheels</em>. ,. oxidation resistant forged aluminum ...~fides_delim~totalcount
112 pcd wheels~fides_delim~https://shop.wheelflip.com/collections/5x112-wheels~fides_delim~5x112 Wheels - WheelFlip~fides_delim~<em>5x112 Wheels</em>. Sort by. Featured, Best Selling, Alphabetically, A-Z, Alphabetically, Z-A, Price, low to high, Price, ...~fides_delim~totalcount
112 pcd wheels~fides_delim~https://www.pinterest.com/pin/415668240607060798/~fides_delim~RI-A PCD/Size: 5x112, 5x114.3, 5x120 Color: Matte ... - Pinterest~fides_delim~11-sep-2019 - Model: RI-A <em>PCD</em>/Size: <em>5x112</em>, 5x114.3, 5x120 Color: Matte Gray and Diamond ... ASANTI ABL-14 20x9 20x10.5 CONCAVE OFFSET Bmw E60, Car <em>Wheels</em>,.~fides_delim~totalcount
112 pcd wheels~fides_delim~https://www.demon-tweeks.com/us/forge-wheel-spacers-vag-5x110-5x112-pcd-fitment-pair-260254/~fides_delim~Forge Wheel Spacers VAG 5x100/5x112 PCD Fitment - Pair~fides_delim~Buy Forge <em>Wheel</em> Spacers VAG 5x110/<em>5x112 PCD</em> Fitment - Pair at Demon Tweeks. Shop the biggest brands with confidence and enjoy rapid worldwide delivery.~fides_delim~totalcount
112 pcd wheels~fides_delim~https://apaganautoparts.com/index.php/product/18-jdm-auto-couture-wheels/~fides_delim~18” JDM AUTO COUTURE WHEELS (PCD 5×112, 5×114.3 ...~fides_delim~18” JDM Auto Couture <em>Wheels PCD</em>(<em>5x112</em>, 5x114.3), 18X8 Offset +36 Center Bore73 - used, Rim Structure: One Piece, Stock No 382.~fides_delim~totalcount
112 pcd wheels~fides_delim~https://blackforestindustries.com/collections/5x112-wheels-66-6-center-bore~fides_delim~5x112 Wheels (66.6 Center Bore) - Black Forest Industries~fides_delim~<em>5x112 Wheels</em> (66.6 Center Bore). Filter.~fides_delim~totalcount
112 pcd wheels~fides_delim~https://www.croooober.com/en/item/cparts/00000119/Rims/15062780/%5BPCD:-112-5H%5D-WORK-XSA-04C-19-Inches-Wheels-V03327~fides_delim~[PCD: 112-5H] WORK XSA 04C 19 Inches Wheels V03327~fides_delim~Get your next [<em>PCD</em>: <em>112</em>-5H] WORK XSA 04C 19 Inches <em>Wheels</em> V03327 directly via Croooober Japan, the largest marketplace for used auto parts - worry-free ...~fides_delim~totalcount
112 pcd wheels~fides_delim~https://onlinetirebuy.com/products/stw16-m-17x7-steel-wheel-winter-black-pcd-5x112-cb-57-1-et-42-multi-fit~fides_delim~17X7 STEEL WHEEL WINTER BLACK PCD 5X112, CB-57.1 ...~fides_delim~17X7 STEEL <em>WHEEL</em> WINTER BLACK <em>PCD 5X112</em>, CB-57.1, ET-42 (DIRECT FIT)*OEM OR AFTERMARKET HUBCAPS MAY NOT FIT*~fides_delim~totalcount
112 pcd wheels~fides_delim~https://g30.bimmerpost.com/forums/showthread.php?t=1321330~fides_delim~G30 wheel bolt pattern? - BMW 5-Series Forum (G30)~fides_delim~So will my current F10 aftermarket <em>wheels</em> bolt right on to a G30? All BMW are transitioning to: <em>PCD 5x112</em>. CB 66.56. Began with i3/8 and all ...~fides_delim~totalcount
112 pcd wheels~fides_delim~http://m.gx-wheels.com/showroom/16-17-inch-pcd-5-100-112-magnesium-alloy-car-wheel-rims.html~fides_delim~16 17 Inch PCD 5*100-112 Magnesium Alloy Car Wheel Rims~fides_delim~16 17 Inch <em>PCD</em> 5*100-<em>112</em> Magnesium Alloy Car <em>Wheel Rims</em> ... Custom Design 17 inch Car <em>Wheels Rims</em>,if You Are Interested in Any of Our Cast <em>Wheels</em> Services. or ...~fides_delim~totalcount
112 pcd wheels~fides_delim~http://www.mttwheels.com/17-inch/17-5x112~fides_delim~17&#39; FIVE HOLES PCD 112~fides_delim~AL MUSBAH <em>TYRES</em> TRADING EST. Search. View Basket; My Basket; Send Inquiry ... 17 INCH · <em>5X112</em>. 13 INCH (3). 4X100 + 8H (2) · 4X114 (1). 14 INCH (11).~fides_delim~totalcount
112 pcd wheels~fides_delim~https://theinfamousproject.com/yes-5x112-wheels-will-fit-on-5x114-let-me-tell-you-how-i-know/~fides_delim~5x112 wheels on 5x114.3 Works - see how I did it!~fides_delim~These 18's I found were Mercedes fitment =66mm hub with a 5×<em>112</em> bolt ... Otherwise you can use <em>PCD wheel</em> adapters that can not only change ...~fides_delim~totalcount
112 pcd wheels~fides_delim~https://www.facebook.com/commerce/products/4261717997260075/~fides_delim~Hamann HM-3 17&quot; wheels 8.5Jx17 ET38 alloys 5x112 PCD ...~fides_delim~Hamann HM-3 17" <em>wheels</em> 8.5Jx17 ET38 alloys <em>5x112 PCD</em> Mercedes Benz VW Audi. Sold · $799.00. View on Website. This will take you to oldtimer-<em>wheels</em>.com.~fides_delim~totalcount
112 pcd wheels~fides_delim~https://www.cobaltss.net/forums/wheels-tires-96/5x110-5x112-310780/~fides_delim~5x110 and 5x112 - Cobalt SS Network~fides_delim~I recently purchased some <em>rims</em> in a <em>5x112</em> bolt pattern. Knowing a cobalt ss pattern is 5x110. I was going to use <em>pcd</em> variation lugs to mount the <em>rims</em>.~fides_delim~totalcount
112 pcd wheels~fides_delim~http://volvospeed.com/vs_forum/topic/144164-5x112-on-5x108-dangerous/~fides_delim~5x112 On 5x108 Dangerous? - Off-topic/Deleted Posts~fides_delim~I know Robbie (Mdlimy) was/is running <em>5x112</em> mercedes <em>wheels</em> and t. ... did because of the different <em>PCD</em>) it will put pressure on only points ...~fides_delim~totalcount
112 pcd wheels~fides_delim~https://www.hartmannwheels.com/audi-wheels~fides_delim~Audi Wheels, stock replicas - Hartmann Wheels~fides_delim~The Hartmann HRS6-091-GS replica <em>wheel</em> has a 5×<em>112</em> bolt pattern (<em>PCD</em>) and uses OEM Audi 14×1.5mm R13 ball seat lug bolts in 19" sizes and OEM Audi 14×1.5mm R14 ...~fides_delim~totalcount
112 pcd wheels~fides_delim~https://za.loozap.com/ads/18-inch-evo-1328-5-112-grey-alloy-wheels-5-112-pcd-national/2105501.html~fides_delim~18 inch Evo 1328 5-112 Grey Alloy Wheels - 5-112 pcd~fides_delim~18 inch Evo 1328 5-<em>112</em> Grey Alloy <em>Wheels</em> - 5-<em>112 pcd</em> - CB66.6 - 35 offset - 9j width - sold as a set of 4 Wide range alloy <em>wheels</em> and <em>tyres</em> at unbeatable ...~fides_delim~totalcount
112 pcd wheels~fides_delim~https://www.mycarforum.com/forums/topic/2703149-pcd-5-x-113-rims-on-pcd-5-x-112/page/2/~fides_delim~PCD 5 x 113 rims on PCD 5 x 112 - Page 2 - Mycarforum~fides_delim~5x113 is the rim <em>PCD</em>, in fact there is no car manufacturer making <em>wheels</em> with this <em>PCD</em> if i am not wrong. It is intentionally manufactured by ...~fides_delim~totalcount
112 pcd wheels~fides_delim~https://www.forgemotorsportoverland.com/products/forge-5x100-and-5x112-wheel-spacers-assorted-sizes~fides_delim~Forge 5x100 and 5x112 Wheel Spacers (Assorted Sizes)~fides_delim~These CNC machined precision alloy <em>wheel</em> spacers are a dual 5 stud bolt pattern for both 100 and <em>112mm PCD</em> fitments. The spacers are anodised black to ...~fides_delim~totalcount
112 pcd wheels~fides_delim~https://dumaimade.com/products/spinning-alloy-wheel-rim-pcd-5x112-114-3-cb-73-1-66-6-size-18-ex507~fides_delim~Flow Formed Alloy Wheel Rim PCD 5X112 114.3 CB 73.1 ...~fides_delim~Stock <em>Wheel</em> Specification on Quick Delivery Size ET <em>PCD</em> CB Finishes Load Rating 18x8.0 38 <em>5X112</em> 66.6 High Bright Black 690 18x8.0 38 <em>5X112</em> 66.6 Matte Black ...~fides_delim~totalcount
112 pcd wheels~fides_delim~https://mindanaotyrehaus.com/product/19-vip-black-design-mags-for-benz-audi-5holes-pcd-114-extreme-wheels/~fides_delim~19″ VIP Black Design Mags for Benz Audi 5Holes pcd 112 ...~fides_delim~4pcs 19″ VIP design Extreme <em>wheels</em> code DXW035 Mags Brandnew 5 holes <em>pcd 112</em> for Benz and Audi 19 x8.5 width / offset 35. Color: Black Face / Polish Lip~fides_delim~totalcount
112 pcd wheels~fides_delim~https://www.golfmk7.com/forums/index.php?threads/pcd-adapters-fit-5-x-100-wheels-to-g7-5-x-112-hubs.324803/~fides_delim~PCD adapters - fit 5 x 100 wheels to G7 5 x 112 hubs~fides_delim~Anyone use <em>PCD</em> adapters to fit different <em>PCD wheels</em> to their Golf VII? I have a set of winter <em>tyres</em> on Golf MkIV 15 inch <em>wheels</em> with 5 x 100 ...~fides_delim~totalcount
112 pcd wheels~fides_delim~https://forum.retro-rides.org/thread/129513/5x112-pcd-wheels-fit-5x114~fides_delim~So,do 5x112 pcd wheels fit 5x114.3 pcd? - Retro Rides~fides_delim~i have 5 x 114.3 <em>wheels</em> on my 190e with 5 x <em>112</em> - the centre bore matches, and I didnt need wobble bolts, the standard ones went in fine!~fides_delim~totalcount
112 pcd wheels~fides_delim~https://www.clublexus.com/forums/wheels-tires-and-brakes-forum/144618-what-will-happen-to-put-5x114-3-wheels-on-5x112.html~fides_delim~What will happen to put 5x114.3 wheels on 5x112? - ClubLexus~fides_delim~<em>Wheels</em>, <em>Tires</em> &amp; Brakes Forum - What will happen to put 5x114.3 <em>wheels</em> on <em>5x112</em>? - Guys, What do we need to do to put 5x114.3 <em>wheels</em> on <em>5x112</em> ...~fides_delim~totalcount
112 pcd wheels~fides_delim~https://orxkaa.industriopolis.eu/5x112-wheels.html~fides_delim~5x112 wheels - Industriopolis~fides_delim~The Hartmann HRS6-091-GS replica <em>wheel</em> has a 5×<em>112</em> bolt pattern ( <em>PCD</em>) and uses OEM VW 14×1.5mm R13 ball seat lug bolts in 19" sizing ...~fides_delim~totalcount
112 pcd wheels~fides_delim~https://www.m5board.com/threads/pcd-112-wheels-on-my-e60-m5-will-they-fit.496322/~fides_delim~Pcd 112 wheels on my e60 m5 ..will they fit~fides_delim~Hi I've found a set of 20 <em>wheels</em> to go on my m5 but the <em>pcd</em> is wrong I think they are for an audi .I no that the m5 carries a <em>pcd</em> 120 Is ...~fides_delim~totalcount
112 pcd wheels~fides_delim~http://www.rotiform.com/~fides_delim~Rotiform Wheels~fides_delim~Rotiform designs and builds the finest cast and custom forged <em>wheels</em> for your automobile. Focused on style, strength, and aggressive fitment, ...~fides_delim~totalcount
112 pcd wheels~fides_delim~https://www.extremecustoms.com/wheel-results.php?vid=0&bc=5x112&minrim=20&maxrim=20&minwidth=10&maxwidth=10&minoffset=+42&maxoffset=+42~fides_delim~5x112 Bolt Pattern Wheels at Extreme Customs~fides_delim~Extreme Customs! One of the fastest growing aftermarket accessory companies online! We ship thousands of <em>wheel</em> and tire packages and accessories each year!~fides_delim~totalcount
112 pcd wheels~fides_delim~https://www.customwheeloffset.com/~fides_delim~Custom Offsets: Simplifying Buying Aftermarket Wheels &amp; Tires~fides_delim~Browse the largest online gallery of truck aftermarket <em>wheels</em> &amp; <em>tires</em> &amp; shop the top brands of <em>wheels</em>, <em>tires</em>, &amp; suspension in the industry. Shop today!~fides_delim~totalcount
112 pcd wheels~fides_delim~http://bratu.bioweb.hunter.cuny.edu/gpzrk/ford-ranger-specs.html~fides_delim~Ford ranger specs. See the latest reviews, ratings, photos ...~fides_delim~Ford Ranger - <em>Wheel</em> size, <em>PCD</em>, offset, and other specifications such as bolt ... Specifications Reviews Specs Inventory Reg Cab <em>112</em>" WB XL MSRP: $11,845 ...~fides_delim~totalcount
112 pcd wheels~fides_delim~http://emsculptnewportbeach.com/wp-content/plugins/gbdpyra/6wnwvdxn/2018-bmw-m550i-weight.html~fides_delim~2018 bmw m550i weight. Despite the chassis trickery built-in ...~fides_delim~2" height All <em>Wheel</em> The M550i gets BMW's twin-turbocharged 4. ... control 2018 BMW 5 Series - <em>Wheel</em> &amp; Tire Sizes, <em>PCD</em>, Offset and <em>Rims</em> specs | <em>Wheel</em>-Size.~fides_delim~totalcount
112 pcd wheels~fides_delim~https://en.wikipedia.org/wiki/Ken_Block~fides_delim~Ken Block - Wikipedia~fides_delim~Signature <em>wheels</em>Edit · His 1965 Ford Mustang (aka Hoonicorn) uses the Rotiform KB-1 in a 5x120 <em>PCD</em>, with a 26 offset in a 18x10.5 tire width. · His 1977 Ford F- ...~fides_delim~totalcount
112 pcd wheels~fides_delim~https://d-raise.cfd/2001-silverado-1500-accessories.html~fides_delim~2001 silverado 1500 accessories~fides_delim~Will a stock 2014 Chevy Silverado <em>wheel</em> size 17 fit a 2001 Chevy ... Silverado 1500 - Find out the correct alloy <em>wheel</em> fitment, <em>PCD</em>, ...~fides_delim~totalcount
112 pcd wheels~fides_delim~https://www.wheelpros.com/wheels~fides_delim~Shop Wheels | Wheel Pros~fides_delim~Headquartered in Denver, Colorado, <em>Wheel</em> Pros is a leading designer, marketer, and distributor of branded aftermarket <em>wheels</em>.~fides_delim~totalcount
112 pcd wheels~fides_delim~https://thelegacyseminars.com/m89meo/bmw-x5-g06.html~fides_delim~Bmw x5 g06. E84: X1, 2009–2015. 00 + $175. Смотрите пол...~fides_delim~Complete 19" BMW X5 G05 OEM Stock <em>Wheels</em> Gloss Black <em>Rims Tires</em> TPMS ... 122500円 予約販売 即納 極上 スタッドレス MAK RAPP 20インチ <em>5H112</em> 9J 35 2021年製 ...~fides_delim~totalcount
112 pcd wheels~fides_delim~https://esrwheels.com/~fides_delim~ESR Wheels~fides_delim~The all-new Apex Series focuses on function and form to make the ultimate motorsport <em>wheel</em>. Using ForgeTech® technology we produced <em>wheels</em> lighter than ...~fides_delim~totalcount
112 pcd wheels~fides_delim~https://www.fitmentindustries.com/store/wheels~fides_delim~Car Wheels and Rims | Aftermarket Car Wheels In Stock~fides_delim~To get the most out of your car's performance, outfit it with a great looking set of <em>wheels</em> from America's best brands at Fitment Industries.~fides_delim~totalcount
