112 pcd~fides_delim~https://www.wheel-size.com/pcd/5x112/~fides_delim~5x112 - Bolt pattern~fides_delim~The <em>5x112</em> Bolt Pattern or Pitch Circle Diameter (<em>PCD</em>) is made up of the stud count (5) and the bolt circle measurement (<em>112</em>), the notional circle determined ...~fides_delim~totalcount
112 pcd~fides_delim~https://sizemywheels.com/lz-pcd/5-112~fides_delim~Bolt pattern, what cars have 5x112 wheels? 239 found~fides_delim~Bolt pattern or bolt circle is the diameter of an imaginary circle formed by the centers of the wheel lugs. A bolt circle of <em>5X112</em> would indicate a 5-lug ...~fides_delim~totalcount
112 pcd~fides_delim~https://www.roadkillcustoms.com/wheel-bolt-pattern-cross-reference/5x112-wheel-bolt-pattern-5x112mm-5x4.41-inches/~fides_delim~5 X 112 Bolt Pattern Cross Reference and Wheel Sizes~fides_delim~The 5 X <em>112</em> Bolt Pattern or Pitch Circle Diameter (<em>PCD</em>) is made up of the stud count (5) and the bolt circle measurement (<em>112</em>), the notional circle ...~fides_delim~totalcount
112 pcd~fides_delim~https://tirewheelguide.com/pcd/5x112/~fides_delim~Cars with 5x112 bolt pattern~fides_delim~<em>5x112</em> bolt pattern or 5x4.4 in inches is used on 380 models. Wheels with this bolt pattern are most often used on Volkswagen, Mercedes-Benz, Audi, BMW, ...~fides_delim~totalcount
112 pcd~fides_delim~https://bryansgarage.com/5x112-wheels-fit-what-cars/~fides_delim~5×112 Wheels Fit What Cars: The Models List - Bryan&#39;s Garage~fides_delim~So, a 5×<em>112</em> bolt pattern fits what cars? Mercedes-Benz, Audi, BMW, Infiniti, Chrysler, McLaren, MINI, Porsche, Toyota, and Volkswagen. For each ...~fides_delim~totalcount
112 pcd~fides_delim~https://www.wheelfitment.eu/PCD/5x112%20/66.6.html~fides_delim~PCD 5x112 - Center bore 66.6~fides_delim~~fides_delim~totalcount
112 pcd~fides_delim~https://www.team-bhp.com/forum/tyre-alloy-wheel-section/124539-can-112-pcd-alloys-fit-into-114-3mm-hub.html~fides_delim~Can 112 PCD alloys fit into 114.3mm Hub?~fides_delim~But the idea of <em>112</em> alloys being fitted into the 114.3 <em>PCD</em> hub of my civic is worrying me. I can't find any engraving of the <em>PCD</em> info in the ...~fides_delim~totalcount
112 pcd~fides_delim~https://wheelssize.com/bolt-pattern/5x112/~fides_delim~Cars with 5x112 Bolt Pattern - Wheels Size~fides_delim~Naturally, wheels with <em>5x112</em> lug pattern only bolt on the vehicles possessing the same number of studs and the same pitch circle diameter (<em>PCD</em>).~fides_delim~totalcount
112 pcd~fides_delim~https://www.alibaba.com/showroom/112-pcd-wheels.html~fides_delim~Custom 112 PCD Wheels~fides_delim~R14 15 17 18 19 20 Inch 4 5 Holes <em>PCD</em> 5X100 <em>112</em> 114.3 Car Rims Alloy Wheels. $75.00-$105.00 / piece. 4 pieces(Min. order).~fides_delim~totalcount
112 pcd~fides_delim~https://www.bbwheelsonline.com/5x112-bolt-pattern-wheels-rims-car/~fides_delim~5x112 Bolt Pattern Car And Truck Wheels And Rims~fides_delim~As with most of our wheel selections, <em>5x112</em> bolt pattern wheels come in an array of styles allowing you to personalize your vehicle however you wish.~fides_delim~totalcount
112 pcd~fides_delim~https://www.walmart.com/ip/5-112-PCD-Tr71-Gloss-Silver-Machined-Face-Wheel/358984684?wmlspartner=wlpa&selectedSellerId=1148~fides_delim~5-112 PCD Tr71 Gloss Silver Machined Face Wheel~fides_delim~Arrives by Fri, Dec 30 Buy 5-<em>112 PCD</em> Tr71 Gloss Silver Machined Face Wheel at Walmart.com.~fides_delim~totalcount
112 pcd~fides_delim~https://www.walmart.com/ip/5-112-PCD-Tr72-Gloss-Silver-Machined-Face-Wheel/169801509?wmlspartner=wlpa&selectedSellerId=1148~fides_delim~5-112 PCD Tr72 Gloss Silver Machined Face Wheel~fides_delim~<em>PCD</em> - 5-<em>112</em>; Offset Number - 40; Offset - High; Hub - 66.56; Finish - Gloss Silver &amp; Machined Face; Load Rating - 1725; Wheel Cap - C103272S.~fides_delim~totalcount
112 pcd~fides_delim~http://www.mttwheels.com/17-inch/17-5x112~fides_delim~17' FIVE HOLES PCD 112~fides_delim~Currency. € Euro; £ Pound Sterling; $ US Dollar. +97165431237; My Account · Register · Login · Wish List (0) · Shopping Cart · Checkout.~fides_delim~totalcount
112 pcd~fides_delim~https://factorystylewheels.com/wheel-styles/slk-style-rm07/~fides_delim~SLK Style - RM07~fides_delim~FRONT - 19x8.5, +35 Offset, <em>5x112 pcd</em>. FRONT - 19x8.5, +35 Offset, ... REAR - 19x9.5, +38 Offset, <em>5x112 pcd</em> ... FRONT - 22x9, +32 Offset, <em>5x112 pcd</em>.~fides_delim~totalcount
112 pcd~fides_delim~https://factorystylewheels.com/wheel-styles/2021-s-style-rm58/~fides_delim~2021 S Style - RM58~fides_delim~FRONT - 19x8.5, +45 Offset, <em>5x112 pcd</em> ... FRONT - 22x9, +32 Offset, <em>5x112 pcd</em> ... RM56198543+45, 19x8.5, 5x112, 45, Machined Face W/Black Outline, 66.56.~fides_delim~totalcount
112 pcd~fides_delim~https://www.rgsportshop.com/index.php?route=product/product&product_id=1069~fides_delim~H&R 15MM Spacer 5/112 PCD 66.5 CB (P/N:3055664)~fides_delim~H&amp;R 15MM Spacer 5/<em>112 PCD</em> 66.5 CB. MODEL : H&amp;R Part Number 3055664. FITMENT : - BMW G20 330i / M340i (includes xDrive) - BMW G30 530e / 530i / 540i / M550i ...~fides_delim~totalcount
112 pcd~fides_delim~https://www.rgsportshop.com/index.php?route=product/product&product_id=1074~fides_delim~H&R 30MM Spacer 5/112 PCD 66.5 CB DRA Rear Axle ...~fides_delim~H&amp;R 30MM Spacer 5/<em>112 PCD</em> 66.5 CB DRA Rear Axle Only. MODEL : H&amp;R Part Number 6055664. FITMENT : - BMW G20 330i / M340i (includes xDrive)~fides_delim~totalcount
112 pcd~fides_delim~https://www.neo-motorsport.com/ja/products/pcd-5x112-cb-57-1-forged-wheel-spacer-for-audi-volkswagen-bentley-lamborghini~fides_delim~EBS Wheel Spacer - PCD 5X112 CB 57.1 Audi / ...~fides_delim~For wheel hubs <em>P.C.D 5x112</em> and center bore 57.1. Bolts M14x1.5 extended bolts Included. Fits Audi A3, Audi A4, Audi A6, Audi A8, Audi TT, Audi R8, Audi Q3, ...~fides_delim~totalcount
112 pcd~fides_delim~https://www.ultimatecustomsuk.com/products/apr-wheel-spacers-5x112-pcd-66-5mm-centre-bore-pair~fides_delim~APR Wheel Spacers - 5x112 PCD - 66.5mm Centre Bore ...~fides_delim~Weight Saving Design - 66.5mm Centre Bore Configuration - <em>5x112</em> Bolt Patern / <em>PCD</em> - 2mm - 15mm Spacer Widths Available - 10mm and above are Fully Hubcentric~fides_delim~totalcount
112 pcd~fides_delim~https://www.autostyling.net/collections/wheels/5-112~fides_delim~WHEELS – Tagged "5/112"~fides_delim~18” AS8705 5/<em>112</em> narrow wide wheels SIZE: 18inch <em>PCD</em>: <em>5x112</em> WIDTH: 8.5j front 9.5j rear OFFSET: 40front 45rear available in silver or gunmetal Price ...~fides_delim~totalcount
112 pcd~fides_delim~https://www.autostyling.net/products/20-rangers-5-112-pcd~fides_delim~20” rangers 5/112 PCD (PRE-OWNED)~fides_delim~20” rangers 5/<em>112 PCD</em> (PRE-OWNED). R 19,999.99 R 22,200.00. Tax included. Shipping calculated at checkout.~fides_delim~totalcount
112 pcd~fides_delim~https://www.vlukon.eu/wheel-rim-6-00x10-67-112-5-studhole-d16-grey-alumi.html~fides_delim~Order Vlukon Rims: 6.00X10 | 67/112/5 |Studhole Ø16~fides_delim~Rim size 6.00X10H2 ET: -50 mm | 2.50 mm thick ring RIM with double saftey hump | diameter: 10 inch | width: 6.00 inch | <em>pcd</em>: 112mm &amp; center bore: 67mm l 5 ...~fides_delim~totalcount
112 pcd~fides_delim~https://store.ngpracing.com/42-draft-designs-4x100-to-5x112-pcd-adaptors.html~fides_delim~42 Draft Designs - 4x100 to 5x112 PCD Adapters~fides_delim~42 Draft Designs - 4x100 to <em>5x112 PCD</em> Adapters - 57mm Vehicle Hub Bore · Sold as a pair of adaptors. · This wheel adaptor set converts a 4x100 VW/Audi vehicle ...~fides_delim~totalcount
112 pcd~fides_delim~https://www.heritagepartscentre.com/us/701601027-steel-wheel-with-square-holes-5-5x14-5-112-pcd-5-26-bs.html~fides_delim~Steel Wheel with Square Holes, 5.5x14", 5/112 PCD, 5.26" ...~fides_delim~Steel Wheel with Square Holes, 5.5x14", 5/<em>112 PCD</em>, 5.26" BS Eurovan 1991-1994 (701601027) buy online. Was $96.50 - Now $71.94. Free delivery on orders over ...~fides_delim~totalcount
112 pcd~fides_delim~https://www.heritagepartscentre.com/eu/wc601027-rota-grid-alloy-wheel-white-8-5x18-5-112-pcd-et45.html~fides_delim~Rota Grid Alloy Wheel White, 8.5x18'', 5/112 PCD, ET45~fides_delim~Rota Grid Alloy Wheel White, 8.5x18'', 5/<em>112 PCD</em>, ET45 T4 1991-2003 (WC601027) buy online for €231.00. Fast delivery on orders to Europe - 365 day returns.~fides_delim~totalcount
112 pcd~fides_delim~https://www.facebook.com/marketplace/item/3324600321197268/~fides_delim~20 mm Spacers 5x114 pcd 5/112 - Fochville~fides_delim~ARC 20mm Spacers for 5x114 <em>pcd</em> cars Bought it a week back but not going to fit them Bore 73.1 inside and outside They can possibly fit a <em>5x112</em> R2000...~fides_delim~totalcount
112 pcd~fides_delim~https://www.clublexus.com/forums/wheels-tires-and-brakes-forum/530172-a-5x-112-rim-onto-a-5x114-3-pcd-car-question.html~fides_delim~a 5x 112 rim onto a 5x114.3 pcd car question~fides_delim~Wheels, Tires &amp; Brakes Forum - a 5x <em>112</em> rim onto a 5x114.3 <em>pcd</em> car question - Ok so as the title suggest i want to find a way to fit a set ...~fides_delim~totalcount
112 pcd~fides_delim~https://forcarwheels.en.made-in-china.com/product/BSvxcgRUHYpX/China-17-18-19-20-Inch-Car-Rims-PCD-5-112-Replica-Alloy-Wheels-for-Audi.html~fides_delim~17 18 19 20 Inch Car Rims PCD 5*112 Replica Alloy ...~fides_delim~17 18 19 20 Inch Car Rims <em>PCD</em> 5*<em>112</em> Replica Alloy Wheels for Audi. Reference FOB Price. Get Latest Price. US $44-80 / Piece |, 60 Pieces (Min. Order) ...~fides_delim~totalcount
112 pcd~fides_delim~https://www.horsepowerfreaks.com/advan-63mm-center-cap-100112-pcd-full-flat-type-silver-p-150713653.html~fides_delim~Advan 63mm Center Cap 100/112 PCD Full Flat Type Silver~fides_delim~These caps are designed to fit Advan Racing wheels. Comes with bonding agent for each cap. Note that smaller <em>PCD</em> such as <em>112</em>, 100 and 98 will require the 63mm ...~fides_delim~totalcount
112 pcd~fides_delim~https://www.pinterest.com/pin/xxr-527-18-x-875-et35-5-x-100-112-pcd-flat-matt-bronze-xr52718874bz--312929874102569540/~fides_delim~XXR 527 18 X 8.75 - ET35 - 5 X 100 + 112 PCD - Pinterest~fides_delim~Mar 15, 2018 - XXR 527 18 X 8.75 - ET35 - 5 X 100 + <em>112 PCD</em> - FLAT MATT BRONZE / XR527-1887-4BZ.~fides_delim~totalcount
112 pcd~fides_delim~https://www.mycarforum.com/forums/topic/2703149-pcd-5-x-113-rims-on-pcd-5-x-112/~fides_delim~PCD 5 x 113 rims on PCD 5 x 112 - Tyres and Rims~fides_delim~i was assured that the set of rims i have chosen <em>PCD</em> 5 x 113 are able to fit my ride of <em>PCD</em> 5 x <em>112</em> after which after fixing, ...~fides_delim~totalcount
112 pcd~fides_delim~https://apaganautoparts.com/index.php/product/18-jdm-auto-couture-wheels/~fides_delim~18” JDM AUTO COUTURE WHEELS (PCD 5×112, 5× ...~fides_delim~18” JDM Auto Couture Wheels <em>PCD</em>(<em>5x112</em>, 5x114.3), 18X8 Offset +36 Center Bore73 - used, Rim Structure: One Piece, Stock No 382.~fides_delim~totalcount
112 pcd~fides_delim~https://www.urotuning.com/products/pcd-variation-wobble-bolts-14x1-5x27-use-5x114-3-wheels-on-5x112-d39le~fides_delim~PCD Variation Wobble Bolts | 14x1.5x27 (Use 5x114.3 ...~fides_delim~3 bolt pattern on your <em>5x112</em> pattern. On top of that, they are zinc coated to ensure long life. How do Wobble Bolts work. Wobbly bolts have a 'floating' ...~fides_delim~totalcount
112 pcd~fides_delim~https://www.vividracing.com/advan-63mm-center-cap-100112-pcd-high-type-light-brown-p-53560.html~fides_delim~Advan 63mm Center Cap 100/112 PCD High Type Light ...~fides_delim~These caps are designed to fit Advan Racing wheels. Comes with bonding agent for each cap. Note that smaller <em>PCD</em> such as <em>112</em>, 100 and 98 will require the 63mm ...~fides_delim~totalcount
112 pcd~fides_delim~https://www.youtube.com/watch?v=qBHqQBQd9yY~fides_delim~new alloy wheels 18 inches Alloy wheels 112 pcd - YouTube~fides_delim~new alloy wheels 18 inches Alloy wheels <b>112 pcd</b>. Watch later. Share. Copy link. Info. Shopping. Tap to unmute.~fides_delim~totalcount
112 pcd~fides_delim~https://www.golfmk7.com/forums/index.php?threads/pcd-adapters-fit-5-x-100-wheels-to-g7-5-x-112-hubs.324803/~fides_delim~PCD adapters - fit 5 x 100 wheels to G7 5 x 112 hubs~fides_delim~Anyone use <em>PCD</em> adapters to fit different <em>PCD</em> wheels to their Golf VII? I have a set of winter tyres on Golf MkIV 15 inch wheels with 5 x 100 ...~fides_delim~totalcount
112 pcd~fides_delim~https://www.aliexpress.com/item/1005004018171707.html~fides_delim~5*112/5*100 Pcd Suitable For Santana Wheel Hub ...~fides_delim~Buy <em>pcd</em> suitable online with fast delivery and free shipping. Find products of Exhaust Temperature Meter with high quality at AliExpress.~fides_delim~totalcount
112 pcd~fides_delim~https://www.rotawheelsuk.com/rota-wheels/rr-pcd/5x112/wheel-model/grid/mode/list.html~fides_delim~Rota Wheels : 5x112 and Grid~fides_delim~RR <em>PCD</em>: <em>5x112</em>; Remove This Item Wheel Model: Grid. Clear All. Shopping Options Filter. RR Offset.~fides_delim~totalcount
112 pcd~fides_delim~https://www.bonoss.com/bolt-pattern-center-bore/pcd5x112-cb63-3~fides_delim~PCD:5x112 CB:63.3~fides_delim~Home/<em>PCD</em>:<em>5x112</em> CB:63.3. Sort by Date ... BONOSS Forged Active Cooling Hubcentric 5×<em>112</em> Wheel Spacers Aluminum 6061-T6 CB63.3 for Ford Scorpio 1985-1994.~fides_delim~totalcount
112 pcd~fides_delim~https://octopart.com/m85049%2F112-16tw09-6-amphenol+pcd-49944734~fides_delim~Amphenol Pcd M85049/112-16TW09-6 - Connectors~fides_delim~Find the best pricing for Amphenol <em>Pcd</em> M85049/<em>112</em>-16TW09-6 by comparing bulk discounts starting at $48.095 at 1000. Octopart is the world's source for ...~fides_delim~totalcount
112 pcd~fides_delim~https://nlmotoring.com/wheel-bolt-pattern-pcd/5x112/~fides_delim~Shop By Bolt Pattern: 5x112 Wheels~fides_delim~Browse our selection of aftermarket wheels by bolt pattern. See all <em>5x112</em> wheels online, and enjoy our low price guarantee on every rim.~fides_delim~totalcount
112 pcd~fides_delim~https://mindanaotyrehaus.com/product/19-vip-black-design-mags-for-benz-audi-5holes-pcd-114-extreme-wheels/~fides_delim~19″ VIP Black Design Mags for Benz Audi 5Holes pcd 112 ...~fides_delim~4pcs 19″ VIP design Extreme wheels code DXW035 Mags Brandnew 5 holes <em>pcd 112</em> for Benz and Audi 19 x8.5 width / offset 35. Color: Black Face / Polish Lip~fides_delim~totalcount
112 pcd~fides_delim~https://theinfamousproject.com/yes-5x112-wheels-will-fit-on-5x114-let-me-tell-you-how-i-know/~fides_delim~5x112 wheels on 5x114.3 Works - see how I did it!~fides_delim~<em>P.C.D.</em> Variation Nuts were meant for exactly this, someone wanting to use a 5×<em>112</em> wheels on 5×114.3 car or vice versa! Below you can see how ...~fides_delim~totalcount
112 pcd~fides_delim~https://www.maperformance.com/products/eibach-pro-spacer-8mm-wheel-spacers-5x112-pcd-57-1-hub-s90-1-08-001~fides_delim~Eibach Pro-Spacer 8mm Wheel Spacers - 5x112 PCD / ...~fides_delim~Pro-Spacer 8mm Wheel Spacers (<em>5x112 PCD</em> / 57.1 Hub) by Eibach You'll achieve optimum looks and enhanced handling by moving your wheels flush with the outer ...~fides_delim~totalcount
112 pcd~fides_delim~https://forum.retro-rides.org/thread/129513/5x112-pcd-wheels-fit-5x114~fides_delim~So,do 5x112 pcd wheels fit 5x114.3 pcd? - Retro Rides~fides_delim~3 alloys that he's tried on a passat with no issues (<em>5x112</em>). It's all for show and no go as it's a 2.3 d once voted the slowest vehicle of the ...~fides_delim~totalcount
112 pcd~fides_delim~https://www.iscar.com/eCatalog/Family.aspx?fnum=3728&mapp=IS&app=83&GFSTYP=M~fides_delim~Ext. 35° Diamond 112° Approach - VCGT-(PCD)~fides_delim~ISO-Turning - Ext. 35° Diamond <em>112</em>° Approach - VCGT-(<em>PCD</em>) : 35° rhombic inserts with a single brazed tip. Used for aluminum finishing (<em>PCD</em>).~fides_delim~totalcount
112 pcd~fides_delim~https://www.supramkv.com/threads/manufacturers-of-5x112-pcd-wheels.1943/~fides_delim~Manufacturers of 5x112 PCD wheels~fides_delim~I know there's SSR, Work, Yokohama... Any other manufacturers do them in decent widths? (i.e. at least matching factory A90 9" and 10" wide)~fides_delim~totalcount
112 pcd~fides_delim~https://www.demon-tweeks.com/us/forge-wheel-spacers-vag-5x110-5x112-pcd-fitment-pair-260254/~fides_delim~Forge Wheel Spacers VAG 5x100/5x112 PCD Fitment - Pair~fides_delim~Buy Forge Wheel Spacers VAG 5x110/<em>5x112 PCD</em> Fitment - Pair at Demon Tweeks. Shop the biggest brands with confidence and enjoy rapid worldwide delivery.~fides_delim~totalcount
112 pcd~fides_delim~https://www.m5board.com/threads/pcd-112-wheels-on-my-e60-m5-will-they-fit.496322/~fides_delim~Pcd 112 wheels on my e60 m5 ..will they fit~fides_delim~Yes there are adapters out there that will convert your hub to accept a <em>5x112</em> (Audi) bolt pattern. First thing you need to take into account is ...~fides_delim~totalcount
112 pcd~fides_delim~https://www.peigenesis.com/en/shop/part-information/M8504911216TN056/PCD/EACH/905835.html~fides_delim~M85049/112-16TN05-6 Amphenol PCD~fides_delim~Buy Amphenol <em>PCD</em>/M85049/<em>112</em>-16TN05-6 at PEI-Genesis. Check stock, pricing &amp; view product specs. Authorized Distributor. Ships fast with no minimum order ...~fides_delim~totalcount
112 pcd~fides_delim~https://www.systemmotorsports.com/collections/wheels-5x112~fides_delim~Wheels, 5x112~fides_delim~Rays Volk TE37SL - 19x9.5 +22 / 19x10.5 +35 / <em>5x112</em> - (A90 Supra Fitment) *Set of 4*. On sale from $3,919.70. Sale. View · Work Emotion CR 2P - 19".~fides_delim~totalcount
112 pcd~fides_delim~https://sensei6.com/products/18-volk-te37-saga-s-plus-5x112~fides_delim~18" Volk TE37 Saga S-Plus / 5x112~fides_delim~Prices are listed individually (per wheel), all in <em>5x112 PCD</em>. Center Caps are sold separately. Special Colors are listed as follows:.~fides_delim~totalcount
112 pcd~fides_delim~https://g30.bimmerpost.com/forums/showthread.php?t=1321330~fides_delim~G30 wheel bolt pattern? - BMW 5-Series Forum (G30)~fides_delim~<em>PCD 5x112</em>. CB 66.56. Began with i3/8 and all CLAR based cars (G11/30 and newer). It saves a tremendous amount of weight in the axles and ...~fides_delim~totalcount
112 pcd~fides_delim~https://modernspare.com/product/5x112mm-1-75inch-spacer/~fides_delim~1.75" Bolt-On Wheel Spacer 5 X112mm PCD~fides_delim~1.75″ Bolt-On Wheel Spacer 5 <em>X112mm PCD</em> – Modern Spare. $59.99. PRODUCT DETAILS : 5 X <em>112mm PCD</em> Bolt Pattern; Bolt-On Style 1.75″-Inch Spacer ...~fides_delim~totalcount
112 pcd~fides_delim~https://x3.xbimmers.com/forums/showthread.php?t=1848001~fides_delim~From 112 Status to PCD Date? - XBimmers | BMW X3 Forum~fides_delim~From <em>112</em> Status to <em>PCD</em> Date? BMW X3M (F97) and X4M (F98) General Forum (2018+)~fides_delim~totalcount
112 pcd~fides_delim~https://www.newark.com/amphenol-pcd/m85049-112-24tn10-6/pre-shield-str-en/dp/04P3569~fides_delim~amphenol pcd m85049/112-24tn10-6 - Pre-Shield, STR,EN~fides_delim~Buy M85049/<em>112</em>-24TN10-6 - Amphenol <em>Pcd</em> - Pre-Shield, STR,EN. Newark offers fast quotes, same day shipping, fast delivery, wide inventory, ...~fides_delim~totalcount
112 pcd~fides_delim~https://www.mouser.com/ProductDetail/Amphenol-Pcd/M85049-112-22KW11-6D?qs=OHsKi%252BOoFlL%252BPMWk2CPQfQ%3D%3D~fides_delim~M85049/112-22KW11-6D Amphenol Pcd~fides_delim~M85049/<em>112</em>-22KW11-6D Amphenol <em>Pcd</em> Circular MIL Spec Strain Reliefs &amp; Adapters BACKSHELL PRE-SHLD ADAPTER ST NIC SZ 22 datasheet, inventory, &amp; pricing.~fides_delim~totalcount
112 pcd~fides_delim~https://www.mouser.com/ProductDetail/Amphenol-Pcd/M85049-112-14KN03-6?qs=OHsKi%252BOoFlK0WWNpqp1Oxg%3D%3D~fides_delim~M85049/112-14KN03-6 Amphenol Pcd~fides_delim~M85049/<em>112</em>-14KN03-6 Amphenol <em>Pcd</em> Circular MIL Spec Strain Reliefs &amp; Adapters BACKSHELL PRE-SHLD ADAPTER ST NIC SZ 14 datasheet, inventory, &amp; pricing.~fides_delim~totalcount
112 pcd~fides_delim~https://www.croooober.com/en/item/cparts/00000139/Rim-%26-Studless-Tire-Sets/14410135/%5BBMW-5-Series-G30-Size-%21%21-PCD-Note-112-5HMLJ-HYPERION-CVM~fides_delim~[BMW 5 Series G30 Size !! PCD Note 112-5HMLJ ...~fides_delim~<em>PCD</em> Note <em>112</em>-5HMLJ HYPERION CVM + NANKANG CORSAFA directly via Croooober Japan, the largest marketplace for used auto parts - worry-free worldwide shipping ...~fides_delim~totalcount
112 pcd~fides_delim~https://www.dejavu86.com/miatananb/p/ultralite-ul10-15x8-et10-4x1001143-pcd-silvermachined~fides_delim~CERCHI ULTRALITE UL10 15X8 - ET10 - 4X100+114.3 PCD~fides_delim~MANUFACTURER : Ultralite Wheels UNIT QUANTITY : 1 Wheel SIZE : 15 X 8 SPECIFICATION : ET10 - 4x100+114.3 <em>PCD</em> COLOUR : Silver / Machined Rim &amp; face MATERIAL ...~fides_delim~totalcount
112 pcd~fides_delim~https://www.alliedelec.com/product/amphenol-pcd/m85049-112-24tn13-6/72501882/?utm_source=findchips&utm_medium=part_sourcing&utm_campaign=partsourcing_findchips_IMP_EX_GR~fides_delim~Amphenol Pcd - M85049/112-24TN13-6~fides_delim~M85049/<em>112</em>-24TN13-6 from Amphenol <em>Pcd</em> at Allied Electronics &amp; Automation, part of RS Group.~fides_delim~totalcount
112 pcd~fides_delim~https://www.alliedelec.com/product/amphenol-pcd/m85049-112-24kw10-6/72501856/~fides_delim~Amphenol Pcd - M85049/112-24KW10-6~fides_delim~M85049/<em>112</em>-24KW10-6 from Amphenol <em>Pcd</em> at Allied Electronics &amp; Automation, part of RS Group.~fides_delim~totalcount
112 pcd~fides_delim~https://za.loozap.com/ads/18-inch-evo-1328-5-112-grey-alloy-wheels-5-112-pcd-national/2105501.html~fides_delim~18 inch Evo 1328 5-112 Grey Alloy Wheels - 5-112 pcd~fides_delim~18 inch Evo 1328 5-112 Grey Alloy Wheels - 5-<em>112 pcd</em> - CB66.6 - 35 offset - 9j width - sold as a set of 4 Wide range alloy wheels and tyres at unbeatable ...~fides_delim~totalcount
112 pcd~fides_delim~https://www.neowheels.com/sport/16x7-sport-5x112-bm~fides_delim~Product 16X7 SPORT 5X112 BM Of SPORT Wheel~fides_delim~Sport in Black Machined finish. The Size of alloy wheel is 16x7 inch and the <em>PCD</em> is <em>5x112</em>. NeoWheels is the No.1 Alloy Wheel Brand in India.~fides_delim~totalcount
112 pcd~fides_delim~https://vossenwheels.com/~fides_delim~Vossen Wheels | Luxury &amp; Performance Forged Wheels | Flow ...~fides_delim~Vossen Wheels is a manufacturer of Luxury and Performance Forged Wheels and Hybrid Forged Wheels, using advanced flow forming to make a stronger and lighter ...~fides_delim~totalcount
112 pcd~fides_delim~http://www.rotiform.com/~fides_delim~Rotiform Wheels~fides_delim~Rotiform designs and builds the finest cast and custom forged wheels for your automobile. Focused on style, strength, and aggressive fitment, ...~fides_delim~totalcount
112 pcd~fides_delim~https://m.forgedautowheels.com/quality-13999394-17-inch-lightweight-forged-wheels-pcd-5-112-for-benz-bmw-vw-audi~fides_delim~17 Inch Lightweight Forged Wheels PCD 5-112 For BENZ ...~fides_delim~High quality 17 Inch Lightweight Forged Wheels <em>PCD</em> 5-<em>112</em> For BENZ BMW VW Audi from China, China's leading 17 inch Lightweight Forged Wheels Product, ...~fides_delim~totalcount
112 pcd~fides_delim~https://en.wikipedia.org/wiki/Synthetic_diamond~fides_delim~Synthetic diamond~fides_delim~Lab-grown diamond is diamond that is produced in a controlled technological process (in ... Polycrystalline diamond (<em>PCD</em>) consists of numerous small grains, ...~fides_delim~totalcount
112 pcd~fides_delim~https://www.customwheeloffset.com/~fides_delim~Custom Offsets: Simplifying Buying Aftermarket Wheels &amp; Tires~fides_delim~Browse the largest online gallery of truck aftermarket wheels &amp; tires &amp; shop the top brands of wheels, tires, &amp; suspension in the industry. Shop today!~fides_delim~totalcount
112 pcd~fides_delim~https://www.pdc.tv/order-of-merit/pdc-order-merit~fides_delim~PDC Order of Merit~fides_delim~~fides_delim~totalcount
112 pcd~fides_delim~https://convertio.co/mp3-ogg/~fides_delim~MP3 to OGG (Online & Free)~fides_delim~The scale is non-linear. The "Auto" mode produces roughly <em>112</em> kbps bitrate and is good in most cases. Audio Channels: Auto ...~fides_delim~totalcount
112 pcd~fides_delim~https://www.reuters.com/article/india-ratings/india-ratings-for-indian-debt-instruments-may-15-idINL3N1SM2BG~fides_delim~India Ratings for Indian debt instruments – May 15~fides_delim~... OCD-optionally convertible debenture; OD-Over Draft; OFCD-Optionally Fully Convertible Debenture; <em>PCD</em>-Partially Convertible Debenture; ...~fides_delim~totalcount
112 pcd~fides_delim~https://www.procyclingstats.com/rider/mads-pedersen~fides_delim~Mads Pedersen~fides_delim~~fides_delim~totalcount
112 pcd~fides_delim~https://www1.odcr.com/~fides_delim~On Demand Court Records~fides_delim~... M103, M104, M105, M106, M107, M108, M109, M11, M110, M111, <em>M112</em>, M113, M114, M115, M116, M117, M118, M119, M12, M120, M121, M122, M123, M124, M125, M126 ...~fides_delim~totalcount
112 pcd~fides_delim~http://bratu.bioweb.hunter.cuny.edu/gpzrk/ford-ranger-specs.html~fides_delim~Ford ranger specs. See the latest reviews, ratings, photos, ...~fides_delim~Ford Ranger - Wheel size, <em>PCD</em>, offset, and other specifications such as bolt ... Specifications Reviews Specs Inventory Reg Cab <em>112</em>" WB XL MSRP: $11,845 ...~fides_delim~totalcount
112 pcd~fides_delim~https://www.wheelpros.com/wheels~fides_delim~Shop Wheels~fides_delim~Headquartered in Denver, Colorado, Wheel Pros is a leading designer, marketer, and distributor of branded aftermarket wheels.~fides_delim~totalcount
112 pcd~fides_delim~http://emsculptnewportbeach.com/wp-content/plugins/gbdpyra/6wnwvdxn/2018-bmw-m550i-weight.html~fides_delim~2018 bmw m550i weight. Despite the chassis trickery built-in ...~fides_delim~... 19 in Number of Bolts: 5 Bolt Pattern: <em>112</em> mm Offset: 30 Rim Weight: 30 lbs. ... 5 Series - Wheel &amp; Tire Sizes, <em>PCD</em>, Offset and Rims specs | Wheel-Size.~fides_delim~totalcount
112 pcd~fides_delim~https://xao.classyegy.com/albendazole-400-mg-dosage.html~fides_delim~Albendazole 400 Mg Dosage~fides_delim~Pharma Drugs &amp; Chemicals - Offering <em>PCD</em> for Albendazole 200 mg +ACY- ... Goat &amp; Sheep: 5-7.5 mg/kg body weight or <em>112</em> bolus for 13-20 kg body weight &amp; 1 6 ...~fides_delim~totalcount
112 pcd~fides_delim~http://xaanata.com/bsvhv6/grindstone-lake-boat-rentals.html~fides_delim~Grindstone lake boat rentals. it Views: 29179 Published~fides_delim~2022 Author: <em>pcd</em>. ... 1020) Charter reference— Similar provisions, § <em>112</em> . ... Search: Best Rock Hunting Lake Michigan Hunting Rock Michigan Best Lake <em>pcd</em>.~fides_delim~totalcount
112 pcd~fides_delim~https://flymall.club/jwfs/shelbyville-il-news-police-reports.html~fides_delim~Shelbyville il news police reports. 25 . Manchester Police ...~fides_delim~... and the deceased as Samantha Cushing, 22, whose body was found in a home at <em>112</em> N. (WAND) - The woman a Shelbyville murder suspect is accused of killing ...~fides_delim~totalcount
112 pcd~fides_delim~https://thelegacyseminars.com/m89meo/bmw-x5-g06.html~fides_delim~Bmw x5 g06. E84: X1, 2009–2015. 00 + $175. Смотрите пол...~fides_delim~122500円 予約販売 即納 極上 スタッドレス MAK RAPP 20インチ <em>5H112</em> 9J 35 2021年製 深溝 ... known as the BMW X5 Owner Road Trips From <em>PCD</em> Delivery to Alaska!~fides_delim~totalcount
112 pcd~fides_delim~https://d-raise.cfd/honeywell-class-2-30v-max.html~fides_delim~honeywell class 2 30v max~fides_delim~... IP …. <em>pcd</em> inserts for turning and milling aluminum alloy,polycrystalline. ... Horns HORN DATA Voltage10-30V DC Horn <em>Type112</em> dB / 32 tone gray Mounting …~fides_delim~totalcount
112 pcd~fides_delim~https://d-raise.cfd/2001-silverado-1500-accessories.html~fides_delim~2001 silverado 1500 accessories~fides_delim~... <em>PCD</em>, offset and such specs as bolt pattern, thread size(THD), ... R (106 mph) or S (<em>112</em> mph) with a few having T ratings (118 mph).~fides_delim~totalcount
112 pcd~fides_delim~https://esrwheels.com/~fides_delim~ESR Wheels~fides_delim~Our lightest and strongest series to date. The all-new Apex Series focuses on function and form to make the ultimate motorsport wheel. Using ForgeTech® ...~fides_delim~totalcount
112 pcd~fides_delim~https://www.fitmentindustries.com/store/wheels~fides_delim~Car Wheels and Rims | Aftermarket Car Wheels In Stock~fides_delim~To get the most out of your car's performance, outfit it with a great looking set of wheels from America's best brands at Fitment Industries.~fides_delim~totalcount
112 pcd~fides_delim~https://raleighnc.gov/~fides_delim~RaleighNC.gov | Raleighnc.gov~fides_delim~Welcome to Raleigh! City of Oaks. All COVID-19 Related Information. Online Services.~fides_delim~totalcount
112 pcd~fides_delim~https://www.visualcomfort.com/~fides_delim~Signature Designer Light Fixtures | Experience Visual Comfort ...~fides_delim~Visual Comfort &amp; Co. is a premier resource of designer lighting, with an array of light fixtures including pendant lighting and chandeliers.~fides_delim~totalcount
