112 pc~fides_delim~https://store.steampowered.com/app/793460/112_Operator/~fides_delim~Save 80% on 112 Operator on Steam~fides_delim~<em>112</em> Operator allows you to manage emergency services in any city in the world! Dispatch units, take calls and face situations caused by¬†...~fides_delim~totalcount
112 pc~fides_delim~https://store.steampowered.com/app/324770/eXperience_112/~fides_delim~eXperience 112 on Steam~fides_delim~An abandoned boat. A system of surveillance camera that works. A woman, Lea Nichols, only survivor of a team of researchers. Monitor, manage, search‚Ä¶~fides_delim~totalcount
112 pc~fides_delim~https://www.metacritic.com/game/pc/112-operator~fides_delim~112 Operator for PC Reviews - Metacritic~fides_delim~Summary: <em>112</em> Operator allows you to manage emergency services in any city in the world! Dispatch units, take calls and face situations¬†...~fides_delim~totalcount
112 pc~fides_delim~https://www.metacritic.com/game/pc/emergency-call-112-the-fire-fighting-simulation~fides_delim~Emergency Call 112: The Fire Fighting Simulation - Metacritic~fides_delim~Metacritic Game Reviews, Emergency Call <em>112</em>: The Fire Fighting Simulation for <em>PC</em>, Emergency Call <em>112</em> - The Fire Fighting Simulation is an¬†...~fides_delim~totalcount
112 pc~fides_delim~https://www.pcgamingwiki.com/wiki/EXperience_112~fides_delim~EXperience 112 - PCGamingWiki PCGW~fides_delim~EXperience <em>112</em>. From PCGamingWiki, the wiki about fixing <em>PC</em> games. This page is a stub: it lacks content and/or basic article components.~fides_delim~totalcount
112 pc~fides_delim~https://www.schallercorporation.com/112-pc-red-plastic-box-assortment-2-deep-three-3-sizes/~fides_delim~112 piece red plastic box assortment 2" deep~fides_delim~<em>112 pc</em> Red Plastic Box Assortment . 2" deep - Three (3) sizes ¬∑ Product Description ¬∑ Warranty Information ¬∑ Product Reviews ¬∑ Find Similar Products by Category.~fides_delim~totalcount
112 pc~fides_delim~https://www.schallercorporation.com/112-pc-blue-plastic-box-assortment-2-deep-three-3-sizes/~fides_delim~112 piece blue plastic box assortment 2" deep~fides_delim~<em>112</em> Piece Blue Plastic Box Assortment. fits Lista, Vidmar, Kobalt, Husky and many other popular brands of toolbox drawers. This assortment will fill out¬†...~fides_delim~totalcount
112 pc~fides_delim~https://www.g2a.com/emergency-call-112-the-fire-fighting-simulation-2-pc-steam-gift-global-i10000246868005~fides_delim~Emergency Call 112 ‚Äì The Fire Fighting Simulation 2 (PC) ...~fides_delim~Get the best deals on Emergency Call <em>112</em> ‚Äì The Fire Fighting Simulation 2 (<em>PC</em>) - Steam Gift - GLOBAL at the most attractive prices on the¬†...~fides_delim~totalcount
112 pc~fides_delim~https://www.g2a.com/112-operator-pc-steam-key-global-i10000195150003~fides_delim~Buy 112 Operator (PC) - Steam Key - GLOBAL - G2A~fides_delim~Get the best deals on <em>112</em> Operator (<em>PC</em>) - Steam Key - GLOBAL at the most attractive prices on the market. Don't overpay ‚Äì buy cheap on G2A.~fides_delim~totalcount
112 pc~fides_delim~https://www.qvc.com/Davids-Cookies-112-pc-Choc-Chunk-%26-Red-Velvet-Cookie-Dough.product.M84184.html~fides_delim~David&#39;s Cookies 112-pc Choc Chunk &amp; Red Velvet ... - QVC~fides_delim~David's Cookies <em>112</em>-<em>pc</em> Choc Chunk &amp; Red Velvet Cookie Dough ... Includes 112 0.9-oz pre-formed cookie doughs (one box of 56 Chocolate Chunk¬†...~fides_delim~totalcount
112 pc~fides_delim~https://www.higherprecision.com/products/gage-blocks/mitutoyo-516-937-26-grade-00-112-piece-steel-rectangular-gage-block-set-with-inspection-certificate~fides_delim~516-937-26 Mitutoyo 112-Pc Metric Rect. Gage Block Set~fides_delim~Higher Precision carries the <em>112</em> Piece Grade 00 Metric Rectangular Gage Block Set # 516-937-26. We carry all Mitutoyo Gage Blocks.~fides_delim~totalcount
112 pc~fides_delim~https://www.ccp.edu/college-catalog/course-offerings/all-courses/csci-112-computer-science-ii~fides_delim~CSCI 112 - Computer Science II~fides_delim~CSCI <em>112</em> - <em>Computer</em> Science II ... An introduction to object-oriented programming and algorithm development, with an overview of computers, programming languages,¬†...~fides_delim~totalcount
112 pc~fides_delim~https://www.li-lacchocolates.com/products/112-pc-french-assortment-br-span-style-font-size-11px-3-lb-chocolate-gift-box-span~fides_delim~112 pc. French Assortment (Chocolate Gift Box, 3 lbs.)~fides_delim~3 lb. French Assortment gourmet chocolate gift box contains a mix of milk and dark chocolate squares filled with delicious centers.~fides_delim~totalcount
112 pc~fides_delim~https://www.carnival-store.com/state-fair-salt-water-taffy-candy-112-pc/~fides_delim~State Fair Salt Water Taffy Candy ‚Äì 112 Pc.~fides_delim~Discover our wide range of State Fair Salt Water Taffy Candy - <em>112 Pc</em>., Shop now - fast worldwide shipping!~fides_delim~totalcount
112 pc~fides_delim~https://www.pcgamebenchmark.com/notruf-112-emergency-call-112-system-requirements~fides_delim~Notruf 112 | Emergency Call 112 System Requirements~fides_delim~Notruf <em>112</em> | Emergency Call <em>112</em> System Requirements - full specs, system checker and the gaming <em>PC</em> setup you need.~fides_delim~totalcount
112 pc~fides_delim~https://www.fanatical.com/en/game/notruf-112-emergency-call-112~fides_delim~Notruf 112 | Emergency Call 112 | Steam PC Game~fides_delim~Emergency Call <em>112</em> ‚Äì The Fire Fighting Simulation is an exciting, fully detailed simulation of the eventful life of a big city fire department.~fides_delim~totalcount
112 pc~fides_delim~https://www.fanatical.com/en/game/112-operator~fides_delim~112 Operator | PC Mac Steam Game - Fanatical~fides_delim~Lead the emergency services into action and confront challenging day-to-day tasks with your <em>112</em> Operator Steam <em>PC</em> key. Includes brand-new features and a...~fides_delim~totalcount
112 pc~fides_delim~https://www.presby.edu/about/2021/10/20/pc-turning-112-musgrove-into-off-campus-student-run-space/~fides_delim~PC turning 112 Musgrove into off-campus, student-run space~fides_delim~<em>PC</em> turning <em>112</em> Musgrove into off-campus, student-run space. October 20, 2021. Presbyterian College students will take over a Clinton downtown building and¬†...~fides_delim~totalcount
112 pc~fides_delim~https://ww2.txtav.com/Parts/PartSearch/PartsDetail/112-364021-5~fides_delim~112-364021-5 | PC BOARD ASSEMBLY- LOGIC RELA~fides_delim~<em>112</em>-364021-5 | <em>PC</em> BOARD ASSEMBLY- LOGIC RELA : Quality parts for Beechcraft, Cessna and Hawker aircraft with same day shipping and worldwide distribution¬†...~fides_delim~totalcount
112 pc~fides_delim~https://www.orientaltrading.com/punctuation-flip-chart-game-112-pc----less-than-perfect-a2-13831154.fltr~fides_delim~Punctuation Flip Chart Game - 112 Pc. - Less than Perfect~fides_delim~Punctuation Flip Chart Game - <em>112 Pc</em>. - Less than Perfect. 1 Set(s) #13831154. 2 Reviews | Ask a Question. $6.57 was $13.09. You save 50%.~fides_delim~totalcount
112 pc~fides_delim~https://catalog.bowiestate.edu/preview_course_nopop.php?catoid=15&coid=19639~fides_delim~COSC 112 - Computer Science I - Bowie State University~fides_delim~COSC <em>112</em> - <em>Computer</em> Science I. 4 Credits (Fall, Spring) Prerequisite(s): None. (Students without programming experience may be advised to take COSC 111¬†...~fides_delim~totalcount
112 pc~fides_delim~https://www.prnewswire.com/news-releases/nfina-technologies-releases-112-i9-nuc-with-12th-generation-intel-core-i9-extreme-edition-processor-and-discrete-graphics-301667172.html~fides_delim~Nfina Technologies Releases 112-i9 NUC with 12th ...~fides_delim~This Mini-<em>PC</em> with the Intel<sup>¬Æ</sup> Core<sup>‚Ñ¢</sup> i9 Extreme Edition processor, up to 64GB of RAM, and a choice of integrated or full-length discrete GPU is¬†...~fides_delim~totalcount
112 pc~fides_delim~https://www.ambfurniture.com/home-elegance-1808-112-7-pc-russian-hill-cherry-finish-wood-double-pedestal-dining-table-set.html~fides_delim~1808-112 7 pc russian hill cherry finish wood double pedestal ...~fides_delim~7 <em>pc</em> russian hill cherry finish wood double pedestal dining table set. This set includes the table with one leaf , 2 - arm chairs , 4 - side chairs with¬†...~fides_delim~totalcount
112 pc~fides_delim~https://casetext.com/statute/code-of-alabama/title-13a-criminal-code/chapter-8-offenses-involving-theft/article-5a-the-alabama-digital-crime-act/section-13a-8-112-computer-tampering~fides_delim~Computer tampering, Ala. Code ¬ß 13A-8-112 - Casetext~fides_delim~Read Section 13A-8-<em>112</em> - <em>Computer</em> tampering, Ala. Code ¬ß 13A-8-112, see flags on bad law, and search Casetext's comprehensive legal database.~fides_delim~totalcount
112 pc~fides_delim~https://www.revenue.wi.gov/Pages/Form/govasr-Home.aspx~fides_delim~DOR Assessor Certification Forms~fides_delim~~fides_delim~totalcount
112 pc~fides_delim~https://catalog.olemiss.edu/engineering/computer-science/csci-112~fides_delim~Csci 112: Computer Science II - Academic Catalog - Ole Miss~fides_delim~Csci <em>112</em>: <em>Computer</em> Science II. Computer &amp; Information Science. Continuation of CSCI 111 with emphasis on computer programming as a systematic discipline.~fides_delim~totalcount
112 pc~fides_delim~https://www.efurniturehouse.com/russian-hill-112-cherry-extending-9-pc-dining-table-set/~fides_delim~Russian Hill 112&quot; Cherry Extending 9 PC Dining Table Set~fides_delim~Checkout the Russian Hill <em>112</em>" Cherry Extending 9 <em>PC</em> Dining Table Set at discounted price. Best deals on formal dining sets seating 8 or more.~fides_delim~totalcount
112 pc~fides_delim~https://www.cincoze.com/goods_info.php?id=296~fides_delim~CV-112 / P2102 High Performance Modular Panel PC~fides_delim~The CV-<em>112</em>/P2102 is a 12.1" TFT-LCD panel <em>PC</em> with Intel¬Æ 8th generation Core‚Ñ¢ U Series Processor and is suitable for the high-performance requirement in¬†...~fides_delim~totalcount
112 pc~fides_delim~https://parliamentfurniture.com/products/8-pc-bedroom-set-black-and-slate-nb-112~fides_delim~8 Pc Bedroom Set - Shadow Oak NB-112~fides_delim~8 <em>Pc</em> Bedroom Set - Shadow Oak NB-112This Bedroom Set includes: DresserChest2 Night TablesDouble or Queen HeadboardDouble or Queen FootboardRailsMirror Box¬†...~fides_delim~totalcount
112 pc~fides_delim~https://www.wihatools.com/products/insulated-master-tool-set-112-pieces~fides_delim~Wiha 32801 Insulated 112 Pc Set In Rolling Case - Wiha Tools~fides_delim~Insulated <em>112</em> Piece Tool set with Screwdrivers, Nut Drivers, Pliers, Cutters, Ruller, Adjustable Wrench, Knife, Wire Strippers, T-Handles, Voltage Detector,¬†...~fides_delim~totalcount
112 pc~fides_delim~https://www.macys.com/shop/product/rhyder-4-pc.-112-fabric-sectional-sofa-with-chaise-created-for-macys?ID=2634602~fides_delim~Furniture Rhyder 4-Pc. 112&quot; Fabric Sectional Sofa with Chaise ...~fides_delim~Shop Furniture Rhyder 4-<em>Pc</em>. <em>112</em> Fabric Sectional Sofa with Chaise, Created for Macy's online at Macys.com. The soothing neutral fabric, plush cushions and¬†...~fides_delim~totalcount
112 pc~fides_delim~https://law.justia.com/codes/alabama/2012/title-13a/chapter-8/section-13a-8-112~fides_delim~Section 13A-8-112 - Computer tampering. :: 2012 Code of ...~fides_delim~2012 Code of Alabama Title 13A - CRIMINAL CODE. Chapter 8 - OFFENSES INVOLVING THEFT. Section 13A-8-<em>112</em> - <em>Computer</em> tampering. Universal¬†...~fides_delim~totalcount
112 pc~fides_delim~https://www.wholesalehats.com/Style-Number-112PC~fides_delim~Richardson 112 Camo Printed Hats - 112PC~fides_delim~<em>112PC</em> Richardson 112 Camo Printed Hats - 12-Packs For Sale in Kryptek Inferno/black, Kryptek Neptune/black, Kryptek Neptune/white, Kryptek Typhon/black,¬†...~fides_delim~totalcount
112 pc~fides_delim~https://idealgamekeys.com/product/emergency-call-112-the-fire-fighting-simulation-2-pc/~fides_delim~Emergency Call 112 ‚Äì The Fire Fighting Simulation 2 PC~fides_delim~SKU: <em>EC112FIREFSIMPC</em> Categories: <em>PC</em>, <em>PC</em> Games Tags: <em>PC</em>, <em>PC</em> game, <em>PC</em> games. Spread the love. Description; Videos; Activation; Reviews (0)¬†...~fides_delim~totalcount
112 pc~fides_delim~https://rosstoys.com/shop/112-operator-pc-download/~fides_delim~112 Operator ‚Äì PC Download - Ross Toys~fides_delim~<em>112</em> Operator ‚Äì <em>PC</em> Download. $8.99. Video game key code is for Windows <em>Computer</em> DOWNLOAD EDITION. Game download link and install key code will be emailed¬†...~fides_delim~totalcount
112 pc~fides_delim~https://us.gamesplanet.com/game/emergency-call-112-the-fire-fighting-simulation-steam-key--3138-1~fides_delim~Emergency Call 112 - The Fire Fighting Simulation - Steam Key~fides_delim~Emergency Call <em>112</em> - The Fire Fighting Simulation - Cover / Packshot. Genre: Simulation; Rating: 1 2 3 4 5 (78); System: Windows <em>PC</em>; Languages:~fides_delim~totalcount
112 pc~fides_delim~https://www.acekaraoke.com/hacekm0112rf.html~fides_delim~Acesonic KM-112 Karaoke Mixer with PC to USB Interface~fides_delim~Setup is easy and you need only output your DVD player or <em>computer's</em> audio output into the KM-<em>112</em> and make another connection between the KM-<em>112's</em> output¬†...~fides_delim~totalcount
112 pc~fides_delim~https://gocdkeys.com/en/buy-emergency-call-112-the-fire-fighting-simulation-pc-cd-key~fides_delim~Emergency Call 112 The Fire Fighting Simulation (PC) Key~fides_delim~Get Emergency Call <em>112</em> The Fire Fighting Simulation for Steam at the cheapest price. <em>pc</em> cd key best video game prices comparison site.~fides_delim~totalcount
112 pc~fides_delim~https://hisgames.org/notruf-112-emergency-call-112~fides_delim~Notruf 112 | Emergency Call 112 Download PC Game~fides_delim~Notruf <em>112</em> | Emergency Call <em>112</em> - a firefighter simulator that allows you to plunge headlong into the life of the largest rescue part of Europe.~fides_delim~totalcount
112 pc~fides_delim~https://www.mountainsidetreasures.com/pc-2-bed-112-snowflower-orp5b21c68x~fides_delim~PC 2 bed - 112 Snowflower - Mountainside Treasures, LLC~fides_delim~<em>PC</em> 2 bed - <em>112</em> Snowflower Perfect Ski in Ski out - Park City¬†...~fides_delim~totalcount
112 pc~fides_delim~https://www.bebeangbaby.com/products/magformers-challenger-112pc~fides_delim~Magformers Challenger 112PC - Bebeang Baby~fides_delim~STEM Education And Learning Has Never Been So Much Fun! What Will You Challenge Yourself To Construct!? Magformers Challenger <em>112Pc</em> Has Been Proudly Selected As¬†...~fides_delim~totalcount
112 pc~fides_delim~http://discounthookah.com/mya-genie-coco-charcoal-112pc-pack/~fides_delim~MYA - Genie Coco Charcoal 112pc Pack - Discount Hookah~fides_delim~Using petroleum products to light charcoal is not recommended as it can cause a fire and health hazard. Never leave burning charcoal unattended around children.~fides_delim~totalcount
112 pc~fides_delim~https://www.staples.com/First-Aid-Only-SmartCompliance-First-Aid-Cabinet-Medium-Metal-25-Person-112-Pieces-1050-FAE-0103/product_800248~fides_delim~First Aid Only 112 pc. First Aid Kit for 25 people (1050-FAE ...~fides_delim~Get First Aid Only <em>112 pc</em>. First Aid Kit for 25 people (1050-FAE-0103) fast and with free shipping on qualifying orders at Staples.~fides_delim~totalcount
112 pc~fides_delim~https://en.wikipedia.org/wiki/BRP_Bienvenido_Salting_(PC-112)~fides_delim~BRP Bienvenido Salting (PC-112) - Wikipedia~fides_delim~BRP Bienvenido Salting (PG-<em>112</em>) was a Tomas Batillo class fast attack craft of the Philippine Navy. Under the RPROK Defense Agreement, it was part of the¬†...~fides_delim~totalcount
112 pc~fides_delim~https://www.bhphotovideo.com/c/product/1481786-REG/macally_ddkey_deluxe_full_size_usb.html~fides_delim~Macally Full Size 112 Key USB Keyboard for PC - B&amp;H~fides_delim~Wired USB Type-A Connection ¬∑ <em>PC</em> Compatible ¬∑ <em>112</em> Full Size, Ergonomic &amp; Concave Keys ¬∑ 8 Hot Keys &amp; 17-Key Numeric Keypad.~fides_delim~totalcount
112 pc~fides_delim~https://www.houseofcharizma.com/products/cnp22-112~fides_delim~2-Pc Embroidered Brocha Lawn Shirt With Qlot Cotton Trouser ...~fides_delim~2-<em>Pc</em> Embroidered Brocha Lawn Shirt With Qlot Cotton Trouser CNP22-<em>112</em>. Product Code: 101271003007. Availability: In stock. $23.72. 2-<em>Pc</em> Embroidered Brocha¬†...~fides_delim~totalcount
112 pc~fides_delim~https://www.geeky-gadgets.com/nuc-mini-pc-07-11-2022/~fides_delim~Nfina 112-i9 NUC 16 cores mini PC systems - Geeky Gadgets~fides_delim~If you are in the market for a powerful compact desktop mini <em>PC</em>, you may be interested in the new range of <em>112</em>-i9 NUC <em>computer</em> systems¬†...~fides_delim~totalcount
112 pc~fides_delim~https://catalog.widener.edu/preview_course_nopop.php?catoid=27&coid=28187~fides_delim~ENGR 112 - Computer Programming and Engineering ...~fides_delim~ENGR <em>112</em> - <em>Computer</em> Programming and Engineering Problem Solving. 2 Credit(s) An introductory course in structured computer programming and its use in¬†...~fides_delim~totalcount
112 pc~fides_delim~https://magformers.com/products/challenger-112pc-set~fides_delim~Magformers Challenger 112pc Magnetic Construction ...~fides_delim~What will you challenge yourself to construct!? Magformers Challenger <em>112Pc</em> has been proudly selected as a top STEM toy and teaching aid by STEM.org. The STEM.~fides_delim~totalcount
112 pc~fides_delim~https://www.kroger.com/p/60304-lego-city-road-plates/0067341933915~fides_delim~60304 LEGO¬Æ City Road Plates, 112 pc - Kroger~fides_delim~Shop for 60304 LEGO¬Æ City Road Plates (<em>112 pc</em>) at Kroger. Find quality baby products to add to your Shopping List or order online for Delivery or Pickup.~fides_delim~totalcount
112 pc~fides_delim~https://www.etsy.com/listing/890490977/lightning-bolt-fret-marker-decals-112-pc~fides_delim~Lightning Bolt Fret Marker Decals 112 Pc Set for Gibson - Etsy~fides_delim~This Guitars item by EastCoastVinylWerkz has 56 favorites from Etsy shoppers. Ships from Parrish, AL. Listed on Nov 29, 2022.~fides_delim~totalcount
112 pc~fides_delim~https://www.qbictechnology.com/products/all/AC-112~fides_delim~AC-112 - Qbic Technology~fides_delim~AC-<em>112</em>. Qbic Panel-<em>PC</em> Adjustable Stand. Tilt angles: 30¬∞ / 45¬∞ / 60¬∞. Premium anodized aluminum stand. Color: Matte Black | Silver; Compatible models:¬†...~fides_delim~totalcount
112 pc~fides_delim~https://www.annarborbuilders.com/blogs/p-c-andre-building-110-112-n-michigan-avenue~fides_delim~The P C Andre Building: 110-112 N. Michigan Avenue~fides_delim~The <em>P C</em> Andre Building: 110-<em>112</em> N. Michigan Avenue ... Avenue is identified on the 1877 Saginaw plat map, another of <em>P. C.</em> Andre's projects.~fides_delim~totalcount
112 pc~fides_delim~https://www.mapquest.com/us/idaho/pc-maintenance-llc-288763465~fides_delim~Pc Maintenance LLC - 112 W 39th St. - MapQuest~fides_delim~Get directions, reviews and information for <em>Pc</em> Maintenance LLC in Boise, ID. You can also find other Services NEC on MapQuest.~fides_delim~totalcount
112 pc~fides_delim~https://www.picassotiles.com/products/picassotiles-ptb112-bristle-shape-blocks-112pc-building-set~fides_delim~PicassoTiles PTB112 Bristle Lock Shape Tiles 112pc Building ...~fides_delim~Buy PicassoTiles PTB112 Bristle Lock Shape Tiles <em>112</em> pieces Building Set. Interlocking bristles that stick together. Brightly colored. STEAM. PTB112.~fides_delim~totalcount
112 pc~fides_delim~https://keen-shop.com/product/112-operator-pc-download/~fides_delim~112 Operator ‚Äì PC Download - Keen Shop~fides_delim~<em>112</em> Operator ‚Äì <em>PC</em> Download. $8.99. Video game key code is for Windows <em>Computer</em> DOWNLOAD EDITION. Game download link and install key code will be emailed¬†...~fides_delim~totalcount
112 pc~fides_delim~https://www.gamersgate.com/product/the-experiment-112/~fides_delim~The Experiment 112 | DRM Free Game for PC | GamersGate~fides_delim~Buy 100% official licensed The Experiment <em>112</em> DRM-free game for <em>PC</em> - no activation code needed to play.~fides_delim~totalcount
112 pc~fides_delim~https://www.fatbraintoys.com/toy_companies/toysmith/battat_bristle_blocks_basic_112_pc.cfm~fides_delim~Battat Bristle Blocks Basic - 112 pc - - Fat Brain Toys~fides_delim~Battat Bristle Blocks Basic - <em>112 pc</em> and thousands more of the very best toys at Fat Brain Toys. Designed for the youngest builders.~fides_delim~totalcount
112 pc~fides_delim~https://topflightpc.com/customer-builds/fresh-creation-station-3d-rendering-workstation/~fides_delim~Build 112 ‚Äì Fresh Creation Station: 3D Rendering Workstation~fides_delim~I selected an option, and Top Flight <em>Computers</em> proceeded to order the parts and build my 3D rendering workstation. Chris came to my home office and to set¬†...~fides_delim~totalcount
112 pc~fides_delim~https://www.mouser.com/ProductDetail/Hirose-Connector/RM-PC-112?qs=wXhBCuSapINabkTWG%252BmKrg%3D%3D~fides_delim~RM-PC-112 Hirose Connector - Mouser Electronics~fides_delim~RM-<em>PC</em>-<em>112</em> Hirose Connector Standard Circular Contacts Contact M 1 POS Crim ST 1Terminal 1Port datasheet, inventory, &amp; pricing.~fides_delim~totalcount
112 pc~fides_delim~https://www.amini.com/collections_detail?code=9004000NC&CatCode=BRS&item=NC9004050-260-112&collection=London%20Place~fides_delim~London Place - Michael Amini~fides_delim~Storage Console- Dresser w/Mirror 2 <em>pc</em>. No: NC9004050-260-<em>112</em> *; Finish: Creamy Pearl. * Indicates items that are currently in stock in our domestic¬†...~fides_delim~totalcount
112 pc~fides_delim~https://www.walmart.com/ip/PicassoTiles-PTB112-BristleLock-Building-Blocks-112pc-Set/454788418~fides_delim~PicassoTiles¬Æ PTB112 BristleLock Building Blocks 112pc Set~fides_delim~Arrives by Wed, Feb 1 Buy PicassoTiles¬Æ PTB112 BristleLock Building Blocks <em>112pc</em> Set at Walmart.com.~fides_delim~totalcount
112 pc~fides_delim~https://www.playerauctions.com/fortnite-account/187500842a!pcpsn-112-skins--sparkle-specialist--floss--golden/~fides_delim~[PC/PSN] 112 SKINS [ Sparkle Specialist , Floss , Golden Midas~fides_delim~[<em>PC</em>/PSN] <em>112</em> SKINS [ Sparkle Specialist , Floss , Golden Midas , Rose Team Leader , Take The L , Royale Knight , Reaper ] Full Email Access STW.~fides_delim~totalcount
112 pc~fides_delim~https://www.instagram.com/112pc/?hl=en~fides_delim~Cihan √áetin (@112pc) ‚Ä¢ Instagram photos and videos~fides_delim~387 Followers, 679 Following, 86 Posts - See Instagram photos and videos from Cihan √áetin (@<em>112pc</em>)~fides_delim~totalcount
112 pc~fides_delim~https://www.ganz.com/6-HANG-DRAGONFLY24PCPPK-ACR-ACRY-112/~fides_delim~Wholesale Hanging Two-Toned Dragonflies (24 pc. ppk.) - Ganz~fides_delim~Hanging Two-Toned Dragonflies (24 <em>pc</em>. ppk.) ACRY-<em>112</em>.png ¬∑ ACRY-<em>112</em>.jpg ¬∑ ACRY-<em>112_1_</em>.jpg ¬∑ ACRY-<em>112_2_</em>.jpg ¬∑ ACRY-<em>112_3_</em>.jpg ¬∑ ACRY-<em>112_4_</em>.jpg¬†...~fides_delim~totalcount
112 pc~fides_delim~https://www.coursicle.com/arizona/courses/MIS/112/~fides_delim~MIS 112 - Lab at the University of Arizona - Coursicle~fides_delim~MIS <em>112</em> - <em>Computers</em> &amp; Internetworked Society - Lab. Description. This is an integrated lecture-lab course designed to introduce students to the analytical¬†...~fides_delim~totalcount
112 pc~fides_delim~https://www.studocu.com/row/document/lahore-university-of-management-sciences/principles-of-finance/disc-112-computer-and-problem-solving-mahira-ilyas/11304935~fides_delim~DISC 112-Computer and Problem Solving-Mahira Ilyas~fides_delim~summary lahore university of management sciences disc <em>112 computer</em> and problem solving spring 2021 instructor room no. office hours email telephone ta¬†...~fides_delim~totalcount
112 pc~fides_delim~https://www.siteone.com/en/10507474-112p-belgard-catalina-paver-3-pc-combo-rio-30-mm-112-sq-ftpallet/p/670719~fides_delim~Belgard Catalina Paver 3 pc. Combo Rio 30 mm (112 sq. f~fides_delim~Specifications. Item. Paver. Color. Rio. Number of Pieces. 3 <em>pc</em>. Coverage Area. (<em>112</em> sq. ft./pallet). Thickness. 30 mm. Regulated. No. Brand Name. Belgard.~fides_delim~totalcount
112 pc~fides_delim~https://gamingbeasts.com/free-download-112-operator-pc-game-full-version/~fides_delim~112 Operator Download Full Version For PC - Gaming Beasts~fides_delim~<em>112</em> Operator Download Full Version For <em>PC</em>. by CHANONG. <em>112</em> Operator is a popular indie simulation strategy game that has been developed by Jutsu Games and¬†...~fides_delim~totalcount
112 pc~fides_delim~https://www.qfc.com/p/60304-lego-city-road-plates/0067341933915~fides_delim~60304 LEGO¬Æ City Road Plates, 112 pc - QFC~fides_delim~Shop for 60304 LEGO¬Æ City Road Plates (<em>112 pc</em>) at QFC. Find quality baby products to add to your Shopping List or order online for Delivery or Pickup.~fides_delim~totalcount
112 pc~fides_delim~https://www.wemod.com/cheats/112-operator-trainers~fides_delim~112 Operator Cheats and Trainers for PC - WeMod~fides_delim~Our <em>112</em> Operator trainer has 6 cheats and supports Steam. Cheat in this game and more with the WeMod app!~fides_delim~totalcount
112 pc~fides_delim~https://www.aliexpress.com/item/4000695838148.html~fides_delim~VicTsing PC232 Wired Gaming Keyboard LED Rainbow ...~fides_delim~Cheap Keyboards, Buy Quality <em>Computer</em> &amp; Office Directly from China ... Rainbow Backlight Keyboards <em>112</em> Keycaps Membrane Keyboard Anti ghosting For <em>PC</em> Laptop¬†...~fides_delim~totalcount
112 pc~fides_delim~https://www.idatetro.net/contents/new-patients~fides_delim~New Patients - Forest Hills, NY: 112 GVR Medical P.C.~fides_delim~... Internal Medicine serving Forest Hills, NY. Contact us at 718-395-9896 or visit us at 6960 108 St, Suite 108, Forest Hills, NY 11375: <em>112</em> GVR Medical <em>P.C.</em>.~fides_delim~totalcount
112 pc~fides_delim~https://sysrqmts.com/games/112-operator~fides_delim~Can I Run 112 Operator on My PC? - System Requirements~fides_delim~Test your <em>PC</em> to see if it will run <em>112</em> Operator or check system requirement details for CPU, operating system, graphics and sound cards, required disk space and¬†...~fides_delim~totalcount
112 pc~fides_delim~https://www.goodshomefurnishings.com/aico-furniture-cal-king-upholstered-panel-bed-3/9004000ck3-112-p71/iteminformation.aspx~fides_delim~Aico Furniture NC9004000CK3-112 Cal King Upholstered ...~fides_delim~Shop for Aico Furniture Cal King Upholstered Panel Bed (3 <em>pc</em>), NC9004000CK3-<em>112</em>, and other Bedroom Beds at Goods Home Furnishings in North Carolina.~fides_delim~totalcount
112 pc~fides_delim~https://wotinspector.com/en/webapp?targetVehicleId=64561&mode=xray.armor&platform=pc~fides_delim~112 armor and specs - WOTInspector~fides_delim~WOTInspector.com - visualize game mechanics and models. World of Tanks <em>PC</em>, Blitz and Console. Official website. ... armor inspector <em>112</em> armor and specs.~fides_delim~totalcount
112 pc~fides_delim~https://www.coursehero.com/sitemap/schools/45-University-of-California-Irvine/courses/330514-EECS112/~fides_delim~EECS 112 - University of California, Irvine - Course Hero~fides_delim~Access study documents, get answers to your study questions, and connect with real tutors for EECS <em>112</em> : <em>COMPUTER</em> ARCHITECTURE at University Of California,¬†...~fides_delim~totalcount
112 pc~fides_delim~https://www.infinitytools.com/6-pc-essential-router-bit-set-1~fides_delim~6-Pc. Essential Router Bit Set - Infinity Cutting Tools~fides_delim~6-<em>Pc</em>. Essential Router Bit Set. Item #. 00-<em>112G</em>. 2 reviews. | Add Your Review | Q&amp;A's |. Buy Below. An absolute must-have for every level of woodworker!~fides_delim~totalcount
112 pc~fides_delim~https://ui.adsabs.harvard.edu/abs/2020ApJ...897...89L/~fides_delim~A Mean Density of 112 M ‚äô pc -3 for Central Molecular Zone ...~fides_delim~by GX Li ¬∑ 2020 ¬∑ Cited by 5 ‚Äî A Mean Density of <em>112</em> M‚äô <em>pc</em><sup>-3</sup> for Central Molecular Zone Clumps‚ÄîEvidences for Shear-enabled Pressure Equilibrium in the Galactic Center.~fides_delim~totalcount
112 pc~fides_delim~https://www.quora.com/My-PC-was-running-games-smoothly-at-around-112-fps-but-after-getting-some-dust-inside-the-cabinet-or-for-some-other-reasons-my-PC-is-only-achieving-60-75-fps-now-What-could-be-the-reason-and-how-can-I-fix-it~fides_delim~My PC was running games smoothly at around 112 fps but ...~fides_delim~My <em>PC</em> was running games smoothly at around <em>112</em> fps but after getting some dust inside the cabinet or for some other reasons my <em>PC</em> is only achieving 60-75¬†...~fides_delim~totalcount
112 pc~fides_delim~https://www.yelp.com/biz/pc-monkey-westminster~fides_delim~PC MONKEY - 112 South Church St, Westminster, MD - Yelp~fides_delim~Specialties: <em>PC</em> Monkey is a Westminster area <em>computer</em> repair and support business. We provide support for viruses, hardware/software installs,¬†...~fides_delim~totalcount
112 pc~fides_delim~https://www.reddit.com/r/CrusaderKings/comments/ze6xb6/pc_dev_diary_112_year_in_review/~fides_delim~PC Dev Diary #112 - Year in Review üóìÔ∏è : r/CrusaderKings~fides_delim~152 votes, 44 comments. 386K subscribers in the CrusaderKings community. Crusader Kings is a historical grand strategy / RPG video game¬†...~fides_delim~totalcount
112 pc~fides_delim~https://www.prepacmfg.com/product/set-elite-112-storage-9-pc~fides_delim~Set A - Elite 112&quot; Storage - 9 pc | Prepac MFG~fides_delim~Set A - Elite <em>112</em>" Storage - 9 <em>pc</em>. SHARE. SKU: BRSX-1010-9M. Select Finish. White. Black. Features. Assembled Dimensions: <em>112</em>"w x 89"h x 24"d.~fides_delim~totalcount
112 pc~fides_delim~https://www.fredmeyer.com/p/lego-city-road-plates/0067341933915~fides_delim~60304 LEGO¬Æ City Road Plates, 112 pc - Fred Meyer~fides_delim~Shop for 60304 LEGO¬Æ City Road Plates (<em>112 pc</em>) at Fred Meyer. Find quality baby products to add to your Shopping List or order online for Delivery or¬†...~fides_delim~totalcount
112 pc~fides_delim~https://www.kule.com/search?q=-%E3%80%90%E6%8E%A8%E8%8D%90%E8%AE%BF%E9%97%AEdk2000%2Acom%E2%AD%90%E3%80%91--112pc-%E3%80%90%E6%8E%A8%E8%8D%90%E8%AE%BF%E9%97%AEdk2000%2Acom%E2%AD%90%E3%80%91-76h2o-aqiiq-imw82~fides_delim~112pc-„ÄêÊé®ËçêËÆøÈóÆdk2000*com  „Äë-76h2o-aqiiq-imw82 - KULE~fides_delim~Search results for '-„ÄêÊé®ËçêËÆøÈóÆdk2000*com‚≠ê„Äë--<em>112pc</em>-„ÄêÊé®ËçêËÆøÈóÆdk2000*com‚≠ê„Äë-76h2o-aqiiq-imw82'. The Piece &amp; Love Cropped Boyfriend - Cream/¬†...~fides_delim~totalcount
112 pc~fides_delim~https://www.wheelchairparts.com/store/pc/112-111-Wheelchair-Bearing-Metric-for-Rear-Wheel-15mm-ID-x-37mm-OD-without-Flange-p85.htm~fides_delim~112-111 Wheelchair Bearing Metric for Rear Wheel~fides_delim~<em>112</em>-111 Wheelchair Bearing Metric for Rear Wheel 15mm ID x 37mm OD without Flange (Metric Wheelchair Bearings). 15mm ID x 37mm OD Wheelchair Replacement¬†...~fides_delim~totalcount
112 pc~fides_delim~https://line6.com/support/topic/50611-helix-powercab-112-plus-aes-pc-setup/~fides_delim~Helix + Powercab 112 plus AES + PC setup - Line 6~fides_delim~I have my helix floor model hooked up to my powercab <em>112</em> plus through AES cable (i got one on ... Helix + Powercab <em>112</em> plus AES + <em>PC</em> setup¬†...~fides_delim~totalcount
112 pc~fides_delim~https://www.ralphs.com/p/60304-lego-city-road-plates/0067341933915~fides_delim~60304 LEGO¬Æ City Road Plates, 112 pc - Ralphs~fides_delim~Shop for 60304 LEGO¬Æ City Road Plates (<em>112 pc</em>) at Ralphs. Find quality baby products to add to your Shopping List or order online for Delivery or Pickup.~fides_delim~totalcount
112 pc~fides_delim~https://us.forums.blizzard.com/en/d2r/t/diablo-ii-resurrected-112-pc-ptr-patch-notes/78578~fides_delim~Diablo II: Resurrected | 1.12 - PC PTR Patch Notes~fides_delim~PTR OVERVIEW The Public Test Realm (PTR) is a special realm where we can test balance, bug fixes, and other enhancements we make in Diablo¬†...~fides_delim~totalcount
112 pc~fides_delim~https://axeladventures.com/products/build-a-flower-garden-colorful-stacking-toy-112-pcs~fides_delim~Flower Garden Building Toy, Build A Flower Garden Toddler ...~fides_delim~Flower Garden Building Toy, Build A Flower Garden Toddler Toy <em>112Pc</em> ... gift and boys gift age 3, 4, 5, 6 years old; 112 pcs makes learning to share easy¬†...~fides_delim~totalcount
112 pc~fides_delim~https://github.com/bcgit/pc-dart/issues/112~fides_delim~Fails to build for web ¬∑ Issue #112 ¬∑ bcgit/pc-dart - GitHub~fides_delim~flutter/.pub-cache/hosted/pub.dartlang.org/pointycastle-3.1.3/lib/key_derivators/argon2.dart:42:27: Error: The integer literal¬†...~fides_delim~totalcount
112 pc~fides_delim~https://www.bluestacks.com/apps/simulation/112-operator-on-pc.html~fides_delim~Download &amp; Play 112 Operator on PC &amp; Mac (Emulator)~fides_delim~Install BlueStacks app player &amp; play <em>112</em> Operator simulation game on your <em>PC</em>. Become a dispatcher and manage many emergency services¬†...~fides_delim~totalcount
112 pc~fides_delim~https://www.createforless.com/paperaccentssmoothcardstock-12x12in.-112fuchsia25pc/pid959.aspx~fides_delim~Smooth Cardstock - 12 x 12 in. - #112 Fuchsia 25 pc.~fides_delim~... invitations, scrapbook pages, memory albums and more. Acid free, lignin free and buffered. 12 x 12 inch. 65 lb. Smooth texture. #<em>112</em> Fuchsia. 25 <em>pc</em>.~fides_delim~totalcount
112 pc~fides_delim~https://www.bjs.com/product/reeses-milk-chocolate-peanut-butter-assorted-shapes-snack-size-candy-halloween-bulk-variety-bag-112-pc672-oz/3000000000003951287~fides_delim~Reese&#39;s Chocolate Halloween Candy - BJs Wholesale Club~fides_delim~Shop Reese's Milk Chocolate Peanut Butter Assorted Shapes Snack Size Candy, Halloween, Variety Bag, <em>112 Pc</em>./67.2 oz. from BJs.com and get doorstep delivery.~fides_delim~totalcount
112 pc~fides_delim~https://gamefaqs.gamespot.com/pc/287126-notruf-112-die-feuerwehr-simulation-2-showroom/boxes/764200~fides_delim~Notruf 112 - Die Feuerwehr Simulation 2: Showroom ‚Äì Box Scan~fides_delim~For Notruf <em>112</em> - Die Feuerwehr Simulation 2: Showroom on the <em>PC</em>, a box shot for the US - 2020-04-07 release on GameFAQs.~fides_delim~totalcount
112 pc~fides_delim~https://www.epson-middleeast.com/en_ME/products/retail/pos-printers/pc-pos-printers/epson-tm-m10-%28112%29%3A-bt%2C-black%2C-ps%2C-eu/p/18829~fides_delim~Epson TM-m10 (112): BT, Black, PS, EU | PC POS Printers~fides_delim~Epson TM-m10 (<em>112</em>): BT, Black, PS, EU ... looking to upgrade from an electronic till to a tablet POS system, including those currently using <em>PC</em> POS.~fides_delim~totalcount
112 pc~fides_delim~https://www.ftc.gov/legal-library/browse/cases-proceedings/112-3151-designerware-llc-matter~fides_delim~DesignerWare, LLC, In the Matter of~fides_delim~In the Matter of DesignerWare, LLC. FTC Matter/File Number. <em>112</em> 3151 ... Charges Against Software and Rent-to-Own Companies Accused of <em>Computer</em> Spying.~fides_delim~totalcount
112 pc~fides_delim~https://publications.tnsosfiles.com/acts/112/pub/pc0493.pdf~fides_delim~State ef J enne&amp;see~fides_delim~By Ragan, White, Cepicky, Sherrell, Smith, Darby, Zachary, Grills, Howell, Helton, Lamberth, Rudd,. Terry, Casada, Littleton, Warner, Carr,¬†...~fides_delim~totalcount
