= 4~fides_delim~https://en.wikipedia.org/wiki/4~fides_delim~4 - Wikipedia~fides_delim~<em>4</em> (four) is a number, numeral and digit. It is the natural number following 3 and preceding 5. It is a square number, the smallest semiprime and composite ...~fides_delim~totalcount
= 4~fides_delim~https://en.wikipedia.org/wiki/4_(Beyonc%C3%A9_album)~fides_delim~4 (Beyoncé album)~fides_delim~<em>4</em> is the fourth studio album by American singer Beyoncé. It was released on June 24, 2011, by Parkwood Entertainment and Columbia Records.~fides_delim~totalcount
= 4~fides_delim~https://www.imdb.com/title/tt0445161/~fides_delim~4 (2004)~fides_delim~Meat merchant Oleg, prostitute Marina, and piano tuner "simply Volodya" drop into an all-night bar in Moscow, where they are served by a narcoleptic ...~fides_delim~totalcount
= 4~fides_delim~https://en.wiktionary.org/wiki/4~fides_delim~4 - Wiktionary~fides_delim~SymbolEdit. <em>4</em> (prev 3, next 5). The cardinal number four. A digit in the decimal system of numbering, and also in octal, and hexadecimal.~fides_delim~totalcount
= 4~fides_delim~https://www.youtube.com/channel/UCz1hQ68G3XPVYEBoFDgSjcQ~fides_delim~Channel 4 Entertainment~fides_delim~Here you will find all your favourite, ground-breaking entertainment from Channel <em>4</em> such as 8 Out of 10 Cats Does Countdown, Gogglebox, Taskmaster and so much ...~fides_delim~totalcount
= 4~fides_delim~https://www.youtube.com/watch?v=OgV66Jdj23c~fides_delim~Age of Wonders 4 | Announcement Trailer - YouTube~fides_delim~Wishlist Now: https://www.paradoxinteractive.com/games/age-of-wonders-<b>4</b>/aboutRule a fantasy realm of your own design in Age of Wonders <b>4</b>!~fides_delim~totalcount
= 4~fides_delim~https://www.irs.gov/pub/irs-pdf/fw4.pdf~fides_delim~fw4.pdf~fides_delim~Employee's Withholding Certificate. Complete Form W-<em>4</em> so that your employer can withhold the correct federal income tax from your pay. Give Form W-<em>4</em> to your ...~fides_delim~totalcount
= 4~fides_delim~https://www.facebook.com/Channel4News/~fides_delim~Channel 4 News - Home~fides_delim~Channel <em>4</em> News, London, United Kingdom. 4612481 likes · 36813 talking about this. Channel <em>4</em> News is committed to challenging expectations with stories...~fides_delim~totalcount
= 4~fides_delim~https://azdor.gov/forms/withholding-forms/arizona-withholding-percentage-election~fides_delim~Arizona Withholding Percentage Election~fides_delim~The State Withholding Calculator helps you determine whether you need to give your employer a new Form A-<em>4</em>, Arizona Withholding Percentage Election. Form Number ...~fides_delim~totalcount
= 4~fides_delim~https://us.cowboy.com/products/e-bike-cowboy-4~fides_delim~Cowboy 4 - Dream Machine~fides_delim~Meet the Cowboy <em>4</em> as it takes the connected electric bike to new heights. Mount up, ride on.~fides_delim~totalcount
= 4~fides_delim~https://www.netflix.com/title/80057281~fides_delim~Watch Stranger Things | Netflix Official Site~fides_delim~Episode <em>4</em> of Season 1. <em>4</em>. Chapter Four: The Body. 51m. Refusing to believe Will is dead, Joyce tries to connect with her son ...~fides_delim~totalcount
= 4~fides_delim~https://sdgs.un.org/goals/goal4~fides_delim~Goal 4 | Department of Economic and Social Affairs~fides_delim~Ensure inclusive and equitable quality education and promote lifelong learning opportunities for all.~fides_delim~totalcount
= 4~fides_delim~https://www.ea.com/games/the-sims/the-sims-4/download~fides_delim~Download The Sims™ 4 Base Game for Free - Electronic Arts~fides_delim~HOW TO INSTALL THE SIMS <em>4</em>. Already have the EA app for Windows or Origin for Mac? Open your launcher and download for free! The Sims <em>4</em> is not available on ...~fides_delim~totalcount
= 4~fides_delim~https://edd.ca.gov/siteassets/files/pdf_pub_ctr/de4.pdf~fides_delim~Employee&#39;s Withholding Allowance Certificate (DE 4) Rev. 52 ...~fides_delim~The DE <em>4</em> is used to compute the amount of taxes to be withheld from your wages, by your employer, to accurately reflect your state tax withholding.~fides_delim~totalcount
= 4~fides_delim~https://store.steampowered.com/app/377160/Fallout_4/~fides_delim~Save 67% on Fallout 4 on Steam~fides_delim~Bethesda Game Studios, the award-winning creators of Fallout 3 and The Elder Scrolls V: Skyrim, welcome you to the world of Fallout <em>4</em> – their most ambitious ...~fides_delim~totalcount
= 4~fides_delim~https://www.ir4project.org/~fides_delim~IR-4 Project~fides_delim~The IR-<em>4</em> Project helps specialty crop growers address pest management concerns so they can produce healthy fruits, vegetables, herbs, and other crops ...~fides_delim~totalcount
= 4~fides_delim~https://www.clickondetroit.com/~fides_delim~ClickOnDetroit | WDIV Local 4~fides_delim~Detroit, Michigan's Local <em>4</em> News, headlines, weather, and sports on ClickOnDetroit.com. The latest local Detroit news online from NBC TV's local affiliate ...~fides_delim~totalcount
= 4~fides_delim~https://www.apple.com/macbook-pro-14-and-16/specs/~fides_delim~MacBook Pro 14- and 16-inch - Tech Specs~fides_delim~Finish. Silver Space Gray · Price. $1999 · Chip. Apple M2 Pro chip. 10-core CPU with 6 performance cores and <em>4</em> efficiency cores · Display. Liquid Retina XDR ...~fides_delim~totalcount
= 4~fides_delim~https://getbootstrap.com/docs/4.0/getting-started/introduction/~fides_delim~Introduction~fides_delim~There's a newer version of Bootstrap <em>4</em>! Home · Documentation · Examples · Themes · Expo · Blog. v4.0. Latest (v4.1 ...~fides_delim~totalcount
= 4~fides_delim~https://www.fox4news.com/~fides_delim~FOX 4 News Dallas-Fort Worth~fides_delim~Dallas news, headlines, weather, sports and traffic from KDFW FOX <em>4</em> News, serving Dallas-Fort Worth, North Texas and the state of Texas.~fides_delim~totalcount
= 4~fides_delim~https://www.kob.com/~fides_delim~KOB 4 Eyewitness News - KOB.com~fides_delim~KOB <em>4</em> is your source for breaking news, weather, politics, traffic and sports. Covering Albuquerque, Santa Fe &amp; all of New Mexico.~fides_delim~totalcount
= 4~fides_delim~https://komonews.com/~fides_delim~Seattle News, Weather, Sports, Breaking News | KOMO~fides_delim~KOMO <em>4</em> TV provides news, sports, weather and local event coverage in the Seattle, Washington area including Bellevue, Redmond, Renton, Kent, Tacoma, ...~fides_delim~totalcount
= 4~fides_delim~https://travel.state.gov/content/travel/en/traveladvisories/traveladvisories.html/~fides_delim~Travel Advisories~fides_delim~~fides_delim~totalcount
= 4~fides_delim~https://www.bmwusa.com/vehicles/4-series/overview.html~fides_delim~The 4 Series Lineup~fides_delim~Sporty attitude, coupe styling, dynamic driving – the BMW <em>4</em> Series has it all. Explore the Coupe, Gran Coupe, Convertible, and M4 Coupe and M4 Convertible.~fides_delim~totalcount
= 4~fides_delim~https://4honline.com/~fides_delim~Sign In~fides_delim~Sign in. <em>4</em>-H Online. Login Email Address Login Password. Sign in. Don't have an account?Reset password? WEB-B. v.2022.11.17.0307 - api.v.2023.1.16.2303.~fides_delim~totalcount
= 4~fides_delim~https://www.cdc.gov/ncbddd/actearly/milestones/milestones-4mo.html~fides_delim~Important Milestones: Your Baby By Four Months | CDC~fides_delim~Developmental milestones are things most children (75% or more) can do by a certain age. Check the milestones your child has reached by the end of <em>4</em> months by ...~fides_delim~totalcount
= 4~fides_delim~https://github.com/~fides_delim~GitHub: Let&#39;s build from here · GitHub~fides_delim~<em>4</em>. 5. 6. 7. 8. 9. 10. 11. 12. &lt;div class="position-absolute width-full color-bg-default" style="bottom: -<em>4</em>rem;"&gt; &lt;div class="container-xl p-responsive"&gt;~fides_delim~totalcount
= 4~fides_delim~https://www.dji.com/~fides_delim~DJI - Official Website~fides_delim~Phantom <em>4</em> Pro V2.0 · Phantom <em>4</em> Pro V2.0 · Inspire 2 · Zenmuse X7 · Zenmuse X5S ... Osmo Mobile 6 · DJI OM 5 · DJI OM <em>4</em> SE.~fides_delim~totalcount
= 4~fides_delim~https://www.humblebundle.com/~fides_delim~Humble Bundle | game bundles, book bundles, software ...~fides_delim~RIDE <em>4</em>. -75% OFF. Discount Breakdown. -75% Store Discount. $49.99 $12.49. $12.49 · Gotham Knights. -50% OFF. Discount Breakdown. -50% Store Discount.~fides_delim~totalcount
= 4~fides_delim~https://fox4kc.com/~fides_delim~FOX 4 Kansas City WDAF-TV~fides_delim~Kansas City, Missouri and Kansas news, weather and sports. Working for you covering Overland Park, Olathe, Lee's Summit, Independence and more.~fides_delim~totalcount
= 4~fides_delim~https://www.pgatour.com/news/2023/01/22/how-to-watch-2023-the-american-express-pga-west-round-4-live-scores-featured-groups-tv-times-tee-times.html~fides_delim~How to watch The American Express, Round 4~fides_delim~How to watch The American Express, Round <em>4</em>: Featured Groups, live scores, tee times, TV times. January 22, 2023. By Staff , PGATOUR.COM. SHARE ON.~fides_delim~totalcount
= 4~fides_delim~https://www.wivb.com/~fides_delim~News 4 Buffalo~fides_delim~Headlines ; Buffalo Bills · 15 hours ago ; Erie County · 2 hours ago ; Local News · 11 hours ago ; Wake Up! · 5 mins ago ...~fides_delim~totalcount
= 4~fides_delim~https://www.raspberrypi.org/~fides_delim~Teach, learn, and make with the Raspberry Pi Foundation~fides_delim~10th Jan 2023 This post has <em>4</em> comments. A group of children and an adult have fun using Raspberry Pi hardware. Research ...~fides_delim~totalcount
= 4~fides_delim~https://www.flalottery.com/pick4~fides_delim~Florida Lottery - Pick 4~fides_delim~View the drawings for Florida Lotto, Mega Millions, Cash4Life, Powerball, Jackpot Triple Play, Cash Pop, Fantasy 5, Pick 5, Pick <em>4</em>, Pick 3, and Pick 2 on ...~fides_delim~totalcount
= 4~fides_delim~https://www.vw.com/en/models/id-4.html~fides_delim~The ID.4 from Volkswagen~fides_delim~The bold, stylish Volkswagen ID.<em>4</em> SUV will transform how you think about electric vehicles.~fides_delim~totalcount
= 4~fides_delim~https://www.ncaa.com/news/basketball-men/article/2023-01-23/4-preseason-favorites-who-stumbled-regrouped-and-are-perhaps-primed-run~fides_delim~4 preseason favorites who stumbled, regrouped, and are ...~fides_delim~North Carolina, Kentucky, Indiana and Creighton are showing signs of life after early season stumbles, writes NCAA.com's Mike Lopresti, ...~fides_delim~totalcount
= 4~fides_delim~https://www.espn.com/nfl/standings~fides_delim~NFL Standings 2022~fides_delim~12, <em>4</em>, 0 .750, 6-1, 6-3, 3-3, 8-3, 418, 322, +96, W8. 10, 7, 0 .588, 5-3, 5-<em>4</em>, 3-3, 6-6, 350, 315, +35, L2. 9, 8, 0 .529, <em>4</em>-<em>4</em>, 5-<em>4</em> ...~fides_delim~totalcount
= 4~fides_delim~https://www.nhc.noaa.gov/aboutsshws.php~fides_delim~Saffir-Simpson Hurricane Wind Scale~fides_delim~<em>4</em> (major), 130-156 mph 113-136 kt 209-251 km/h, Catastrophic damage will occur: Well-built framed homes can sustain severe damage with loss of most of the roof ...~fides_delim~totalcount
= 4~fides_delim~https://turbotax.intuit.com/tax-tools/calculators/w4/~fides_delim~Free IRS W-4 Withholding Calculator 2021-2022 - TurboTax~fides_delim~Estimate your paycheck withholding with our free W-<em>4</em> Withholding Calculator. Updated for your 2021-2022 taxes, simply enter your tax information and adjust ...~fides_delim~totalcount
= 4~fides_delim~https://4-h.org/~fides_delim~National 4-H Council | Positive Youth Development and ...~fides_delim~<em>4</em>-H provides kids with community, mentors, and learning opportunities to develop the skills they need to create positive change in their lives and ...~fides_delim~totalcount
= 4~fides_delim~https://www.illinoislottery.com/dbg/results/pick4~fides_delim~Check Pick 4 Lottery Results & Winning Numbers~fides_delim~Click for more details on Pick <em>4</em> results history for midday and evening draws, winning numbers and Pick <em>4</em> plus FIREBALL® prize payouts in Illinois.~fides_delim~totalcount
= 4~fides_delim~https://www.news4jax.com/~fides_delim~News4JAX | Jacksonville, Florida News, Weather, Sports ...~fides_delim~Breaking news in Jacksonville, Florida from News4JAX and WJXT Channel <em>4</em>. Jacksonville breaking news, headlines, weather, and sports. Local Jacksonville news ...~fides_delim~totalcount
= 4~fides_delim~https://www.gamestop.com/video-games/playstation-4~fides_delim~PS4 Games - PlayStation 4 Games~fides_delim~~fides_delim~totalcount
= 4~fides_delim~https://www.fitbit.com/global/us/products/smartwatches/versa4~fides_delim~Smartwatch | Fitbit Versa 4~fides_delim~Meet Fitbit Versa <em>4</em>™—a fitness smartwatch featuring Daily Readiness Score, Active Zone Minutes, 40+ exercise modes, built-in GPS and a 6-month Premium ...~fides_delim~totalcount
= 4~fides_delim~https://escapefromtarkov.fandom.com/wiki/Gunsmith_-_Part_4~fides_delim~Gunsmith - Part 4 - The Official Escape from Tarkov Wiki~fides_delim~Gunsmith - Part <em>4</em> is a Quest in Escape from Tarkov. Must be level 14 to start this quest. Modify an SKS to comply with the given specifications +3600 EXP ...~fides_delim~totalcount
= 4~fides_delim~https://www.kmov.com/~fides_delim~KMOV | Missouri Local News, Weather, Sports | St. Louis, MO~fides_delim~Updated: <em>4</em> hours ago. |. By Alexis Zotos. As St. Louis prepares for a winter storm this week, snow plow companies say they're ready for whatever Mother ...~fides_delim~totalcount
= 4~fides_delim~https://www.nytimes.com/2023/01/22/fashion/jewelry-couture-paris.html~fides_delim~4 Indie Makers to Watch in the High Jewelry Scene~fides_delim~<em>4</em> Indie Designers to Watch: Few major jewelry houses chose to present high jewelry collections in Paris this season, but some independent ...~fides_delim~totalcount
= 4~fides_delim~https://covid19.who.int/~fides_delim~WHO Coronavirus (COVID-19) Dashboard~fides_delim~World Health Organization Coronavirus disease situation dashboard presents official daily counts of COVID-19 cases and deaths worldwide, ...~fides_delim~totalcount
= 4~fides_delim~https://diablo4.blizzard.com/~fides_delim~Diablo IV~fides_delim~Amalgam of Rage Mount in World of Warcraft®**; Umber Winged Darkness Cosmetics Set in Diablo Immortal™**; Up to <em>4</em> days Early Access to Diablo® IV's Launch*** ...~fides_delim~totalcount
= 4~fides_delim~https://www.4dayweek.com/~fides_delim~4 Day Week Global~fides_delim~Join us as we change the future of work! The <em>4</em> Day Week is a reduced-hour working model, which seeks to prioritise working smarter to produce better ...~fides_delim~totalcount
= 4~fides_delim~https://us.amazfit.com/products/amazfit-gtr-4~fides_delim~Amazfit GTR 4~fides_delim~Amazfit GTR <em>4</em>. Smart Fitness Made Easy. A Classic in Action. Powered by Zepp OS 2.0. 150+ Sports Modes &amp; Strength Exercise Recognition | Dual-band ...~fides_delim~totalcount
= 4~fides_delim~https://news4sanantonio.com/~fides_delim~WOAI: San Antonio News, Weather, Sports, Breaking News~fides_delim~WOAI NBC News Channel <em>4</em> San Antonio provides local news, weather forecasts, traffic updates, investigations, and items of interest in the community, ...~fides_delim~totalcount
= 4~fides_delim~https://www.xbox.com/en-US/games/store/the-sims-4/c08jxnk0vg5l~fides_delim~Get The Sims™ 4~fides_delim~Download for Free – The base game of The Sims™ <em>4</em> is free to download. Get a plethora of options for building homes, styling Sims, and customizing their ...~fides_delim~totalcount
= 4~fides_delim~https://www.nbcnewyork.com/~fides_delim~NBC New York – New York News, Local News, Weather ...~fides_delim~StormTracker <em>4</em>. Locations. Layers. Past. 7:00 PM PST. 37°. Rain. 0.8% Precip. Tonight. 34°. Tomorrow. 44° · <em>4</em> Weather Alerts · See full forecast ...~fides_delim~totalcount
= 4~fides_delim~https://www.galottery.com/en-us/games/draw-games/cash-four.html~fides_delim~Cash 4 - Games~fides_delim~9 <em>4</em> 5 5. 1; 2; 3. Check Winning Numbers. Buy Now; How To Play; Odds &amp; Prizes; Winning Numbers. Win up to: $5,000. Each Play costs: $1.00 or $0.50.~fides_delim~totalcount
= 4~fides_delim~https://www.kron4.com/~fides_delim~KRON4: San Francisco Bay Area News &amp; Weather~fides_delim~Expect another sunny and dry day Friday with daytime highs in the low 50s. kron4.com. San Francisco Bay Area Forecast: Sunshine and dry skies reemerge · <em>4</em>.~fides_delim~totalcount
= 4~fides_delim~https://www.mathsisfun.com/games/connect4.html~fides_delim~Play 4 In A Line!~fides_delim~Play <em>4</em> In A Line!. Called "Connect <em>4</em>" by Hasbro. Play against computer or another human. A great challenge.~fides_delim~totalcount
= 4~fides_delim~https://www.wsmv.com/~fides_delim~Nashville News, Weather, Sports~fides_delim~... caught fire, and crews were dispatched at around <em>4</em> a.m. on Saturday, according to the Nashville Fire Department.~fides_delim~totalcount
= 4~fides_delim~https://www.wwltv.com/~fides_delim~Latest news, weather, sports and information | New Orleans ...~fides_delim~<em>4</em> Things to Know Newsletter ...~fides_delim~totalcount
= 4~fides_delim~https://dor.mo.gov/forms/MO%20W-4.pdf~fides_delim~Form MO W-4 – Employee&#39;s Withholding Certificate~fides_delim~Notice to Employee: Return completed form to your Employer. Consider completing a new Form MO W-<em>4</em> each year and when your personal or financial situation ...~fides_delim~totalcount
= 4~fides_delim~https://www.mdcalc.com/calc/2200/fibrosis-4-fib-4-index-liver-fibrosis~fides_delim~Fibrosis-4 (FIB-4) Index for Liver Fibrosis~fides_delim~The Fibrosis-<em>4</em> (FIB-<em>4</em>) Index for Liver Fibrosis is a non-invasive scoring system based on several laboratory tests that help to estimate the amount of ...~fides_delim~totalcount
= 4~fides_delim~https://www.abcya.com/grades/4~fides_delim~Fourth Grade Learning Games, Ages 9 - 10 • ABCya!~fides_delim~Grade <em>4</em> Common Core Standards. Letters Numbers Holiday Strategy Skill. Fourth Grade. Advertisement | Go Ad-Free! featured games. Math Magician - Color Quest.~fides_delim~totalcount
= 4~fides_delim~https://www.joomla.org/4/en/~fides_delim~Joomla! 4 is out! Lightning fast! Top for SEO! Most secure!~fides_delim~Joomla! version <em>4</em> is out! Top for speedy sites &amp; handcrafted SEO! Built for security and accessibility! ▻ Go explore all new features now &amp; find out more!~fides_delim~totalcount
= 4~fides_delim~https://www.wyff4.com/~fides_delim~Greenville SC News and Weather - WYFF News 4~fides_delim~Get the latest Greenville news and weather. For live, local, late-breaking Greenville, SC, news coverage, WYFF is the place to be.~fides_delim~totalcount
= 4~fides_delim~https://www.python.org/downloads/~fides_delim~Download Python~fides_delim~<em>4</em>, 2021 Download Release Notes · Python 3.6.15 Sept. <em>4</em>, 2021 Download Release Notes · Python 3.9.7 Aug. 30, 2021 Download Release Notes · Python 3.8.12 Aug.~fides_delim~totalcount
= 4~fides_delim~https://www.ncbi.nlm.nih.gov/pmc/articles/PMC3074887/~fides_delim~Health Consequences of Iodine Deficiency - PMC~fides_delim~by U Kapil · 2007 · Cited by 122 — Iodine is a trace element essential for the synthesis of thyroid hormones, triodothyronine (T3) and thyroxine (T<em>4</em>). These hormones regulate the metabolic ...~fides_delim~totalcount
= 4~fides_delim~https://www.nasa.gov/stem/forstudents/k-4/index.html~fides_delim~NASA for Students in Kindergarten to 4th Grade~fides_delim~For Media · For Educators; For Students; Grades K-<em>4</em> · Grades 5-8 · Grades 9-12 · Colleges and Universities · NASA for Students in Kindergarten to 4th Grade.~fides_delim~totalcount
= 4~fides_delim~https://constitution.congress.gov/constitution/amendment-4/~fides_delim~U.S. Constitution - Fourth Amendment | Library of Congress~fides_delim~The right of the people to be secure in their persons, houses, papers, and effects, against unreasonable searches and seizures, shall not be violated, ...~fides_delim~totalcount
= 4~fides_delim~https://www.unglobalcompact.org/what-is-gc/mission/principles/principle-4~fides_delim~Principle 4 | UN Global Compact~fides_delim~Principle <em>4</em> states that businesses should eliminate of all forms of forced and compulsory labour. Learn more about Principle <em>4</em> at the UN Global Compact.~fides_delim~totalcount
= 4~fides_delim~https://stockx.com/retro-jordans/air-jordan-4~fides_delim~Buy Air Jordan 4 Shoes & New Sneakers~fides_delim~Buy and sell Air Jordan <em>4</em> shoes at the best price on StockX, the live marketplace for StockX Verified Air Jordan sneakers and other popular new releases.~fides_delim~totalcount
= 4~fides_delim~https://www.boxofficemojo.com/weekend/2023W03/~fides_delim~Domestic 2023 Weekend 3 - Box Office Mojo~fides_delim~~fides_delim~totalcount
= 4~fides_delim~https://www.rfc-editor.org/rfc/rfc7231~fides_delim~RFC 7231: Hypertext Transfer Protocol (HTTP/1.1)~fides_delim~by R Fielding · 2014 · Cited by 825 — Code Components extracted from this document must include Simplified BSD License text as described in Section <em>4</em>.e of the Trust Legal Provisions and are ...~fides_delim~totalcount
= 4~fides_delim~https://www.cancer.gov/publications/dictionaries/cancer-terms/def/ctla-4~fides_delim~Definition of CTLA-4 - NCI Dictionary of Cancer Terms~fides_delim~CTLA-<em>4</em>. A protein found on T cells (a type of immune cell) that helps keep the body's immune responses in check. When CTLA-<em>4</em> is ...~fides_delim~totalcount
= 4~fides_delim~https://www.digitalspy.com/tv/ustv/a40322730/umbrella-academy-season-4-release-date/~fides_delim~The Umbrella Academy season 4 potential release date, ...~fides_delim~Umbrella Academy season 3 ended on a hell of a cliffhanger on Netflix. Here's what we know about season <em>4</em>, the show's last, including cast ...~fides_delim~totalcount
= 4~fides_delim~https://www.control4.com/~fides_delim~Control4: Home Automation and Smart Home Control~fides_delim~We connect smart devices to work in unison, delivering a truly intelligent smart home experience that makes life more convenient, safe, and enjoyable. · Learn ...~fides_delim~totalcount
= 4~fides_delim~https://www.law.cornell.edu/uscode/text/4/8~fides_delim~4 U.S. Code § 8 - Respect for flag - Law.Cornell.Edu~fides_delim~<em>4</em> U.S. Code § 8 - Respect for flag ... No disrespect should be shown to the flag of the United States of America; the flag should not be dipped to any person or ...~fides_delim~totalcount
= 4~fides_delim~https://nycprimerib.com/~fides_delim~4 Charles Prime Rib~fides_delim~An intimate supper club tucked away in the charming West Village neighborhood of Manhattan.~fides_delim~totalcount
= 4~fides_delim~https://www.mayoclinic.org/healthy-lifestyle/nutrition-and-healthy-eating/in-depth/caffeine/art-20045678~fides_delim~Caffeine: How much is too much?~fides_delim~You may want to cut back if you're drinking more than <em>4</em> cups of caffeinated coffee a day (or the equivalent) and you have side effects such as:.~fides_delim~totalcount
= 4~fides_delim~https://www.time4learning.com/~fides_delim~Time4Learning: Online Homeschool Programs &amp; Afterschool ...~fides_delim~Award-winning online curriculum teaching math, language arts, science, social studies and more! Great for homeschool program, afterschool &amp; summer use.~fides_delim~totalcount
= 4~fides_delim~https://www.michiganlottery.com/games/daily-4~fides_delim~Daily 4 - View Winning Numbers and Game Information~fides_delim~How to play Daily <em>4</em>, game details, game rules, and prize payout information for Michigan Daily <em>4</em>.~fides_delim~totalcount
= 4~fides_delim~https://www.food4less.com/~fides_delim~Food 4 Less : Shop Groceries, Find Digital Coupons &amp; Order ...~fides_delim~Shop low prices on groceries to build your shopping list or order online. Fill prescriptions, save with 100s of digital coupons, get fuel points, ...~fides_delim~totalcount
= 4~fides_delim~https://www.valleycentral.com/~fides_delim~ValleyCentral.com: Rio Grande Valley News &amp; Weather ...~fides_delim~Local News · State Headlines · National News · Food <em>4</em> Thought · Best of the RGV · 956 Vanished · RGV True Crime · SpaceX · BorderReport.com ...~fides_delim~totalcount
= 4~fides_delim~https://fxhome.com/product/hitfilm~fides_delim~Download HitFilm - Free Video Editing Software~fides_delim~HitFilm is a free video editing and visual effects software with professional-grade VFX tools for you to make awesome content, films or gaming videos.~fides_delim~totalcount
= 4~fides_delim~https://tools.usps.com/zip-code-lookup.htm~fides_delim~ZIP Code™ Lookup~fides_delim~Enter a corporate or residential street address, city, and state to see a specific ZIP Code<sup>™</sup>. ... Enter city and state to see all the ZIP Codes<sup>™</sup> for that city.~fides_delim~totalcount
= 4~fides_delim~https://www.mbusa.com/en/vehicles/class/amg-gt-4-door/mercedes-amg-gt-4-door-coupe~fides_delim~The AMG GT 4-door Coupe~fides_delim~Feast your eyes on the <em>4</em>-door supercar: the AMG GT <em>4</em>-door Coupe. See design, performance and technology features, as well as models, pricing, ...~fides_delim~totalcount
= 4~fides_delim~https://angular.io/~fides_delim~Angular~fides_delim~<em>4</em>. Add services · 5. Add navigation · 6. Get data from a server · Building a template-driven form. Updates and releases.~fides_delim~totalcount
= 4~fides_delim~https://www.ibm.com/products/linuxone-emperor-4~fides_delim~IBM LinuxONE Emperor 4~fides_delim~Reduce your energy costs and carbon footprint while increasing performance, data protection and customer satisfaction with IBM LinuxONE Emperor <em>4</em>.~fides_delim~totalcount
= 4~fides_delim~https://www.schwab.com/learn/story/beyond-4-rule-how-much-can-you-spend-retirement~fides_delim~Beyond the 4% Rule: How Much Can You Spend in ...~fides_delim~The <em>4</em>% rule assumes you withdraw the same amount from your portfolio every year, adjusted for inflation. Source: Schwab Center for Financial Research. Assumes ...~fides_delim~totalcount
= 4~fides_delim~https://www.w3.org/WAI/WCAG22/Understanding/orientation.html~fides_delim~Understanding Success Criterion 1.3.4: Orientation | WAI~fides_delim~<em>4</em>:Orientation (Level AA). Success Criterion (SC). Content does not restrict its view and operation to a single display orientation, such as portrait or ...~fides_delim~totalcount
= 4~fides_delim~https://admissions.temple.edu/academics/fly-4-graduation-partnership~fides_delim~Fly in 4 Graduation Partnership~fides_delim~Get Ready to Fly Fly in <em>4</em> is Temple's innovative way of ensuring you complete your degree in four years—or sooner. One of the first of its kind...~fides_delim~totalcount
= 4~fides_delim~https://www.utilitydive.com/news/california-puc-proposal-4-gw-clean-energy-wind-solar/640827/~fides_delim~California PUC proposal would order an additional 4 GW ...~fides_delim~California PUC proposal would order an additional <em>4</em> GW of clean energy resources to bolster grid reliability · Dive Brief: · Dive Insight:.~fides_delim~totalcount
= 4~fides_delim~https://www.cbsnews.com/colorado/~fides_delim~CBS Colorado - Breaking News, Sports, First Alert Weather ...~fides_delim~<em>4</em>:00 PM CBS4 News at <em>4</em>. 5:00 PM CBS4 News at 5. 5:30 PM CBS Evening News with Norah O'Donnell. 6:00 PM CBS4 News at 6. View All Programs ...~fides_delim~totalcount
= 4~fides_delim~https://www.intel.com/content/www/us/en/gaming/resources/upgrade-gaming-accessories-thunderbolt-4.html~fides_delim~What Is Thunderbolt 4?~fides_delim~You can connect external monitors, Thunderbolt™, and USB devices with a single Thunderbolt <em>4</em> cable. High-speed Thunderbolt <em>4</em> technology leverages the power of ...~fides_delim~totalcount
= 4~fides_delim~https://www.disneyplus.com/movies/toy-story-4/2CtjW4tKzIHp~fides_delim~Toy Story 4~fides_delim~Toy Story <em>4</em>. Pixar Animation Studios proudly presents the adventure of a lifetime! When Woody, Buzz and the gang join Bonnie on a road trip with her new ...~fides_delim~totalcount
= 4~fides_delim~https://www.w3schools.com/bootstrap4/bootstrap_get_started.asp~fides_delim~Bootstrap 4 Get Started~fides_delim~Bootstrap <em>4</em> uses jQuery and Popper.js for JavaScript components (like modals, tooltips, popovers etc). However, if you just use the CSS part of Bootstrap, you ...~fides_delim~totalcount
= 4~fides_delim~https://extension.psu.edu/programs/4-h~fides_delim~Pennsylvania 4-H~fides_delim~Where do you fit in? Explore the activities, projects, programs, and more that adult leaders and kids can get involved in through <em>4</em>-H!~fides_delim~totalcount
= 4~fides_delim~https://learn.microsoft.com/en-us/training/paths/azure-fundamentals-describe-azure-architecture-services/~fides_delim~Describe Azure architecture and services - Training~fides_delim~Azure Fundamentals: Describe Azure architecture and services. 3 hr 23 min; Learning Path; <em>4</em> Modules. Beginner. Administrator. Developer. DevOps Engineer.~fides_delim~totalcount
= 4~fides_delim~https://www.healthvermont.gov/3-4-50~fides_delim~3-4-50: Prevent Chronic Disease~fides_delim~3-<em>4</em>-50 is about making a difference at a level that can influence the health of many. Businesses, schools, cities and towns, and health care providers all play ...~fides_delim~totalcount
