plagiarism checker free~fides_delim~https://www.duplichecker.com/~fides_delim~Plagiarism Checker | 100% Free and Accurate - Duplichecker~fides_delim~<em>Plagiarism Checker</em> offered by DupliChecker. Completely <em>free</em> and accurate online tool to check plagiarism. Just Copy &amp; Paste to detect Copied content.~fides_delim~totalcount
plagiarism checker free~fides_delim~https://www.quetext.com/plagiarism-checker~fides_delim~Plagiarism Checker | Free Fast Accurate - Quetext~fides_delim~Enter text into plagiarism detection tool. We make it simple. Just copy and paste all content from your document into our <em>plagiarism checker</em> and hit the 'Check ...~fides_delim~totalcount
plagiarism checker free~fides_delim~https://smallseotools.com/plagiarism-checker/~fides_delim~Plagiarism Checker - 100% Free Plagiarism Detector Online~fides_delim~<em>Plagiarism checker</em> by SmallSeoTools, 100% <em>free</em> online tool that check plagiarism with quick and accurate results. Best online <em>plagiarism detector</em> for you.~fides_delim~totalcount
plagiarism checker free~fides_delim~https://www.grammarly.com/plagiarism-checker~fides_delim~Plagiarism Checker - Grammarly~fides_delim~Grammarly's <em>plagiarism checker</em> can detect plagiarism from billions of web pages as well as from ProQuest's academic databases. Our <em>free plagiarism check</em> ...~fides_delim~totalcount
plagiarism checker free~fides_delim~https://plagiarismdetector.net/~fides_delim~Plagiarism Checker Free | Accurate with Percentage~fides_delim~<em>Plagiarism checker free</em> and accurately detects copyright content from assignments or Documents with 0$ cost and ONE-click essay checker.~fides_delim~totalcount
plagiarism checker free~fides_delim~https://www.check-plagiarism.com/~fides_delim~Check Plagiarism: Free Online Plagiarism Checker~fides_delim~This <em>plagiarism checker free</em> scans every single sentence and compares it with all online resources to detect plagiarism. It uses advanced AI algorithms and ...~fides_delim~totalcount
plagiarism checker free~fides_delim~https://searchenginereports.net/plagiarism-checker~fides_delim~100% Free to Check Plagiarism Online - Keyword Rank Checker~fides_delim~Our <em>free</em> online <em>plagiarism checker</em> can give you the option to download a detailed plagiarism test report for your content by clicking "Download Report". You can ...~fides_delim~totalcount
plagiarism checker free~fides_delim~https://copyleaks.com/plagiarism-checker~fides_delim~Online Plagiarism Checker - Copyleaks~fides_delim~By using the Copyleaks <em>plagiarism</em> detection platform, all university levels can <em>check</em> their work and adhere to writing original and <em>plagiarism</em>-<em>free</em> essays.~fides_delim~totalcount
plagiarism checker free~fides_delim~https://www.easybib.com/grammar-and-plagiarism/plagiarism-checker/~fides_delim~Free plagiarism checker by EasyBib~fides_delim~The <em>plagiarism checker</em> compares your writing sample with billions of available sources online so that it detects plagiarism at every level. You'll be notified ...~fides_delim~totalcount
plagiarism checker free~fides_delim~https://www.plagiarismchecker.co/~fides_delim~Plagiarism Checker - No 1 Free plagiarism Detector~fides_delim~<em>Plagiarism checker</em> detects duplication from your content online against billions of web pages. Check plagiarism reports accurately in detail with ...~fides_delim~totalcount
plagiarism checker free~fides_delim~https://papersowl.com/free-plagiarism-checker~fides_delim~Free Plagiarism Checker Online for Students - PapersOwl~fides_delim~If you need to check your essay for plagiarism, you can use the PapersOwl online <em>plagiarism checker</em>. We provide this service <em>free</em> of charge for anyone. It is an ...~fides_delim~totalcount
plagiarism checker free~fides_delim~https://grammica.com/plagiarism-checker~fides_delim~Plagiarism Checker - Grammica~fides_delim~<em>Plagiarism checker</em> is a <em>free</em> online <em>plagiarism detector</em> tool. A Similarity checker provides a report with the percentage of plagiarism detected.~fides_delim~totalcount
plagiarism checker free~fides_delim~https://www.paperrater.com/plagiarism_checker~fides_delim~Free Online Plagiarism Checker | PaperRater~fides_delim~PaperRater's <em>free</em> online <em>Plagiarism Checker</em> checks submitted papers, essays and other documents to detect plagiarism. This lets the user ensure that their ...~fides_delim~totalcount
plagiarism checker free~fides_delim~https://www.aresearchguide.com/plagiarism-checker.html~fides_delim~Free Plagiarism Checker - Online Tool by AResearchGuide~fides_delim~Usage of a <em>free plagiarism checker</em> brings many benefits. It saves time, marks plagiarized content and provides a percentage of stolen text.~fides_delim~totalcount
plagiarism checker free~fides_delim~https://plagly.com/~fides_delim~Plagly: Free Plagiarism Checker~fides_delim~Plagly's <em>plagiarism checker</em> compares your text to the entire internet and other databases by detecting plagiarized phrases and highlighting sections of content ...~fides_delim~totalcount
plagiarism checker free~fides_delim~https://www.editpad.org/tool/plagiarism-checker~fides_delim~Plagiarism Checker - Check 5000, 10000 &amp; 15,000 words free~fides_delim~<em>Plagiarism checker</em> by Editpad is a <em>free</em> online tool to check plagiarism in the text. Find duplicate content, add sources of non-quoted text and download ...~fides_delim~totalcount
plagiarism checker free~fides_delim~https://unicheck.com/free-plagiarism-checker-online~fides_delim~Free Plagiarism Checker for teachers and students - Unicheck~fides_delim~To start using a text <em>plagiarism checker</em> like Unicheck.com, one simply needs to log in, verify their email address, and purchase pages to enable plagiarism ...~fides_delim~totalcount
plagiarism checker free~fides_delim~https://unicheck.com/~fides_delim~Unicheck: Plagiarism Checker for Educators and Students~fides_delim~Try out an LMS-friendly <em>plagiarism checker</em> for education. ⏩ Check papers, essays, and articles across 91B current and archived web pages.~fides_delim~totalcount
plagiarism checker free~fides_delim~https://www.plagium.com/en/plagiarismchecker~fides_delim~free plagiarism checker ::: plagium~fides_delim~Plagium is an innovative, fast, and easy-to-use means to <em>check</em> text against possible <em>plagiarism</em> or possible sources of origination.~fides_delim~totalcount
plagiarism checker free~fides_delim~https://www.scanmyessay.com/~fides_delim~Plagiarism Checker - Free and Paid Options | Viper Online~fides_delim~<em>Plagiarism Checker</em> from ScanMyEssay.com - Viper is a leading online plagiarism and duplicate content checker. <em>Free</em> and paid options available!~fides_delim~totalcount
plagiarism checker free~fides_delim~https://edubirdie.com/plagiarism-checker~fides_delim~Plagiarism Checker That Will Help Improve Your Originality~fides_delim~<em>Free</em> essay <em>plagiarism checker</em> will help you highlight each critical issue and learn how to spell as you check content for plagiarism. Grammar checker includes ...~fides_delim~totalcount
plagiarism checker free~fides_delim~https://www.citationmachine.net/grammar-and-plagiarism/~fides_delim~Instant plagiarism checker tool - Citation Machine~fides_delim~So when you submit to a <em>free plagiarism checker</em> — or a subscription-based one — you're comparing your own writing to other writings online.~fides_delim~totalcount
plagiarism checker free~fides_delim~https://apps.apple.com/us/app/plagiarism-checker/id1231934420~fides_delim~Plagiarism Checker on the App Store~fides_delim~Download <em>Plagiarism Checker</em> and enjoy it on your iPhone, iPad, and iPod touch. ... Designed for iPad. 4.4 • 1.1K Ratings. <em>Free</em>; Offers In-App Purchases ...~fides_delim~totalcount
plagiarism checker free~fides_delim~http://plagiarisma.net/~fides_delim~Plagiarisma | Plagiarism Checker~fides_delim~Plagiarisma is the world famous <em>plagiarism checker</em> for scholars, students, teachers, writers. Download a <em>free</em> software for Windows, Android, Blackberry, ...~fides_delim~totalcount
plagiarism checker free~fides_delim~https://www.prepostseo.com/plagiarism-checker~fides_delim~Plagiarism Checker - Free &amp; Accurate with Percentage~fides_delim~<em>Plagiarism checker</em> is a <em>free</em> online tool that helps writers, bloggers, and webmasters to check for plagiarism. It scans and compares files against the submitted ...~fides_delim~totalcount
plagiarism checker free~fides_delim~https://gradesfixer.com/plagiarism-checker/~fides_delim~Plagiarism Checker №1 - Accurate and Free Tool on ...~fides_delim~Using <em>free plagiarism checker</em>, one can scan any assignment and avoid failed grade even if there was no intention of academic dishonesty.~fides_delim~totalcount
plagiarism checker free~fides_delim~https://rewriteguru.com/plagiarism-checker/~fides_delim~Online Plagiarism Checker - Article Rewriter~fides_delim~Detect the percentage of duplication existing in a piece of text with our <em>free</em> online <em>plagiarism checker</em>. The <em>plagiarism detector</em> provides you with 100% ...~fides_delim~totalcount
plagiarism checker free~fides_delim~https://www.trustmypaper.com/free-plagiarism-checker~fides_delim~Free Online Plagiarism Checker with Percentage for Students~fides_delim~Let's take a look at probably the most common online <em>plagiarism detector</em> – Turnitin. Most colleges use Turnitin campus-wide, so instructors will check papers ...~fides_delim~totalcount
plagiarism checker free~fides_delim~https://www.turnitin.com/~fides_delim~Turnitin: Empower Students to Do Their Best, Original Work~fides_delim~Turnitin solutions promote academic integrity, streamline grading and feedback, deter <em>plagiarism</em>, and improve student outcomes.~fides_delim~totalcount
plagiarism checker free~fides_delim~https://www.chegg.com/writing/features/plagiarism-checker~fides_delim~Chegg Writing Plagiarism Tool~fides_delim~This easy online <em>plagiarism checker</em> scans your work &amp; detects mistaken plagiarism in seconds. ... Paste or upload your paper to get started for <em>free</em>.~fides_delim~totalcount
plagiarism checker free~fides_delim~https://www.g2.com/categories/plagiarism-checker/free~fides_delim~Best 4 Free Plagiarism Checker Software Picks in 2023 - G2~fides_delim~View <em>Free Plagiarism Checker</em> Software ; Grammarly Business · (1,216). 4.6 out of 5 ; PlagiarismCheck.org · (15)4.5 out of 5 ; ProWritingAid · (37). 4.5 out of 5.~fides_delim~totalcount
plagiarism checker free~fides_delim~https://plagiarismcheck.org/~fides_delim~Plagiarism Check for Educators and Students ...~fides_delim~PlagiarismCheck is an efficient and reliable tool that can help you assess the originality of any text. With it, we save instructors' time and help students ...~fides_delim~totalcount
plagiarism checker free~fides_delim~https://academichelp.net/check-paper-for-plagiarism/~fides_delim~Free Plagiarism Checker For Students Online~fides_delim~<em>Free plagiarism checker</em> for students. Online help with plagiarism detection: new advanced technology. Use to check any papers.~fides_delim~totalcount
plagiarism checker free~fides_delim~https://www.cheapestessay.com/tools/free-plagiarism-checker~fides_delim~Free Plagiarism Checker for Students - CheapestEssay~fides_delim~How Does CheapestEssay's <em>Free Plagiarism Checker</em> Works? ... To check your academic papers for uniqueness, you need to copy-paste the entire text in the above- ...~fides_delim~totalcount
plagiarism checker free~fides_delim~https://myassignmenthelp.com/us/plagiarism-checker.html~fides_delim~Plagiarism Checker Free | 24/7 Try Tool Now - Assignment Help~fides_delim~The Turnitin <em>plagiarism checker</em> is <em>free</em> at MyAssignmenthelp.com. It scans your document against millions of web pages and other academic sources to detect ...~fides_delim~totalcount
plagiarism checker free~fides_delim~https://edusson.com/essay-plagiarism-checker~fides_delim~Free Online Plagiarism Checker for Students - Edusson.com~fides_delim~First of all, let's start by looking at exactly what a <em>plagiarism checker</em> online is. Essentially, this is a tool that you use after you have written an essay or ...~fides_delim~totalcount
plagiarism checker free~fides_delim~https://www.bibme.org/grammar-and-plagiarism/~fides_delim~Essay Checker: Spot Accidental Plagiarism with our ... - BibMe~fides_delim~A <em>free plagiarism checker</em> may scan your paper for matching text and merely highlight the problem areas and return a percentage that reflects the amount of ...~fides_delim~totalcount
plagiarism checker free~fides_delim~https://www.studyinternational.com/news/plagiarism-checker-free/~fides_delim~5 free plagiarism checkers for university students~fides_delim~Another <em>plagiarism checker</em> that uses DeepSearch technology is Duplichecker, which offers a basic <em>free</em> version and a multifunctional pro version.~fides_delim~totalcount
plagiarism checker free~fides_delim~https://studymoose.com/free-plagiarism-checker~fides_delim~Free Plagiarism Checker No Word Limit - StudyMoose~fides_delim~Deep <em>plagiarism checker</em> for everyone ... The <em>free</em> program Studymoose can easily examine your academic texts for plagiarized sentences, save you time, and produce ...~fides_delim~totalcount
plagiarism checker free~fides_delim~https://medium.com/@kesiparker/top-10-free-plagiarism-detection-tools-5bd4512c7aa8~fides_delim~Top 10 Free Plagiarism Detection Tools | by Kesi Parker~fides_delim~Grammarly is an automated proofreader and <em>plagiarism checker</em>. It makes sure everything you type is easy to read, effective, and mistake-<em>free</em>. This plagiarism ...~fides_delim~totalcount
plagiarism checker free~fides_delim~https://www.plagtracker.com/~fides_delim~Plagiarism Checker - the most accurate and absolutely FREE ...~fides_delim~A <em>plagiarism checker</em> benefits teachers, students, website owners, and anyone else interested in protecting their writing. Our detector guarantees that anything ...~fides_delim~totalcount
plagiarism checker free~fides_delim~https://research.com/software/free-plagiarism-checker-tools~fides_delim~10 Free Plagiarism Checker Tools for Students and Teachers~fides_delim~Quetext is a <em>plagiarism checker</em> and citation assistant. It has a <em>free</em> Instant Search feature that helps you review your work with lightning ...~fides_delim~totalcount
plagiarism checker free~fides_delim~https://www.guru99.com/best-plagiarism-checker.html~fides_delim~10+ BEST Plagiarism Checker Software (Free/Paid) - Guru99~fides_delim~<em>Plagiarism checker</em> X is easy to use an accurate plagiarism scanner. It is one of the best plagiarism checkers for research papers that allows ...~fides_delim~totalcount
plagiarism checker free~fides_delim~https://www.ithenticate.com/~fides_delim~iThenticate: Plagiarism Detection Software~fides_delim~Take the effort out of plagiarism detection with iThenticate. The most trusted <em>plagiarism checker</em> by the world's top researchers, publishers, and scholars.~fides_delim~totalcount
plagiarism checker free~fides_delim~https://www.digitalgyd.com/top-20-best-online-plagiarism-checker-tools-free/~fides_delim~Top 20 Best Free Plagiarism Checker Tools Compared (2023)~fides_delim~Grammarly; Originality.AI; ProWritingAid; Whitesmoke; Duplichecker; PlagiarismCheck.org; Quetext; Small SEO Tools <em>Plagiarism Checker</em>; Copyleaks; Viper ...~fides_delim~totalcount
plagiarism checker free~fides_delim~https://eslexpat.com/blog/5-best-free-plagiarism-checkers-in-2023/~fides_delim~5 BEST Free Plagiarism Checkers in 2023 - ESL Expat~fides_delim~Online <em>Plagiarism Checker</em> – SearchEngineReports · Upload files from Local storage or Dropbox to check for plagiarism. · Capable of checking ...~fides_delim~totalcount
plagiarism checker free~fides_delim~https://www.checkforplagiarism.net/free-vs-paid-checking~fides_delim~Free vs. Paid Plagiarism Checking - CheckForPlagiarism.net~fides_delim~<em>CheckForPlagiarism</em>.net provides a unique opportunity for you to <em>check</em> your submitted documents' through our patented <em>plagiarism</em> checking engine, identifying all ...~fides_delim~totalcount
plagiarism checker free~fides_delim~https://fixgerald.com/~fides_delim~Online Plagiarism Checker | Fast and Accurate~fides_delim~Paste the text. Just copy in your text or upload the full doc · <em>Check</em> for mistakes. Our report highlights all the possible <em>plagiarism</em> issues · Make it better.~fides_delim~totalcount
plagiarism checker free~fides_delim~https://myassignmenthelp.io/plagiarism-checker.html~fides_delim~How To Use The Online Plagiarism Checker?~fides_delim~Our <em>free</em> online <em>plagiarism checker</em> tool follows your university's highest academic standards while scanning your document. Try out our <em>plagiarism checker</em> ...~fides_delim~totalcount
plagiarism checker free~fides_delim~https://freeplagiarismchecker.pro/~fides_delim~Free Plagiarism Checker | Completely Free Online Detector~fides_delim~The best <em>FREE</em> online <em>checker</em> that accurately detects <em>plagiarized</em> in copyright content from assignments, documents, and websites! Our <em>free</em> checking engine ...~fides_delim~totalcount
plagiarism checker free~fides_delim~https://www.plagiarismcheckerfree.com/~fides_delim~Plagiarism Checker Free Online for Students and Teachers.~fides_delim~Get Started with a <em>Plagiarism Checker</em> · Step 1. Copy any type of text that you want to get checked whether it be an essay, term paper, article or document for ...~fides_delim~totalcount
plagiarism checker free~fides_delim~https://www.summarizingtool.net/plagiarism-checker~fides_delim~Plagiarism Checker Free - Summarizing Tool~fides_delim~<em>Plagiarism Checker Free</em> ... With this plagiarism checker, you can check your content against billions of online sources to get an exact duplication percentage.~fides_delim~totalcount
plagiarism checker free~fides_delim~https://www.youtube.com/watch?v=gD9BH2fXtn8~fides_delim~Best Free Plagiarism Checker that Every Bloggers should use~fides_delim~What is plagiarism? What are the Best <b>Free plagiarism checker</b> tools available online? Watch the video to learn in detail.~fides_delim~totalcount
plagiarism checker free~fides_delim~https://www.writerwiki.com/top-5-free-plagiarism-checker-programs-in-2022/~fides_delim~Top 5 Free Plagiarism Checker Programs in 2022 - WriterWiki~fides_delim~Are you looking for quality <em>plagiarism checker</em> software that can help detect plagiarized content from your website?~fides_delim~totalcount
plagiarism checker free~fides_delim~https://eduzaurus.com/plagiarism-checker~fides_delim~Free Online Plagiarism Checker With Percentage by EduZaurus~fides_delim~<em>FREE PLAGIARISM CHECKER</em> BY EduZaurus CHECK YOUR ESSAY ONLINE NOW ... We can help you upgrade your essay with our rewriting service. Writing essays is time ...~fides_delim~totalcount
plagiarism checker free~fides_delim~https://noplag.com/plagiarism-checker/~fides_delim~Best Online Plagiarism Checker &amp; Similarity Detector - Noplag~fides_delim~test our <em>plagiarism checker</em> for <em>free</em> ... Noplag is one of the oldest, well-known and most trusted plagiarism detection services on the internet, which was ...~fides_delim~totalcount
plagiarism checker free~fides_delim~https://noplag.com/free-plagiarism-checker/~fides_delim~FREE Plagiarism Checker - Check Now | Noplag.com~fides_delim~Noplag <em>plagiarism checker</em> grants up to 10 <em>free</em> checks to newcomers, so noplag.com/<em>free</em>-<em>plagiarism</em>-<em>checker</em> is the right place for anyone looking for “try before ...~fides_delim~totalcount
plagiarism checker free~fides_delim~https://www.paperpass.net/~fides_delim~Plagiarism Checker Free | PaperPass~fides_delim~PaperPass is one of the most professional <em>plagiarism checker</em> tools, A <em>free</em> and accurately online similaritiy checker to detect duplicate content,used by ...~fides_delim~totalcount
plagiarism checker free~fides_delim~https://studybay.com/plagiarism-checker/~fides_delim~Plagiarism Checker - Free Online by StudyBay~fides_delim~<em>Plagiarism Checker</em> · Detect copied pieces from 20 billion web pages · Search for any matches through our databases · Find out the percentage of similarity of your ...~fides_delim~totalcount
plagiarism checker free~fides_delim~http://www.whitesmoke.com/plagiarism_checker.html~fides_delim~WhiteSmoke Plagiarism Checker~fides_delim~The WhiteSmoke <em>Plagiarism Checker</em> is here to help you make sure your text is unique. The Checker can detect plagiarism in your blog posts, articles, research ...~fides_delim~totalcount
plagiarism checker free~fides_delim~https://selfpublishing.com/plagiarism-checker/~fides_delim~Plagiarism Checker: Free &amp; Paid Software to Avoid Copying~fides_delim~Best <em>Free</em> Plagiarism Checkers · 1. Grammarly Business · 2. PlagiarismCheck.org · 3. Copyleaks <em>Plagiarism Checker</em>.~fides_delim~totalcount
plagiarism checker free~fides_delim~https://www.trustradius.com/plagiarism-checker~fides_delim~List of Top Plagiarism Checker Software 2023 - TrustRadius~fides_delim~<em>Plagiarism Detector</em> (plagiarismdetector.net) is a <em>free</em> online <em>plagiarism checker</em> with paid options supporting bulk checks with additional features. It is ...~fides_delim~totalcount
plagiarism checker free~fides_delim~https://plagiarismsearch.com/blog/hidden-truth-behind-free-and-cheap-plagiarism-checkers.html~fides_delim~Hidden Truth Behind Free and Cheap Plagiarism Checkers~fides_delim~A professional <em>plagiarism checker</em> cannot guarantee check for plagiarism <em>free</em> of charge as it is developed by experts and requires huge ...~fides_delim~totalcount
plagiarism checker free~fides_delim~https://www.appypie.com/plagiarism-checker~fides_delim~Free Plagiarism Checker - Appy Pie~fides_delim~It is a completely <em>free</em> online <em>plagiarism checker</em> with percentage support. The <em>plagiarism checker</em> will provide you the amount of copied text in ...~fides_delim~totalcount
plagiarism checker free~fides_delim~https://becomeawritertoday.com/best-plagiarism-checker/~fides_delim~Best Plagiarism Checker (2023): Discover Our No.1 Pick~fides_delim~You can access Grammarly for <em>free</em> and <em>check</em> your paper, Docx MS Word file, or web page for grammar errors, but you'll need to upgrade to <em>check</em> for <em>plagiarism</em>.~fides_delim~totalcount
plagiarism checker free~fides_delim~https://elearningindustry.com/top-10-free-plagiarism-detection-tools-for-teachers~fides_delim~Top 10 Free Plagiarism Detection Tools For eLearning ...~fides_delim~Top <em>Free Plagiarism</em> Detection Tools eLearning Professionals Should Have In Mind · 1. Dupli <em>Checker</em> · 2. Copyleaks · 3. PaperRater · 4. Plagiarisma.~fides_delim~totalcount
plagiarism checker free~fides_delim~https://wordpress.org/plugins/free-online-plagiarism-checker/~fides_delim~Free Online Plagiarism Checker - Plugins - WordPress.org~fides_delim~<em>Check free</em> online <em>Plagiarized</em> or Duplicate Content (Unlimited access). <em>Free</em> wordpress plugin to <em>check</em> true text (unique content) with just ...~fides_delim~totalcount
plagiarism checker free~fides_delim~https://community.canvaslms.com/t5/Canvas-Question-Forum/Free-Plagiarism-Checker/m-p/119284~fides_delim~Solved: Free Plagiarism Checker - Canvas Community~fides_delim~I've used both smallseotools' <em>plagiarism checker</em> and the one offered by grammarly. Both work really good. The one by Grammarly is somewhat more accurate than ...~fides_delim~totalcount
plagiarism checker free~fides_delim~https://www.textreverse.com/plagiarism-checker.php~fides_delim~Plagiarism Checker - (Check plagiarism) 100% free &amp; accurate~fides_delim~A <em>Plagiarism checker</em> is an online text-matching tool that detects similar or copied content in your text. It compares your content with several sources which ...~fides_delim~totalcount
plagiarism checker free~fides_delim~https://plagiarismcheckerx.com/~fides_delim~Plagiarism Checker X - Text Similarity Detector~fides_delim~Compatible with Windows 11, 10, 8, 7, and Vista. plagairism <em>checker free</em>. Students; Teachers; Writers &amp; Journalists; Digital Marketers ...~fides_delim~totalcount
plagiarism checker free~fides_delim~https://plagiarism.studyclerk.com/~fides_delim~Succeed With Our Free Plagiarism Checker For Students.~fides_delim~StudyClerk is a <em>free</em> online <em>plagiarism checker</em> originally designed for students. However, any writer or researcher who wants to ensure that their work is unique ...~fides_delim~totalcount
plagiarism checker free~fides_delim~https://www.ilovephd.com/10-free-plagiarism-checker-tool-for-thesis/~fides_delim~14 Best Free Plagiarism Checker Online - 2023 - iLovePhD~fides_delim~10 Best <em>Plagiarism</em> Checkers <em>Free</em> for Thesis, Research paper, and Assignment · 1. <em>DupliChecker</em>.com · 2. <em>Plagiarismsoftware</em>.net · 3. <em>Plagiarism</em> CheckerX · 4. PlagScan ...~fides_delim~totalcount
plagiarism checker free~fides_delim~https://plagiarism-checker-x.en.softonic.com/~fides_delim~Plagiarism Checker X - Download~fides_delim~<em>Plagiarism Checker</em> X, <em>free</em> and safe download. <em>Plagiarism Checker</em> X latest version: Instantly check if content has been copied online. <em>Plagiarism Check</em>.~fides_delim~totalcount
plagiarism checker free~fides_delim~https://www.dustball.com/cs/plagiarism.checker/~fides_delim~Plagiarism Checker - dustball.com~fides_delim~Instructions: Cut &amp; paste your student's paper or homework assignment into the box below, and click the "check" button. This <em>free plagiarism detector</em> will ...~fides_delim~totalcount
plagiarism checker free~fides_delim~https://plagiarism.tech/best-plagiarism-checker-for-research-papers/~fides_delim~Best Plagiarism Checker for Research Papers and Thesis~fides_delim~Best <em>Plagiarism Checker</em> for Research Papers and Thesis – <em>Free</em> and Paid. Share0. Tweet0. Share0. If you are writing scientific papers or academic thesis, ...~fides_delim~totalcount
plagiarism checker free~fides_delim~https://seomagnifier.com/plagiarism-changer-online~fides_delim~Plagiarism Changer Online [100% Free Plagiarism Remover]~fides_delim~This <em>plagiarism checker</em> and fixer make it easier for a user to find and remove plagiarism from any kind of content. You can rewrite web content as well as ...~fides_delim~totalcount
plagiarism checker free~fides_delim~https://creativesavantz.com/turnitin-plagiarism-checker-free/~fides_delim~Download Free Turnitin Plagiarism Checker Report 2023~fides_delim~<em>Free plagiarism checker</em> at Creative Savants will definitely admonish you about the similar content found in your document. The huge database at ...~fides_delim~totalcount
plagiarism checker free~fides_delim~https://www.makeuseof.com/best-plagiarism-checkers-google-docs/~fides_delim~The 4 Best Plagiarism Checkers for Google Docs - MakeUseOf~fides_delim~1. Plagium · 2. PlagiarismCheck.org · 3. Unicheck <em>Plagiarism Checker</em> · 4. ProWritingAid Grammar Checker and Writing Coach.~fides_delim~totalcount
plagiarism checker free~fides_delim~https://helpfulprofessor.com/best-free-plagiarism-checkers/~fides_delim~7 Best FREE Plagiarism Checkers for Students (2023)~fides_delim~1. Quetext · 2. Duplichecker · 3. <em>Plagiarism Detector</em> · 4. Small SEO Tools · 5. 1text · 6. Plagium · 7. Paper Rater ...~fides_delim~totalcount
plagiarism checker free~fides_delim~https://www.collegevine.com/questions/2905/can-anyone-recommend-a-good-and-free-plagiarism-checker-website~fides_delim~Can anyone recommend a good and free plagiarism checker ...~fides_delim~Can anyone recommend a good and <em>free plagiarism checker</em> website? I'm a rising junior writing a few essays and I wanted to fix any possible plagiarism that might ...~fides_delim~totalcount
plagiarism checker free~fides_delim~https://assignmentbro.com/plagiarism-checker~fides_delim~Online FREE Plagiarism Checker [No Ads] - AssignmentBro~fides_delim~Check your essays for uniqueness by <em>free plagiarism detector</em> at AssignmentBro. Scan for plagiarism online without ads. Our tool helps to maintain a flawless ...~fides_delim~totalcount
plagiarism checker free~fides_delim~https://www.quora.com/Which-is-the-best-free-plagiarism-checker-in-2020~fides_delim~Which is the best free plagiarism checker in 2020? - Quora~fides_delim~Turnitin: This is a widely used <em>plagiarism checker</em> that is often used by schools and universities to check for copied content in papers and assignments. It has ...~fides_delim~totalcount
plagiarism checker free~fides_delim~https://grammarlyplagiarismchecker.com/~fides_delim~Grammarly Plagiarism Checker for Free Check Plagiarism by ...~fides_delim~Grammarly <em>plagiarism free</em> uses patent-pending, advanced algorithms and context-sensitive analysis to find <em>plagiarized</em> written work and <em>check</em> if it's original.~fides_delim~totalcount
plagiarism checker free~fides_delim~https://www.paraphrasing.io/plagiarism-checker~fides_delim~Free Online Plagiarism Checker - Paraphrasing Tool~fides_delim~A <em>free</em> online tool to <em>detect plagiarized</em> content. We provide fast <em>plagiarism</em> detection for essays, thesis, research papers and academic papers with ...~fides_delim~totalcount
plagiarism checker free~fides_delim~https://pro-papers.com/plagiarism-checker~fides_delim~Plagiarism Checker - Free Service For Any Type of Paper~fides_delim~Luckily, now teachers can use safeassign <em>plagiarism checker</em> online for <em>free</em>, which detects unoriginal content in students' papers by identifying areas of ...~fides_delim~totalcount
plagiarism checker free~fides_delim~https://www.softwareadvice.com/plagiarism-checker/plagiarism-detector-profile/~fides_delim~Plagiarism Detector Software Reviews, Demo &amp; Pricing - 2023~fides_delim~<em>Plagiarism Detector</em> is a web-based tool for students, academic institutions, professional writers, and bloggers. It uses advanced scanning techniques and ...~fides_delim~totalcount
plagiarism checker free~fides_delim~https://smartseotools.org/plagiarism-checker~fides_delim~Advance Plagiarism Checker - Smart SEO Tools~fides_delim~The checker checks the article line by line so it is more accurate and easily detects any copied content. It is a <em>free</em> online <em>plagiarism checker</em> which shows ...~fides_delim~totalcount
plagiarism checker free~fides_delim~https://justpublishingadvice.com/free-plagiarism-checker/~fides_delim~The Best Free Plagiarism Checkers For Your Writing~fides_delim~The 5 Best <em>free plagiarism</em> checkers · 1. Small SEO Tools (<em>Free</em>) · 2. EduBirdie (<em>Free</em>) · 3. Search Engine Reports (<em>Free</em>) · 4. Quetext (<em>Free</em>) · 5.~fides_delim~totalcount
plagiarism checker free~fides_delim~https://neuroflash.com/blog/plagiarism-check-free/~fides_delim~Plagiarism check free online: What options do you have?~fides_delim~Duplichecker offers a <em>free plagiarism check</em> for teachers and individual users. With Duplichecker, all you have to do is paste the text into the ...~fides_delim~totalcount
plagiarism checker free~fides_delim~https://1text.com/~fides_delim~Check text for plagiarism online, efficient tool for plagiarism ...~fides_delim~The 1Text.com <em>free</em> online <em>plagiarism checker</em> will show you an exact percentage that tells you how unique your article is. Deep search and high quality.~fides_delim~totalcount
plagiarism checker free~fides_delim~https://download.cnet.com/Plagiarism-Checker-X/3000-2051_4-75628391.html~fides_delim~Plagiarism Checker X - Free download and software reviews~fides_delim~<em>Plagiarism Checker</em> X analyzes text for plagiarism by searching online for identical phrasing and other indicators of copying.~fides_delim~totalcount
plagiarism checker free~fides_delim~https://www.plagiarismremover.net/~fides_delim~Plagiarism Remover - AI-Based Plagiarism Fixer Online~fides_delim~Most of the students are searching for <em>free plagiarism</em> remover to make their assignments and research papers <em>free</em> from duplication. Students can <em>check</em> multiple ...~fides_delim~totalcount
plagiarism checker free~fides_delim~https://www.writecream.com/plagiarism-checker/~fides_delim~Free Plagiarism Checker - Writecream~fides_delim~<em>Plagiarism</em> checking is essential for all content creators to avoid <em>plagiarism</em>. They must look for copied content before submission or ...~fides_delim~totalcount
plagiarism checker free~fides_delim~https://www.sodapdf.com/blog/best-plagiarism-checkers/~fides_delim~The Best Free Plagiarism Checkers (Complete Guide)~fides_delim~A: You <em>check</em> for <em>plagiarism</em> for <em>free</em> by using a <em>free plagiarism</em> checking tool, pasting or uploading your document, and running a scan. The most popular tools ...~fides_delim~totalcount
plagiarism checker free~fides_delim~https://pltext.com/~fides_delim~Plagiarism Checker - Plagiarism Detector &amp; Remover | PLText~fides_delim~<em>Plagiarism Checker</em> is a <em>plagiarism detector</em> and remover tool. Our best <em>free plagiarism checker</em> analyses text using AI deep check to find duplicate content ...~fides_delim~totalcount
plagiarism checker free~fides_delim~https://www.coderduck.com/plagiarism-checker~fides_delim~Duplicate Content Checker Free Online Plagiarism Checker~fides_delim~Duplicate Content Checker <em>Free</em> Online <em>Plagiarism Checker</em> for Students, Teachers &amp; Article Writers. Best tool to check Unique &amp; Duplicate text from articles, ...~fides_delim~totalcount
plagiarism checker free~fides_delim~https://www.microsoft.com/en-us/p/plagiarism-checker/9nblggh0fhsz~fides_delim~Get Plagiarism Checker - Microsoft Store~fides_delim~<em>Plagiarism</em> Finder uses advanced techniques for data processing and data analysis along with the latest technology in the programming field in ...~fides_delim~totalcount
plagiarism checker free~fides_delim~https://www.plagiarism-checker.me/~fides_delim~Plagiarism Checker | Check Plagiarism with Free Plagiarism ...~fides_delim~<em>Plagiarism checker</em> scans text from ProQuest database and billions of web pages. Copyright checker <em>free</em> shows real-time and accurate results with percentage.~fides_delim~totalcount
