plagiocephaly~fides_delim~https://www.childrenshospital.org/conditions/plagiocephaly#:~:text=Plagiocephaly%20develops%20when%20an%20infant's,whose%20skulls%20are%20especially%20pliable.~fides_delim~Plagiocephaly | Boston Children&#39;s Hospital~fides_delim~Plagiocephaly <b>develops when an infant&#39;s soft skull becomes flattened in one area, due to repeated pressure on one part of the head</b>. Many babies develop plagiocephaly by sleeping regularly in one position. This condition occurs more often in premature infants whose skulls are especially pliable.~fides_delim~totalcount
plagiocephaly~fides_delim~https://www.hopkinsmedicine.org/health/conditions-and-diseases/deformational-plagiocephaly~fides_delim~Deformational Plagiocephaly - Johns Hopkins Medicine~fides_delim~Deformational, or positional, <em>plagiocephaly</em> is when a baby develops a flat spot on one side of the head or the whole back of the head.~fides_delim~totalcount
plagiocephaly~fides_delim~https://kidshealth.org/en/parents/positional-plagiocephaly.html~fides_delim~Flat Head Syndrome (Positional Plagiocephaly) - Kids Health~fides_delim~Flat head syndrome usually happens when a baby sleeps with the head turned to the same side during first months of life. This causes a flat spot, either on one ...~fides_delim~totalcount
plagiocephaly~fides_delim~https://en.wikipedia.org/wiki/Plagiocephaly~fides_delim~Plagiocephaly - Wikipedia~fides_delim~<em>Plagiocephaly</em>, also known as flat head syndrome, is a condition characterized by an asymmetrical distortion (flattening of one side) of the skull.~fides_delim~totalcount
plagiocephaly~fides_delim~https://www.chop.edu/conditions-diseases/deformational-plagiocephaly~fides_delim~Deformational Plagiocephaly~fides_delim~Deformational <em>plagiocephaly</em> refers to a flattened, misshapen or asymmetrical head caused by repeated pressure to the same area of the skull.~fides_delim~totalcount
plagiocephaly~fides_delim~https://www.cranialtech.com/plagiocephaly/what-is-plagiocephaly/~fides_delim~What is Plagiocephaly, How is it Caused and Treated~fides_delim~<em>Plagiocephaly</em> or Flat Head Syndrome, is a common condition in babies resulting in a misshaped head. Learn more about the condition and how it can be easily ...~fides_delim~totalcount
plagiocephaly~fides_delim~https://childrensnational.org/visit/conditions-and-treatments/genetic-disorders-and-birth-defects/plagiocephaly~fides_delim~Pediatric Plagiocephaly - Children&#39;s National Hospital~fides_delim~<em>Plagiocephaly</em> describes a condition in which a baby's skull is flattened on one side of the back or front of the head. <em>Plagiocephaly</em> can be congenital ...~fides_delim~totalcount
plagiocephaly~fides_delim~https://familydoctor.org/condition/plagiocephaly/~fides_delim~Plagiocephaly - familydoctor.org~fides_delim~<em>Plagiocephaly</em> is a condition where your baby's head has a flat spot or is misshapen. There are various levels of severity and can occur ...~fides_delim~totalcount
plagiocephaly~fides_delim~https://www.childrenscolorado.org/conditions-and-advice/conditions-and-symptoms/conditions/positional-plagiocephaly/~fides_delim~Plagiocephaly | Children&#39;s Hospital Colorado~fides_delim~<em>Plagiocephaly</em>, also known as positional <em>plagiocephaly</em> or deformational <em>plagiocephaly</em>, is a condition in which a specific area of a baby's head is flattened ...~fides_delim~totalcount
plagiocephaly~fides_delim~https://www.ncbi.nlm.nih.gov/books/NBK564334/~fides_delim~Plagiocephaly - StatPearls - NCBI Bookshelf~fides_delim~by AKA Unnithan · 2021 · Cited by 6 — <em>Plagiocephaly</em> is defined as an asymmetric shape of the head due to unilateral flattening. The term flathead can be used as a synonym.~fides_delim~totalcount
plagiocephaly~fides_delim~https://www.ncbi.nlm.nih.gov/pmc/articles/PMC3202394/~fides_delim~Positional plagiocephaly - PMC - NCBI~fides_delim~by C Cummings · 2011 · Cited by 39 — Cranial asymmetry occurring as a result of forces that deform skull shape in the supine position is known as deformational <em>plagiocephaly</em>.~fides_delim~totalcount
plagiocephaly~fides_delim~https://www.stanfordchildrens.org/en/service/plagiocephaly~fides_delim~Plagiocephaly - Stanford Medicine Children&#39;s Health~fides_delim~Positional <em>plagiocephaly</em> is the term used to describe asymmetric or flattened head shape, usually on one side or the back of your baby's head.~fides_delim~totalcount
plagiocephaly~fides_delim~https://www.cincinnatichildrens.org/health/p/plagiocephaly~fides_delim~Plagiocephaly | Causes &amp; Prevention~fides_delim~<em>Plagiocephaly</em> is an abnormal head shape caused by a baby being in the same position for too long. Learn about prevention and treatment.~fides_delim~totalcount
plagiocephaly~fides_delim~https://www.nationwidechildrens.org/conditions/positional-plagiocephaly-flattened-head~fides_delim~Positional Plagiocephaly (Flattened Head)~fides_delim~Positional <em>plagiocephaly</em> is a flat area on the back or on one side of your baby's head that does not go away on its own.~fides_delim~totalcount
plagiocephaly~fides_delim~https://www.childrens.com/specialties-services/conditions/plagiocephaly~fides_delim~Pediatric Plagiocephaly - Dallas - Children&#39;s Health~fides_delim~Positional or deformational <em>plagiocephaly</em> (play-GEE-oh-sef-alee) is the most common cause of an abnormal head shape.~fides_delim~totalcount
plagiocephaly~fides_delim~https://www.childrensmn.org/services/care-specialties-departments/ear-nose-throat-ent-facial-plastic-surgery/conditions-and-services/plagiocephaly/~fides_delim~Plagiocephaly Treatment | Children&#39;s Minnesota~fides_delim~<em>Plagiocephaly</em> (pley-jee-oh-'sef-uh-lee) is a term used to describe a malformation of the skull marked by an oblique slant to the head.~fides_delim~totalcount
plagiocephaly~fides_delim~https://www.healthline.com/health/parenting/flat-head-baby~fides_delim~Flat Head Baby (Plagiocephaly): Symptoms, Causes, ...~fides_delim~Flat head syndrome, or <em>plagiocephaly</em> as the condition is medically known, occurs when a flat spot develops on the back or side of a baby's head.~fides_delim~totalcount
plagiocephaly~fides_delim~https://www.massgeneral.org/children/plagiocephaly~fides_delim~Plagiocephaly: What You Need to Know~fides_delim~A flat head is most commonly caused by a baby's head being in the same position for too much time. The medical term for flat head is ...~fides_delim~totalcount
plagiocephaly~fides_delim~https://www.seattlechildrens.org/conditions/positional-plagiocephaly/~fides_delim~Positional Plagiocephaly - Seattle Children&#39;s~fides_delim~<em>Plagiocephaly</em> is a flat spot on the back or side of a baby's head. It is caused by pressure on the bones of the skull before or after birth.~fides_delim~totalcount
plagiocephaly~fides_delim~https://www.ucsfbenioffchildrens.org/conditions/positional-plagiocephaly~fides_delim~Positional Plagiocephaly | Conditions~fides_delim~Positional <em>plagiocephaly</em> is a flattened area of the head that develops when a baby stays in one position for a long time. Learn about prevention and ...~fides_delim~totalcount
plagiocephaly~fides_delim~https://www.bostonoandp.com/for-patients/plagiocephaly/~fides_delim~Plagiocephaly Information &amp; Treatment Options for Parents~fides_delim~<em>Plagiocephaly</em>, also called “flat head syndrome,” can be caused when the baby's head frequently rests in the same position on everyday surfaces such as a ...~fides_delim~totalcount
plagiocephaly~fides_delim~https://musckids.org/our-services/neurosciences/neurosurgery/plagiocephaly~fides_delim~Plagiocephaly &amp; Treatment Options | Charleston SC~fides_delim~What causes <em>plagiocephaly</em>? There are many different causes of flat spots in the developing head of an infant. Position in the womb due to limited ...~fides_delim~totalcount
plagiocephaly~fides_delim~https://my.clevelandclinic.org/health/diseases/10691-plagiocephaly-flat-head-syndrome~fides_delim~Plagiocephaly (Flat Head Syndrome) - Cleveland Clinic~fides_delim~<em>Plagiocephaly</em> (Flat Head Syndrome). Babies' skulls are soft and moldable until about 4 months of age. Placing a baby in the same position, ...~fides_delim~totalcount
plagiocephaly~fides_delim~https://www.uofmhealth.org/conditions-treatments/rehabilitation/plagiocephaly-helmets~fides_delim~Plagiocephaly Helmets (Cranial Molding Helmets)~fides_delim~University of Michigan Orthotics and Prosthetics Center offers best specialists and latest treatments for babies with flattened heads or <em>plagiocephaly</em>.~fides_delim~totalcount
plagiocephaly~fides_delim~https://www.ohsu.edu/doernbecher/plagiocephaly-flat-head-syndrome~fides_delim~Plagiocephaly (Flat Head Syndrome) - OHSU~fides_delim~If your baby needs a helmet to adjust their head shape, we will help you set up a plan and manage treatment at home. Understanding <em>plagiocephaly</em>. What is ...~fides_delim~totalcount
plagiocephaly~fides_delim~https://www.physio-pedia.com/Plagiocephaly~fides_delim~Plagiocephaly - Physiopedia~fides_delim~Deformational or positional <em>plagiocephaly</em> describes when a baby's head becomes misshapen or flattened. This occurs because babies are born with soft skull ...~fides_delim~totalcount
plagiocephaly~fides_delim~https://www.healthychildren.org/English/health-issues/conditions/Cleft-Craniofacial/Pages/Positional-Skull-Deformities-and-Torticollis.aspx~fides_delim~When a Baby&#39;s Head is Misshapen: Positional Skull Deformities~fides_delim~Deformational <em>plagiocephaly</em> is when the head is asymmetrically (unevenly) flat in the back on one side. The forehead may be more prominent, ...~fides_delim~totalcount
plagiocephaly~fides_delim~https://www.chrichmond.org/services/center-for-craniofacial-care/conditions-treated/plagiocephaly~fides_delim~Plagiocephaly | Center for Craniofacial Care~fides_delim~Sometimes a baby's head does not return to a normal shape and the baby develops a flattened spot at the back or side of the head. This condition is called ...~fides_delim~totalcount
plagiocephaly~fides_delim~https://www.contemporarypediatrics.com/view/developmental-outcomes-positional-plagiocephaly~fides_delim~Developmental outcomes of positional plagiocephaly~fides_delim~Flattening of the skull on the back or side of an infant's head-also known as positional <em>plagiocephaly</em> and/or brachycephaly (PPB)-is a ...~fides_delim~totalcount
plagiocephaly~fides_delim~https://www.chp.edu/our-services/plastic-surgery/services/deformational-plagiocephaly-and-torticollis~fides_delim~Deformational Plagiocephaly &amp; Torticollis Clinic | Children&#39;s~fides_delim~The Cleft-Craniofacial Center at UPMC Children's Hospital of Pittsburgh evaluates &amp; treats patients with congenital &amp; acquired craniofacial conditions.~fides_delim~totalcount
plagiocephaly~fides_delim~https://www.nicklauschildrens.org/medical-services/plastic-surgery/programs/positional-plagiocephaly-program~fides_delim~Children's Positional Plagiocephaly Treatment Program~fides_delim~<em>Plagiocephaly</em>, or flat head syndrome, is caused when babies are in the same position for extended time periods. Learn about treatment at Nicklaus ...~fides_delim~totalcount
plagiocephaly~fides_delim~https://www.babycenter.com/health/conditions/plagiocephaly-flat-head-syndrome_1187981~fides_delim~Plagiocephaly (flat head syndrome) - BabyCenter~fides_delim~Positional <em>plagiocephaly</em> typically develops after birth when babies spend time in a position that puts pressure on one part of the skull. Because babies spend ...~fides_delim~totalcount
plagiocephaly~fides_delim~https://www.childrensdayton.org/patients-visitors/services/neurosurgery/about-us/conditions-we-treat/positional-plagiocephaly-flat~fides_delim~positional plagiocephaly/ flat head syndrome~fides_delim~what is positional <em>plagiocephaly</em>? Positional <em>plagiocephaly</em> is flattening or molding of an infant's skull due to prolonged contact with external surfaces.~fides_delim~totalcount
plagiocephaly~fides_delim~https://www.med.unc.edu/neurosurgery/services/pedsneuro/pediatric-neurosurgery-blog/plagiocephaly/~fides_delim~Plagiocephaly | Department of Neurosurgery~fides_delim~<em>Plagiocephaly</em> (positional molding) · The most commonly encountered cosmetic abnormality of the skull. · May be associated with torticollis, or a twisting of the ...~fides_delim~totalcount
plagiocephaly~fides_delim~https://www.stlouischildrens.org/conditions-treatments/plastic-surgery/deformational-plagiocephaly-clinic~fides_delim~Deformational Plagiocephaly Clinic~fides_delim~Is your child's head misshapen? Your child could have deformational <em>plagiocephaly</em>. Learn about helmeting treatment for this condition.~fides_delim~totalcount
plagiocephaly~fides_delim~https://www.merriam-webster.com/medical/plagiocephaly~fides_delim~Plagiocephaly Definition &amp; Meaning | Merriam-Webster Medical~fides_delim~The meaning of <em>PLAGIOCEPHALY</em> is a malformation of the head marked by an oblique slant to the main axis of the skull and usually caused by closure of half of ...~fides_delim~totalcount
plagiocephaly~fides_delim~https://childrenswi.org/medical-care/plastic-surgery/craniofacial-disorder-conditions/craniofacial-anomalies/deformational-plagiocephaly~fides_delim~Deformational plagiocephaly | Children&#39;s Wisconsin~fides_delim~Surgery is usually the recommended treatment. In deformational <em>plagiocephaly</em>, there is no fusion of the skull sutures. It is a clinical diagnosis made after a ...~fides_delim~totalcount
plagiocephaly~fides_delim~https://www.lifespan.org/centers-services/cleft-and-craniofacial-center/deformational-plagiocephaly-flat-head-syndrome~fides_delim~Deformational Plagiocephaly (Flat Head Syndrome) - Lifespan~fides_delim~<em>Plagiocephaly</em>, also called flat head syndrome, is a common condition in which an infant's soft skull develops flattening on the back of the head.~fides_delim~totalcount
plagiocephaly~fides_delim~https://healthcare.utah.edu/plasticsurgery/pediatric/plagiocephaly.php~fides_delim~Flat Head Syndrome/ Plagiocephaly | University of Utah Health~fides_delim~How Do Babies Get Flat Heads (<em>Plagiocephaly</em>)?; Treatment; Find a Pediatric Plastic Surgeon. What Is Flat Head Syndrome/<em>Plagiocephaly</em>? When ...~fides_delim~totalcount
plagiocephaly~fides_delim~https://pathways.org/glossary/plagiocephaly/~fides_delim~Plagiocephaly Definition | New Parent Dictionary | Read More~fides_delim~<em>Plagiocephaly</em> occurs when infants appear to have a reshaped or flattened skull. Learn more about the condition &amp; related terms in our glossary for parents.~fides_delim~totalcount
plagiocephaly~fides_delim~https://www.maryfreebed.com/conditions/plagiocephaly/~fides_delim~Plagiocephaly - Kids - Mary Free Bed Rehabilitation Hospital~fides_delim~Deformational <em>plagiocephaly</em> is a misshaping or flattening of the head. Torticollis causes problems in the muscles that turn your baby's head. Deformational ...~fides_delim~totalcount
plagiocephaly~fides_delim~https://jamanetwork.com/journals/jamapediatrics/fullarticle/380008~fides_delim~Nonsurgical Treatment of Deformational Plagiocephaly~fides_delim~by JJ Xia · 2008 · Cited by 141 — The current treatment modalities for deformational <em>plagiocephaly</em> include observation and head repositioning, helmet therapy, surgery, or any combination. Head ...~fides_delim~totalcount
plagiocephaly~fides_delim~https://www.verywellfamily.com/positional-plagiocephaly-prevention-and-treatment-2632081~fides_delim~Positional Plagiocephaly: Definition, Symptoms, Traits ...~fides_delim~Children with <em>plagiocephaly</em> will have flattening on one side of the back of their head and, unlike craniosynostosis, they may also have a ...~fides_delim~totalcount
plagiocephaly~fides_delim~https://www.urmc.rochester.edu/childrens-hospital/craniofacial/plagiocephaly.aspx~fides_delim~Plagiocephaly - Pediatric Cleft and Craniofacial Center~fides_delim~Posterior deformational <em>plagiocephaly</em> can be corrected or improved by either helmet therapy or behavioral modification (purposeful repositioning).~fides_delim~totalcount
plagiocephaly~fides_delim~https://www.uhhospitals.org/rainbow/services/pediatric-neurosurgery/conditions-and-treatments/positional-plagiocephaly~fides_delim~Positional Plagiocephaly (Flat Head Syndrome) | Cleveland, OH~fides_delim~University Hospitals Rainbow Babies &amp; Children's Hospital offers a multidisciplinary Head Shape Clinic to evaluate, diagnose and treat children with head ...~fides_delim~totalcount
plagiocephaly~fides_delim~https://publications.aap.org/pediatrics/article/132/2/298/31413/The-Incidence-of-Positional-Plagiocephaly-A-Cohort~fides_delim~The Incidence of Positional Plagiocephaly: A Cohort Study~fides_delim~Infants with <em>plagiocephaly</em> present with unilateral occipital flattening where 1 side of the occiput is flattened, and contralateral occipital ...~fides_delim~totalcount
plagiocephaly~fides_delim~https://mhealthfairview.org/treatments/pediatric-plagiocephaly-program~fides_delim~Pediatric Plagiocephaly Program - M Health Fairview~fides_delim~<em>Plagiocephaly</em>, which affects nearly 47% of infants ages 7-12 weeks, occurs when babies develop a flattened area on the side or back of the head.~fides_delim~totalcount
plagiocephaly~fides_delim~https://craniofacialcenter.ucsf.edu/clinical/plagiocephaly~fides_delim~Plagiocephaly - UCSF Craniofacial Center~fides_delim~Positional <em>plagiocephaly</em> means asymmetric head shape — typically, flattening in one area. It is caused by pressure on the bones of the skull either before ...~fides_delim~totalcount
plagiocephaly~fides_delim~https://www.arnoldpalmerhospital.com/pediatric-specialties/pediatric-plagiocephaly-program~fides_delim~Pediatric Plagiocephaly Program~fides_delim~The Pediatric <em>Plagiocephaly</em> Program at Arnold Palmer Hospital offers expert diagnosis and treatment for your child.~fides_delim~totalcount
plagiocephaly~fides_delim~https://weillcornellbrainandspine.org/condition/deformational-plagiocephaly~fides_delim~Deformational Plagiocephaly | Brain &amp; Spine Center~fides_delim~Deformational <em>plagiocephaly</em>, also known as positional molding, is the most common cause of a misshapen skull in infants. Babies with deformational ...~fides_delim~totalcount
plagiocephaly~fides_delim~https://www.sharp.com/health-news/what-are-plagiocephaly-and-torticollis~fides_delim~What Are Plagiocephaly and Torticollis? - Sharp HealthCare~fides_delim~<em>Plagiocephaly</em> is a condition characterized by an abnormal head shape or a flattening of one side of the skull. It can occur during pregnancy ...~fides_delim~totalcount
plagiocephaly~fides_delim~https://ufhealth.org/positional-plagiocephaly~fides_delim~Positional Plagiocephaly | UF Health, University of Florida ...~fides_delim~What is positional <em>plagiocephaly</em>? When babies are born, their skulls are soft, which helps them pass through the birth canal. It can take 9 to 18 months before ...~fides_delim~totalcount
plagiocephaly~fides_delim~https://www.choosept.com/guide/physical-therapy-guide-to-head-shape-flatness-in-infants-plagiocephaly~fides_delim~Physical Therapy Guide to Flat Head Syndrome - Choose PT~fides_delim~<em>Plagiocephaly</em>, brachycephaly, and dolichocephaly (flat head syndrome) are skull deformations caused by an infant being in one position for ...~fides_delim~totalcount
plagiocephaly~fides_delim~https://academic.oup.com/pch/article/16/8/493/2639504~fides_delim~Positional plagiocephaly | Paediatrics &amp; Child Health~fides_delim~by C Cummings · 2011 · Cited by 39 — Cranial asymmetry occurring as a result of forces that deform skull shape in the supine position is known as deformational <em>plagiocephaly</em>.~fides_delim~totalcount
plagiocephaly~fides_delim~https://intermountainhealthcare.org/blogs/topics/pediatrics/2018/04/what-is-positional-plagiocephaly/~fides_delim~Does My Infant Need a Helmet? Understanding Positional ...~fides_delim~47% of infants have some sort of flat spot on their head. 1 in 10 need treatment. Understanding positional <em>plagiocephaly</em>.~fides_delim~totalcount
plagiocephaly~fides_delim~https://babybegin.com/plagiocephaly/~fides_delim~Plagiocephaly - baby begin~fides_delim~What is Infant <em>Plagiocephaly</em>? Because a newborn's skull is very malleable at birth, it is susceptible to forces placed upon it.~fides_delim~totalcount
plagiocephaly~fides_delim~https://ijponline.biomedcentral.com/articles/10.1186/s13052-021-01079-4~fides_delim~Efficacy of pediatric integrative manual therapy in positional ...~fides_delim~by I Pastor-Pons · 2021 · Cited by 6 — Positional <em>plagiocephaly</em> frequently affects healthy babies. It is hypothesized that manual therapy tailored to pediatrics is more effective ...~fides_delim~totalcount
plagiocephaly~fides_delim~https://www.kidsensetherapygroup.com/parent-tips-part-two-plagiocephaly/~fides_delim~Parent Tips Part Two: Plagiocephaly | KidSense Therapy Group~fides_delim~What is <em>Plagiocephaly</em> and how do I know if my baby has it? “<em>Plagiocephaly</em>” is a term for asymmetry of the head caused by flattening that can ...~fides_delim~totalcount
plagiocephaly~fides_delim~https://www.sciencedirect.com/topics/medicine-and-dentistry/plagiocephaly~fides_delim~Plagiocephaly - an overview | ScienceDirect Topics~fides_delim~Paul W. Flint MD, FACS, in Cummings Otolaryngology: Head and Neck Surgery, 2021. Synostotic <em>Plagiocephaly</em>. Synostotic <em>plagiocephaly</em> may be either anterior ...~fides_delim~totalcount
plagiocephaly~fides_delim~https://blog.dinopt.com/plagiocephaly-research-review/~fides_delim~Plagiocephaly in Children: Physical Therapy Treatment~fides_delim~<em>plagiocephaly</em>. In July 2013, the Journal of Pediatrics published a study entitled, “The Incidence of Positional <em>Plagiocephaly</em>”. 440 healthy full term infants ...~fides_delim~totalcount
plagiocephaly~fides_delim~https://www.dukehealth.org/pediatric-treatments/pediatric-plastic-and-reconstructive-surgery/abnormal-head-shape-and-skull-deformity~fides_delim~Plagiocephaly, Craniosynostosis, and Genetic Syndromes~fides_delim~Babies who develop an abnormal head shape should be evaluated early in infancy to determine if the cause is <em>plagiocephaly</em> -- the medical term for flat spots ...~fides_delim~totalcount
plagiocephaly~fides_delim~https://www.ynhh.org/childrens-hospital/services/Craniofacial-Oral-and-Dental/deformational-plagiocephaly~fides_delim~Deformational Plagiocephaly - Yale New Haven Hospital~fides_delim~Deformational <em>Plagiocephaly</em>. Deformational or positional <em>plagiocephaly</em> (play-gee-o-cef-a-lee) is flattening of the infant skull due to persistent pressure ...~fides_delim~totalcount
plagiocephaly~fides_delim~https://www.andresberger.com/blog/positional-plagiocephaly/~fides_delim~Positional Plagiocephaly &amp; Birth Injuries - Andres &amp; Berger, PC~fides_delim~Positional <em>plagiocephaly</em> is when your infant child's head is deformed by resting too long in one position. It doesn't usually pose serious ...~fides_delim~totalcount
plagiocephaly~fides_delim~https://www.gillettechildrens.org/conditions-care/deformational-plagiocephaly-flat-head~fides_delim~Deformational Plagiocephaly (Flat Head) - Gillette Children&#39;s~fides_delim~... head baby syndrome can be treated with an infant helmet or with surgery. Learn causes of abnormal baby head shape, also called positional <em>plagiocephaly</em>.~fides_delim~totalcount
plagiocephaly~fides_delim~https://www.youtube.com/watch?v=03cvmmFvNOk~fides_delim~Plagiocephaly and its treatment | Boston Children&#39;s Hospital~fides_delim~Learn more about <b>plagiocephaly</b>: http://www.childrenshospital.org/conditions-and-treatments/conditions/<b>plagiocephaly</b>/overviewBoston&nbsp;...~fides_delim~totalcount
plagiocephaly~fides_delim~https://stanfordhealthcare.org/medical-conditions/bones-joints-and-muscles/craniosynostosis/types/plagiocephaly.html~fides_delim~Plagiocephaly | Stanford Health Care~fides_delim~Learn more about <em>plagiocephaly</em>, the most common type of craniosynostosis, involving coronal synostosis, which causes abnormal forehead and brow growth.~fides_delim~totalcount
plagiocephaly~fides_delim~https://www.mwph.org/health-services/physical-medicine-rehabilitation/conditions/bone-joint-spine/torticollis-plagiocephaly~fides_delim~Torticollis and Plagiocephaly - Mt. Washington Pediatric Hospital~fides_delim~Torticollis and <em>plagiocephaly</em> are common disorders of head and neck positioning and head shape in which the back or one side of an infant's head is ...~fides_delim~totalcount
plagiocephaly~fides_delim~https://carolinakinderdevelopment.com/plagiocephaly-flat-head-syndrome/~fides_delim~Plagiocephaly - Charlotte - Carolina Kinder Development~fides_delim~<em>PLAGIOCEPHALY</em>. <em>Plagiocephaly</em> or sometimes called flat head syndrome, is a condition where the head is asymmetrical and flattened on one side more than the ...~fides_delim~totalcount
plagiocephaly~fides_delim~https://health.ucdavis.edu/pediatrics/boyd-genetics-lab/plagioclinic.html~fides_delim~Plagiocephaly Clinic - UC Davis Health~fides_delim~The <em>Plagiocephaly</em> Clinic, part of the UC Davis Cleft and Craniofacial Reconstruction Program, is a multidisciplinary clinic where children with skull ...~fides_delim~totalcount
plagiocephaly~fides_delim~https://njcraniofacialcenter.com/treatments/plagiocephaly-head-shape/~fides_delim~Adults Plagiocephaly Treatment | Flat Head Helmet for Babies :~fides_delim~The NJ craniofacial center is the best place to go for treatment of <em>plagiocephaly</em> in adults, mild <em>plagiocephaly</em>, infant or newborn flat head, and baby flat ...~fides_delim~totalcount
plagiocephaly~fides_delim~https://pediatricneurosurgery.org/diagnosis/positional-plagiocephaly~fides_delim~What Is Positional Plagiocephaly? Prevention &amp; Correction~fides_delim~Understanding Positional <em>Plagiocephaly</em> and the best ways to prevent or correct it once it has been diagnosed. Learn if your child needs to wear a helmet.~fides_delim~totalcount
plagiocephaly~fides_delim~https://www.statpearls.com/ArticleLibrary/viewarticle/126820~fides_delim~Plagiocephaly Article - StatPearls~fides_delim~In deformational <em>plagiocephaly</em>, the CT shows a patent lambdoid suture, and the frontal bossing is ipsilateral, as opposed to lambdoid synostosis ...~fides_delim~totalcount
plagiocephaly~fides_delim~https://cranialtherapycenters.com/plagiocephaly/~fides_delim~What is Plagiocephaly? Is The Back of Your Baby&#39;s Head Flat?~fides_delim~<em>Plagiocephaly</em> include head shapes that are flat on one side (<em>plagiocephaly</em>), long and narrow (scaphocephaly), and wide &amp; flat back of head (brachycephaly).~fides_delim~totalcount
plagiocephaly~fides_delim~https://phoenixchildrens.staywellsolutionsonline.com/Search/90,P01834~fides_delim~Flat Head Syndrome (Deformational Plagiocephaly)~fides_delim~Flat head syndrome (deformational <em>plagiocephaly</em>) is when a baby's head develops a lasting flat spot. The flat spot may be either on one side of the head or ...~fides_delim~totalcount
plagiocephaly~fides_delim~https://lluh.org/conditions/deformational-plagiocephaly~fides_delim~Deformational Plagiocephaly | Loma Linda University Health~fides_delim~Flat head syndrome (deformational <em>plagiocephaly</em>) is when a baby's head develops a lasting flat spot. The flat spot may be either on one side of the head or ...~fides_delim~totalcount
plagiocephaly~fides_delim~https://www.jpedhc.org/article/S0891-5245(11)00366-X/abstract~fides_delim~Evidence-Based Care of the Child With Deformational ...~fides_delim~by ABK Flannery · 2012 · Cited by 92 — Non-synostotic deformational <em>plagiocephaly</em> (DP) is a common condition that affects as many as one in five infants in the first 2 months of life.~fides_delim~totalcount
plagiocephaly~fides_delim~https://flcranio.com/plagiocephaly/~fides_delim~Plagiocephaly - Florida Craniofacial Institute~fides_delim~<em>Plagiocephaly</em>. It is common for babies to have flat spots on the skull due to preferred sleeping positions, intrauterine positioning, or due to torticollis.~fides_delim~totalcount
plagiocephaly~fides_delim~https://www.goodrx.com/health-topic/parenthood-pregnancy/ways-to-prevent-flat-head-syndrome~fides_delim~What Are The Best Ways To Prevent Flat Head (Plagiocephaly)?~fides_delim~Babies with moderate head flattening may need more physical or helmet therapy treatment. A portrait of a smiling baby with a <em>plagiocephaly</em> ...~fides_delim~totalcount
plagiocephaly~fides_delim~https://www.mottchildren.org/conditions-treatments/pediatric-craniofacial-anomalies/positional-head-deformities~fides_delim~Positional Head Deformities | CS Mott Children&#39;s Hospital~fides_delim~Also referred to as positional <em>plagiocephaly</em> or flattened head syndrome, this can occur when a baby sleeps in the same position repeatedly or because of ...~fides_delim~totalcount
plagiocephaly~fides_delim~https://www.childrensaterlanger.org/childrens-hospital/conditions/positional-plagiocephaly~fides_delim~Positional Plagiocephaly - Children&#39;s Hospital at Erlanger~fides_delim~Positional <em>Plagiocephaly</em> (PLAY-gee-oh-SEF-uh-lee) is a flat spot on the back or side of a baby's head. It is caused by pressure on the bones of the skull ...~fides_delim~totalcount
plagiocephaly~fides_delim~https://www.mercy.net/practice/mercy-clinic-kids-plastic-surgery/positional-plagiocephaly/~fides_delim~Positional Plagiocephaly - Mercy~fides_delim~Positional <em>plagiocephaly</em> is the most common cause of abnormal skull shape in infants. Causes of Positional <em>Plagiocephaly</em>. It's likely that the flattening in the ...~fides_delim~totalcount
plagiocephaly~fides_delim~https://www.akronchildrens.org/departments/Deformational-Plagiocephaly-Clinic.html~fides_delim~Deformational Plagiocephaly Clinic - Akron Children&#39;s Hospital~fides_delim~This comprehensive clinic provides care for children who have an asymmetrical or uneven head shape known as deformational or positional <em>plagiocephaly</em>.~fides_delim~totalcount
plagiocephaly~fides_delim~https://www.kennedykrieger.org/patient-care/conditions/plagiocephaly-flat-head-syndrome~fides_delim~Plagiocephaly (Flat Head Syndrome) - Kennedy Krieger Institute~fides_delim~<em>Plagiocephaly</em>, or flat head syndrome, is a very common and very treatable disorder that causes a baby's head to have a flattened appearance.~fides_delim~totalcount
plagiocephaly~fides_delim~https://www.abclawcenters.com/what-is-plagiocephaly/~fides_delim~What Is Flat Head Syndrome (Positional Plagiocephaly)?~fides_delim~Babies are vulnerable to <em>plagiocephaly</em> because their skulls are soft and malleable at birth. Flattening can occur when there is crowding in the womb or when the ...~fides_delim~totalcount
plagiocephaly~fides_delim~https://radiopaedia.org/articles/positional-plagiocephaly?lang=us~fides_delim~Positional plagiocephaly | Radiology Reference Article~fides_delim~Positional <em>plagiocephaly</em>, also known as deformational <em>plagiocephaly</em>, refers to a calvarial deformation that results from external pressure ...~fides_delim~totalcount
plagiocephaly~fides_delim~https://healthy.kaiserpermanente.org/health-wellness/health-encyclopedia/he.positional-plagiocephaly-flattened-head.abo1675~fides_delim~Positional Plagiocephaly (Flattened Head) - Kaiser Permanente~fides_delim~The condition is also called positional <em>plagiocephaly</em>. Flat head syndrome doesn't hurt your baby. And in most children it goes away on its own when the ...~fides_delim~totalcount
plagiocephaly~fides_delim~https://www.northfieldhospital.org/plagiocephaly-flat-head-syndrome~fides_delim~Plagiocephaly / Flat Head Syndrome - Northfield Hospital~fides_delim~<em>Plagiocephaly</em> can occur when babies sleep or spend time during the day with their heads in the same position. The neck muscles of young babies are weak, and ...~fides_delim~totalcount
plagiocephaly~fides_delim~https://www.kyplastics.com/pediatric/common-procedures/plagiocephaly/~fides_delim~Plagiocephaly - Kentucky Center for Cosmetic ...~fides_delim~<em>Plagiocephaly</em> is a condition in which the head of an infant becomes misshapen. This usually occurs on one side of the back of the head (posterior <em>plagiocephaly</em>) ...~fides_delim~totalcount
plagiocephaly~fides_delim~https://www.plagiocefalia.com/en/plagiocephaly-in-adults-how-to-treat-it/~fides_delim~Plagiocephaly in adults: How to treat it? - Plagiocefalia~fides_delim~That's a special helmet for <em>plagiocephaly</em> in babies. But what if you've reached adulthood and you have a flat spot on your head, because you were born at a time ...~fides_delim~totalcount
plagiocephaly~fides_delim~https://www.chnola.org/services/plastic-reconstructive-surgery/plagiocephaly-clinic/~fides_delim~Plagiocephaly Clinic | Children&#39;s Hospital New Orleans~fides_delim~In our multidisciplinary <em>plagiocephaly</em> clinic, experts in the Plastic and Reconstructive Surgery and Neurosurgery Departments work together in the diagnosis and ...~fides_delim~totalcount
plagiocephaly~fides_delim~https://www.barrowneuro.org/for-physicians-researchers/education/grand-rounds-publications-media/barrow-quarterly/volume-17-no-4-2001/diagnosis-management-deformational-plagiocephaly/~fides_delim~Diagnosis and Management of Deformational Plagiocephaly~fides_delim~Deformational <em>plagiocephaly</em> is not a life-threatening disorder, but steps can and should be taken in early infancy to avoid deformation of the skull and ...~fides_delim~totalcount
plagiocephaly~fides_delim~https://www.cappskids.org/deformational-plagiocephaly/~fides_delim~Deformational Plagiocephaly - CAPPSKids~fides_delim~Positional or Deformational <em>Plagiocephaly</em> is a flat spot on the back or side of a baby's head. The condition can be mild to severe and may cause asymmetry ...~fides_delim~totalcount
plagiocephaly~fides_delim~https://www.uvpediatrics.com/topics/infant-torticollis-and-plagiocephaly/~fides_delim~Infant Torticollis and Plagiocephaly - Utah Valley Pediatrics~fides_delim~<em>Plagiocephaly</em> and torticollis are both very treatable with early and consistent physical therapy. Learn more about these conditions and ...~fides_delim~totalcount
plagiocephaly~fides_delim~https://www.aafp.org/pubs/afp/issues/2003/0501/p1953.html~fides_delim~Diagnosis and Management of Positional Head Deformity~fides_delim~by WS BIGGS · 2003 · Cited by 121 — In children with positional head deformity (posterior <em>plagiocephaly</em>), the occiput is flattened with corresponding facial asymmetry.~fides_delim~totalcount
plagiocephaly~fides_delim~https://www.wolterskluwer.com/en/news/what-s-the-best-treatment-for-positional-plagiocephaly-in-infants-cns-publishes-new-guidelines-in-neurosurgery~fides_delim~The Best Treatment for Positional Plagiocephaly in Infants~fides_delim~Repositioning is an effective treatment for deformational <em>plagiocephaly</em>. However, available studies suggest that repositioning is inferior to ...~fides_delim~totalcount
plagiocephaly~fides_delim~https://www.triumphtherapeutics.com/plagiocephaly/~fides_delim~Plagiocephaly - Triumph Therapeutics - Speech Therapy ...~fides_delim~Congenital <em>plagiocephaly</em>: this is caused by the closing of the coronal suture on top of a baby's head. The skull consists of several pieces of ...~fides_delim~totalcount
plagiocephaly~fides_delim~https://www.drugs.com/cg/plagiocephaly.html~fides_delim~Plagiocephaly - What You Need to Know - Drugs.com~fides_delim~<em>Plagiocephaly</em>, or flat head syndrome, is a common condition that causes a flat spot to develop on your baby's head. <em>Plagiocephaly</em> is not ...~fides_delim~totalcount
plagiocephaly~fides_delim~https://www.whattoexpect.com/first-year/health/plagiocephaly-flat-head-syndrome/~fides_delim~Flat Head Syndrome (Plagiocephaly) in Babies - What to Expect~fides_delim~What's the treatment for a flat head baby? What causes baby flat head syndrome? Can you prevent <em>plagiocephaly</em>?~fides_delim~totalcount
plagiocephaly~fides_delim~https://www.mayoclinic.org/healthy-lifestyle/infant-and-toddler-health/in-depth/healthy-baby/art-20045964~fides_delim~Baby&#39;s head shape: Cause for concern? - Mayo Clinic~fides_delim~How is an uneven head shape treated? Your child's health care provider will do a physical exam. If your baby is diagnosed with positional <em>plagiocephaly</em>, changes ...~fides_delim~totalcount
plagiocephaly~fides_delim~https://www.chla.org/blog/rehab-therapies-and-audiology/does-your-baby-have-plagiocephaly~fides_delim~Does Your Baby Have Plagiocephaly?~fides_delim~<em>Plagiocephaly</em>, also referred to as deformational or positional <em>plagiocephaly</em>, is a common condition characterized by a flat spot on your baby's ...~fides_delim~totalcount
